make: Entering directory '/home/soooarr/chipyard/fpga'
Running with RISCV=/home/soooarr/chipyard/.conda-env/riscv-tools
echo "Checking all submodules in generators/ are initialized. Uninitialized submodules will be displayed" ; ! git submodule status /home/soooarr/chipyard/generators | grep ^-
Checking all submodules in generators/ are initialized. Uninitialized submodules will be displayed
mkdir -p /home/soooarr/chipyard/.classpath_cache/
cd /home/soooarr/chipyard && java -jar /home/soooarr/chipyard/scripts/sbt-launch.jar -Dsbt.ivy.home=/home/soooarr/chipyard/.ivy2 -Dsbt.global.base=/home/soooarr/chipyard/.sbt -Dsbt.boot.directory=/home/soooarr/chipyard/.sbt/boot/ -Dsbt.color=always -Dsbt.supershell=false -Dsbt.server.forcestart=true ";project chipyard_fpga; set assembly / assemblyOutputPath := file(\"/home/soooarr/chipyard/.classpath_cache/chipyard_fpga.jar\"); assembly" && touch /home/soooarr/chipyard/.classpath_cache/chipyard_fpga.jar
Picked up JAVA_TOOL_OPTIONS: -Xmx8G -Xss8M -Djava.io.tmpdir=/home/soooarr/chipyard/.java_tmp
[0m[[0m[0minfo[0m] [0m[0mwelcome to sbt 1.8.2 (Ubuntu Java 17.0.15)[0m
[0m[[0m[0minfo[0m] [0m[0mloading settings for project chipyard-build from plugins.sbt ...[0m
[0m[[0m[0minfo[0m] [0m[0mloading project definition from /home/soooarr/chipyard/project[0m
[0m[[0m[0minfo[0m] [0m[0mloading settings for project chipyardRoot from build.sbt ...[0m
[0m[[0m[0minfo[0m] [0m[0mloading settings for project midasTargetUtils from build.sbt ...[0m
[0m[[0m[0minfo[0m] [0m[0mloading settings for project testchipip from build.sbt ...[0m
[0m[[0m[0minfo[0m] [0m[0mloading settings for project barf from build.sbt ...[0m
[0m[[0m[0minfo[0m] [0m[0mloading settings for project constellation from build.sbt ...[0m
[0m[[0m[0minfo[0m] [0m[0mloading settings for project icenet from build.sbt ...[0m
[0m[[0m[0minfo[0m] [0m[0mloading settings for project cva6 from build.sbt ...[0m
[0m[[0m[0minfo[0m] [0m[0mloading settings for project ibex from build.sbt ...[0m
[0m[[0m[0minfo[0m] [0m[0mloading settings for project sodor from build.sbt ...[0m
[0m[[0m[0minfo[0m] [0m[0mloading settings for project midas from build.sbt ...[0m
[0m[[0m[0minfo[0m] [0m[0mresolving key references (40801 settings) ...[0m
[0m[[0m[0minfo[0m] [0m[0mset current project to chipyardRoot (in build file:/home/soooarr/chipyard/)[0m
[0m[[0m[0minfo[0m] [0m[0mset current project to chipyard_fpga (in build file:/home/soooarr/chipyard/)[0m
[0m[[0m[0minfo[0m] [0m[0mDefining assembly / assemblyOutputPath[0m
[0m[[0m[0minfo[0m] [0m[0mThe new value will be used by assembly[0m
[0m[[0m[0minfo[0m] [0m[0mReapplying settings...[0m
[0m[[0m[0minfo[0m] [0m[0mset current project to chipyard_fpga (in build file:/home/soooarr/chipyard/)[0m
Warning: Tried to extract the base path for relative glob tools/stage/src/main/scala/**/*.{java,scala}. To disable this warning, re-run the program with java option, -Dsbt.io.implicit.relative.glob.conversion=allow
Warning: Tried to extract the base path for relative glob tools/stage/src/main/scala/**/*.{java,scala}. To disable this warning, re-run the program with java option, -Dsbt.io.implicit.relative.glob.conversion=allow
[0m[[0m[33mwarn[0m] [0m[0mmultiple main classes detected: run 'show discoveredMainClasses' to see the list[0m
[0m[[0m[0minfo[0m] [0m[0mcompiling 1 Scala source to /home/soooarr/chipyard/fpga/target/scala-2.13/classes ...[0m
[0m[[0m[0minfo[0m] [0m[0mdone compiling[0m
[0m[[0m[0minfo[0m] [0m[0m45 file(s) merged using strategy 'Rename' (Run the task at debug level to see the details)[0m
[0m[[0m[0minfo[0m] [0m[0m68 file(s) merged using strategy 'Rename (Custom)' (Run the task at debug level to see the details)[0m
[0m[[0m[0minfo[0m] [0m[0m387 file(s) merged using strategy 'Discard' (Run the task at debug level to see the details)[0m
[0m[[0m[0minfo[0m] [0m[0mBuilt: /home/soooarr/chipyard/.classpath_cache/chipyard_fpga.jar[0m
[0m[[0m[0minfo[0m] [0m[0mJar hash: 0137c84b6df473ca8cb1155b7959ac8c87ddd445[0m
[0m[[0m[32msuccess[0m] [0m[0mTotal time: 25 s, completed Jun 9, 2026, 5:47:00 PM[0m
[0Jmkdir -p /home/soooarr/chipyard/fpga/generated-src/chipyard.fpga.nexysvideo.NexysVideoHarness.RadarAXIMMIOXradarRoCCNexysVideo75MHzConfig
(set -o pipefail && 	cd /home/soooarr/chipyard && java -cp /home/soooarr/chipyard/.classpath_cache/chipyard_fpga.jar chipyard.Generator  --target-dir /home/soooarr/chipyard/fpga/generated-src/chipyard.fpga.nexysvideo.NexysVideoHarness.RadarAXIMMIOXradarRoCCNexysVideo75MHzConfig --name chipyard.fpga.nexysvideo.NexysVideoHarness.RadarAXIMMIOXradarRoCCNexysVideo75MHzConfig --top-module chipyard.fpga.nexysvideo.NexysVideoHarness --legacy-configs chipyard.fpga.nexysvideo:RadarAXIMMIOXradarRoCCNexysVideo75MHzConfig   | tee /home/soooarr/chipyard/fpga/generated-src/chipyard.fpga.nexysvideo.NexysVideoHarness.RadarAXIMMIOXradarRoCCNexysVideo75MHzConfig/chipyard.fpga.nexysvideo.NexysVideoHarness.RadarAXIMMIOXradarRoCCNexysVideo75MHzConfig.chisel.log)
Picked up JAVA_TOOL_OPTIONS: -Xmx8G -Xss8M -Djava.io.tmpdir=/home/soooarr/chipyard/.java_tmp
NexysVideo FPGA Base Clock Freq: 75.0 MHz
mem AXI4-ID <= TL-Source mapping:
	[ 0, 16) <= [ 0, 16) "chip_ddr"

Interrupt map (1 harts 0 interrupts):

<stdin>:53.18-58.5: Warning (simple_bus_reg): /soc/cbus_clock: missing or empty reg/ranges property
<stdin>:73.18-78.5: Warning (simple_bus_reg): /soc/fbus_clock: missing or empty reg/ranges property
<stdin>:89.19-94.5: Warning (simple_bus_reg): /soc/mbus_clock: missing or empty reg/ranges property
<stdin>:101.18-106.5: Warning (simple_bus_reg): /soc/pbus_clock: missing or empty reg/ranges property
<stdin>:112.18-117.5: Warning (simple_bus_reg): /soc/sbus_clock: missing or empty reg/ranges property
Clock sbus_0: using diplomatically specified frequency of 75.0.
Clock pbus_0: using diplomatically specified frequency of 75.0.
Clock fbus_0: using diplomatically specified frequency of 75.0.
Clock mbus_0: using diplomatically specified frequency of 75.0.
Clock cbus_0: using diplomatically specified frequency of 75.0.
/dts-v1/;

/ {
	#address-cells = <2>;
	#size-cells = <2>;
	compatible = "ucb-bar,chipyard-dev";
	model = "ucb-bar,chipyard";
	L2: cpus {
		#address-cells = <1>;
		#size-cells = <0>;
		timebase-frequency = <75000>;
		L13: cpu@0 {
			clock-frequency = <0>;
			compatible = "sifive,rocket0", "riscv";
			d-cache-block-size = <64>;
			d-cache-sets = <64>;
			d-cache-size = <4096>;
			device_type = "cpu";
			hardware-exec-breakpoint-count = <1>;
			i-cache-block-size = <64>;
			i-cache-sets = <64>;
			i-cache-size = <4096>;
			next-level-cache = <&L17>;
			reg = <0x0>;
			riscv,isa = "rv64imaczicsr_zifencei_zihpm_xrocket";
			riscv,pmpgranularity = <4>;
			riscv,pmpregions = <8>;
			status = "okay";
			timebase-frequency = <75000>;
			L11: interrupt-controller {
				#interrupt-cells = <1>;
				compatible = "riscv,cpu-intc";
				interrupt-controller;
			};
		};
	};
	L24: htif {
		compatible = "ucb,htif0";
	};
	L17: memory@80000000 {
		device_type = "memory";
		reg = <0x0 0x80000000 0x0 0x20000000>;
	};
	L1: soc {
		#address-cells = <2>;
		#size-cells = <2>;
		compatible = "ucb-bar,chipyard-soc", "simple-bus";
		ranges;
		L21: boot-address-reg@1000 {
			reg = <0x0 0x1000 0x0 0x1000>;
			reg-names = "control";
		};
		L8: cbus_clock {
			#clock-cells = <0>;
			clock-frequency = <75000000>;
			clock-output-names = "cbus_clock";
			compatible = "fixed-clock";
		};
		L14: clint@2000000 {
			compatible = "riscv,clint0";
			interrupts-extended = <&L11 3 &L11 7>;
			reg = <0x0 0x2000000 0x0 0x10000>;
			reg-names = "control";
		};
		L22: clock-gater@100000 {
			reg = <0x0 0x100000 0x0 0x1000>;
			reg-names = "control";
		};
		L9: error-device@3000 {
			compatible = "sifive,error0";
			reg = <0x0 0x3000 0x0 0x1000>;
		};
		L7: fbus_clock {
			#clock-cells = <0>;
			clock-frequency = <75000000>;
			clock-output-names = "fbus_clock";
			compatible = "fixed-clock";
		};
		L15: interrupt-controller@c000000 {
			#interrupt-cells = <1>;
			compatible = "riscv,plic0";
			interrupt-controller;
			interrupts-extended = <&L11 11>;
			reg = <0x0 0xc000000 0x0 0x4000000>;
			reg-names = "control";
			riscv,max-priority = <0>;
			riscv,ndev = <0>;
		};
		L10: mbus_clock {
			#clock-cells = <0>;
			clock-frequency = <75000000>;
			clock-output-names = "mbus_clock";
			compatible = "fixed-clock";
		};
		L19: mmio-port-axi4@60000000 {
			#address-cells = <1>;
			#size-cells = <1>;
			compatible = "simple-bus";
			ranges = <0x60000000 0x0 0x60000000 0x10000>;
		};
		L6: pbus_clock {
			#clock-cells = <0>;
			clock-frequency = <75000000>;
			clock-output-names = "pbus_clock";
			compatible = "fixed-clock";
		};
		L20: rom@10000 {
			compatible = "sifive,rom0";
			reg = <0x0 0x10000 0x0 0x10000>;
			reg-names = "mem";
		};
		L5: sbus_clock {
			#clock-cells = <0>;
			clock-frequency = <75000000>;
			clock-output-names = "sbus_clock";
			compatible = "fixed-clock";
		};
		L23: tile-reset-setter@110000 {
			reg = <0x0 0x110000 0x0 0x1000>;
			reg-names = "control";
		};
	};
};

Generated Address Map
	      1000 -       2000 ARW   boot-address-reg@1000
	      3000 -       4000 ARWX  error-device@3000
	     10000 -      20000  R X  rom@10000
	    100000 -     101000 ARW   clock-gater@100000
	    110000 -     111000 ARW   tile-reset-setter@110000
	   2000000 -    2010000 ARW   clint@2000000
	   c000000 -   10000000 ARW   interrupt-controller@c000000
	  60000000 -   60010000  RWX  mmio-port-axi4@60000000
	  80000000 -   a0000000  RWXC memory@80000000

Address map described by DTS differs from physical implementation:
	exists, but undescribed by DTS: AddressRange(0x1080000000, 0x20000000)

IOCells generated by IOBinders:
  IOBinder for interface testchipip.boot.CanHavePeripheryCustomBootPin generated:
    1 X GenericDigitalInIOCell
  IOBinder for interface chipyard.clocking.CanHaveClockTap generated:
    1 X GenericDigitalOutIOCell
  IOBinder for interface testchipip.serdes.CanHavePeripheryTLSerial generated:
    35 X GenericDigitalInIOCell
    34 X GenericDigitalOutIOCell

  Total generated 71 IOCells:
    36 X GenericDigitalInIOCell
    35 X GenericDigitalOutIOCell
Harness binder clock is 75.0
[warn] generators/rocket-chip/src/main/scala/rocket/ICache.scala 508:25: [W002] Dynamic index with width 7 is too large for extractee of width 64
[warn]     val s1_vb = vb_array(Cat(i.U, s1_idx).pad(log2Ceil(nSets*nWays))) && !s1_slaveValid
[warn]                         ^
[warn] generators/rocket-chip/src/main/scala/devices/tilelink/Plic.scala 301:51: [W002] Dynamic index with width 1 is too large for extractee of width 1
[warn]             completer(i) := valid && enableVec0(i)(completerDev)
[warn]                                                   ^
[warn] generators/testchipip/src/main/scala/serdes/TLSerdes.scala 85:9: [W008] Return values of asTypeOf will soon be read-only
[warn]       c <> b.io.protocol
[warn]         ^
[warn] There were 3 warning(s) during hardware elaboration.
echo "$mfc_extra_anno_contents" > /home/soooarr/chipyard/fpga/generated-src/chipyard.fpga.nexysvideo.NexysVideoHarness.RadarAXIMMIOXradarRoCCNexysVideo75MHzConfig/chipyard.fpga.nexysvideo.NexysVideoHarness.RadarAXIMMIOXradarRoCCNexysVideo75MHzConfig.extrafirtool.anno.json
jq -s '[.[][]]' /home/soooarr/chipyard/fpga/generated-src/chipyard.fpga.nexysvideo.NexysVideoHarness.RadarAXIMMIOXradarRoCCNexysVideo75MHzConfig/chipyard.fpga.nexysvideo.NexysVideoHarness.RadarAXIMMIOXradarRoCCNexysVideo75MHzConfig.anno.json /home/soooarr/chipyard/fpga/generated-src/chipyard.fpga.nexysvideo.NexysVideoHarness.RadarAXIMMIOXradarRoCCNexysVideo75MHzConfig/chipyard.fpga.nexysvideo.NexysVideoHarness.RadarAXIMMIOXradarRoCCNexysVideo75MHzConfig.extrafirtool.anno.json > /home/soooarr/chipyard/fpga/generated-src/chipyard.fpga.nexysvideo.NexysVideoHarness.RadarAXIMMIOXradarRoCCNexysVideo75MHzConfig/chipyard.fpga.nexysvideo.NexysVideoHarness.RadarAXIMMIOXradarRoCCNexysVideo75MHzConfig.appended.anno.json
rm -rf /home/soooarr/chipyard/fpga/generated-src/chipyard.fpga.nexysvideo.NexysVideoHarness.RadarAXIMMIOXradarRoCCNexysVideo75MHzConfig/gen-collateral
(set -o pipefail && firtool \
	--format=fir \
	--export-module-hierarchy \
	--verify-each=true \
	--warn-on-unprocessed-annotations \
	--disable-annotation-classless \
	--disable-annotation-unknown \
	--mlir-timing \
	--lowering-options=emittedLineLength=2048,noAlwaysComb,disallowLocalVariables,verifLabels,disallowPortDeclSharing,locationInfoStyle=wrapInAtSquareBracket \
	--repl-seq-mem \
	--repl-seq-mem-file=/home/soooarr/chipyard/fpga/generated-src/chipyard.fpga.nexysvideo.NexysVideoHarness.RadarAXIMMIOXradarRoCCNexysVideo75MHzConfig/chipyard.fpga.nexysvideo.NexysVideoHarness.RadarAXIMMIOXradarRoCCNexysVideo75MHzConfig.mems.conf \
	--annotation-file=/home/soooarr/chipyard/fpga/generated-src/chipyard.fpga.nexysvideo.NexysVideoHarness.RadarAXIMMIOXradarRoCCNexysVideo75MHzConfig/chipyard.fpga.nexysvideo.NexysVideoHarness.RadarAXIMMIOXradarRoCCNexysVideo75MHzConfig.appended.anno.json \
	--split-verilog \
	-o /home/soooarr/chipyard/fpga/generated-src/chipyard.fpga.nexysvideo.NexysVideoHarness.RadarAXIMMIOXradarRoCCNexysVideo75MHzConfig/gen-collateral \
	/home/soooarr/chipyard/fpga/generated-src/chipyard.fpga.nexysvideo.NexysVideoHarness.RadarAXIMMIOXradarRoCCNexysVideo75MHzConfig/chipyard.fpga.nexysvideo.NexysVideoHarness.RadarAXIMMIOXradarRoCCNexysVideo75MHzConfig.fir |& tee /home/soooarr/chipyard/fpga/generated-src/chipyard.fpga.nexysvideo.NexysVideoHarness.RadarAXIMMIOXradarRoCCNexysVideo75MHzConfig/chipyard.fpga.nexysvideo.NexysVideoHarness.RadarAXIMMIOXradarRoCCNexysVideo75MHzConfig.firtool.log)
generators/rocket-chip/src/main/scala/tilelink/ToAXI4.scala:103:9: warning: module contains 32 printf-encoded verification operation(s), which are deprecated and will be removed in the future
generators/rocket-chip/src/main/scala/tilelink/ToAXI4.scala:280:16: note: example printf here, will just be a printf in the future
generators/rocket-chip/src/main/scala/tilelink/ToAXI4.scala:103:9: note: For more information, see https://github.com/llvm/circt/issues/6970
generators/rocket-chip/src/main/scala/amba/axi4/Deinterleaver.scala:48:9: warning: module contains 16 printf-encoded verification operation(s), which are deprecated and will be removed in the future
generators/rocket-chip/src/main/scala/amba/axi4/Deinterleaver.scala:104:20: note: example printf here, will just be a printf in the future
generators/rocket-chip/src/main/scala/amba/axi4/Deinterleaver.scala:48:9: note: For more information, see https://github.com/llvm/circt/issues/6970
generators/rocket-chip/src/main/scala/amba/axi4/UserYanker.scala:36:9: warning: module contains 2 printf-encoded verification operation(s), which are deprecated and will be removed in the future
generators/rocket-chip/src/main/scala/amba/axi4/UserYanker.scala:69:14: note: example printf here, will just be a printf in the future
generators/rocket-chip/src/main/scala/amba/axi4/UserYanker.scala:36:9: note: For more information, see https://github.com/llvm/circt/issues/6970
generators/rocket-chip/src/main/scala/amba/axi4/Xbar.scala:60:9: warning: module contains 18 printf-encoded verification operation(s), which are deprecated and will be removed in the future
generators/rocket-chip/src/main/scala/tilelink/Arbiter.scala:22:12: note: example printf here, will just be a printf in the future
generators/rocket-chip/src/main/scala/amba/axi4/Xbar.scala:60:9: note: For more information, see https://github.com/llvm/circt/issues/6970
generators/rocket-chip/src/main/scala/tilelink/Xbar.scala:74:9: warning: module contains 18 printf-encoded verification operation(s), which are deprecated and will be removed in the future
generators/rocket-chip/src/main/scala/tilelink/Arbiter.scala:22:12: note: example printf here, will just be a printf in the future
generators/rocket-chip/src/main/scala/tilelink/Xbar.scala:74:9: note: For more information, see https://github.com/llvm/circt/issues/6970
generators/rocket-chip/src/main/scala/tilelink/RegionReplication.scala:45:9: warning: module contains 1 printf-encoded verification operation(s), which are deprecated and will be removed in the future
generators/rocket-chip/src/main/scala/tilelink/RegionReplication.scala:54:14: note: example printf here, will just be a printf in the future
generators/rocket-chip/src/main/scala/tilelink/RegionReplication.scala:45:9: note: For more information, see https://github.com/llvm/circt/issues/6970
generators/rocket-chip/src/main/scala/amba/axi4/UserYanker.scala:36:9: warning: module contains 2 printf-encoded verification operation(s), which are deprecated and will be removed in the future
generators/rocket-chip/src/main/scala/amba/axi4/UserYanker.scala:69:14: note: example printf here, will just be a printf in the future
generators/rocket-chip/src/main/scala/amba/axi4/UserYanker.scala:36:9: note: For more information, see https://github.com/llvm/circt/issues/6970
generators/rocket-chip/src/main/scala/amba/axi4/Deinterleaver.scala:48:9: warning: module contains 32 printf-encoded verification operation(s), which are deprecated and will be removed in the future
generators/rocket-chip/src/main/scala/amba/axi4/Deinterleaver.scala:104:20: note: example printf here, will just be a printf in the future
generators/rocket-chip/src/main/scala/amba/axi4/Deinterleaver.scala:48:9: note: For more information, see https://github.com/llvm/circt/issues/6970
generators/rocket-chip/src/main/scala/tilelink/ToAXI4.scala:103:9: warning: module contains 40 printf-encoded verification operation(s), which are deprecated and will be removed in the future
generators/rocket-chip/src/main/scala/tilelink/ToAXI4.scala:280:16: note: example printf here, will just be a printf in the future
generators/rocket-chip/src/main/scala/tilelink/ToAXI4.scala:103:9: note: For more information, see https://github.com/llvm/circt/issues/6970
generators/rocket-chip/src/main/scala/tilelink/AtomicAutomata.scala:36:9: warning: module contains 2 printf-encoded verification operation(s), which are deprecated and will be removed in the future
generators/rocket-chip/src/main/scala/tilelink/Arbiter.scala:77:13: note: example printf here, will just be a printf in the future
generators/rocket-chip/src/main/scala/tilelink/AtomicAutomata.scala:36:9: note: For more information, see https://github.com/llvm/circt/issues/6970
generators/rocket-chip/src/main/scala/tilelink/Fragmenter.scala:92:9: warning: module contains 3 printf-encoded verification operation(s), which are deprecated and will be removed in the future
generators/rocket-chip/src/main/scala/tilelink/Fragmenter.scala:214:16: note: example printf here, will just be a printf in the future
generators/rocket-chip/src/main/scala/tilelink/Fragmenter.scala:92:9: note: For more information, see https://github.com/llvm/circt/issues/6970
generators/rocket-chip/src/main/scala/tilelink/Xbar.scala:74:9: warning: module contains 3 printf-encoded verification operation(s), which are deprecated and will be removed in the future
generators/rocket-chip/src/main/scala/tilelink/Arbiter.scala:22:12: note: example printf here, will just be a printf in the future
generators/rocket-chip/src/main/scala/tilelink/Xbar.scala:74:9: note: For more information, see https://github.com/llvm/circt/issues/6970
generators/testchipip/src/main/scala/tsi/TSIToTileLink.scala:36:7: warning: module contains 1 printf-encoded verification operation(s), which are deprecated and will be removed in the future
generators/testchipip/src/main/scala/tsi/TSIToTileLink.scala:150:15: note: example printf here, will just be a printf in the future
generators/testchipip/src/main/scala/tsi/TSIToTileLink.scala:36:7: note: For more information, see https://github.com/llvm/circt/issues/6970
generators/testchipip/src/main/scala/uart/UARTToSerial.scala:8:7: warning: module contains 1 printf-encoded verification operation(s), which are deprecated and will be removed in the future
generators/testchipip/src/main/scala/uart/UARTToSerial.scala:29:35: note: example printf here, will just be a printf in the future
generators/testchipip/src/main/scala/uart/UARTToSerial.scala:8:7: note: For more information, see https://github.com/llvm/circt/issues/6970
generators/rocket-chip/src/main/scala/tilelink/Xbar.scala:74:9: warning: module contains 3 printf-encoded verification operation(s), which are deprecated and will be removed in the future
generators/rocket-chip/src/main/scala/tilelink/Arbiter.scala:22:12: note: example printf here, will just be a printf in the future
generators/rocket-chip/src/main/scala/tilelink/Xbar.scala:74:9: note: For more information, see https://github.com/llvm/circt/issues/6970
generators/rocket-chip/src/main/scala/tilelink/Xbar.scala:74:9: warning: module contains 3 printf-encoded verification operation(s), which are deprecated and will be removed in the future
generators/rocket-chip/src/main/scala/tilelink/Arbiter.scala:22:12: note: example printf here, will just be a printf in the future
generators/rocket-chip/src/main/scala/tilelink/Xbar.scala:74:9: note: For more information, see https://github.com/llvm/circt/issues/6970
generators/rocket-chip/src/main/scala/tilelink/AtomicAutomata.scala:36:9: warning: module contains 2 printf-encoded verification operation(s), which are deprecated and will be removed in the future
generators/rocket-chip/src/main/scala/tilelink/Arbiter.scala:77:13: note: example printf here, will just be a printf in the future
generators/rocket-chip/src/main/scala/tilelink/AtomicAutomata.scala:36:9: note: For more information, see https://github.com/llvm/circt/issues/6970
generators/rocket-chip/src/main/scala/devices/tilelink/Error.scala:21:9: warning: module contains 1 printf-encoded verification operation(s), which are deprecated and will be removed in the future
generators/rocket-chip/src/main/scala/devices/tilelink/Error.scala:34:12: note: example printf here, will just be a printf in the future
generators/rocket-chip/src/main/scala/devices/tilelink/Error.scala:21:9: note: For more information, see https://github.com/llvm/circt/issues/6970
generators/rocket-chip/src/main/scala/tilelink/Fragmenter.scala:92:9: warning: module contains 3 printf-encoded verification operation(s), which are deprecated and will be removed in the future
generators/rocket-chip/src/main/scala/tilelink/Fragmenter.scala:214:16: note: example printf here, will just be a printf in the future
generators/rocket-chip/src/main/scala/tilelink/Fragmenter.scala:92:9: note: For more information, see https://github.com/llvm/circt/issues/6970
generators/rocket-chip/src/main/scala/tilelink/Fragmenter.scala:92:9: warning: module contains 3 printf-encoded verification operation(s), which are deprecated and will be removed in the future
generators/rocket-chip/src/main/scala/tilelink/Fragmenter.scala:214:16: note: example printf here, will just be a printf in the future
generators/rocket-chip/src/main/scala/tilelink/Fragmenter.scala:92:9: note: For more information, see https://github.com/llvm/circt/issues/6970
generators/rocket-chip/src/main/scala/tilelink/Fragmenter.scala:92:9: warning: module contains 3 printf-encoded verification operation(s), which are deprecated and will be removed in the future
generators/rocket-chip/src/main/scala/tilelink/Fragmenter.scala:214:16: note: example printf here, will just be a printf in the future
generators/rocket-chip/src/main/scala/tilelink/Fragmenter.scala:92:9: note: For more information, see https://github.com/llvm/circt/issues/6970
generators/rocket-chip/src/main/scala/tilelink/Xbar.scala:74:9: warning: module contains 3 printf-encoded verification operation(s), which are deprecated and will be removed in the future
generators/rocket-chip/src/main/scala/tilelink/Arbiter.scala:22:12: note: example printf here, will just be a printf in the future
generators/rocket-chip/src/main/scala/tilelink/Xbar.scala:74:9: note: For more information, see https://github.com/llvm/circt/issues/6970
generators/rocket-chip/src/main/scala/tilelink/Broadcast.scala:406:7: warning: module contains 4 printf-encoded verification operation(s), which are deprecated and will be removed in the future
generators/rocket-chip/src/main/scala/tilelink/Broadcast.scala:446:12: note: example printf here, will just be a printf in the future
generators/rocket-chip/src/main/scala/tilelink/Broadcast.scala:406:7: note: For more information, see https://github.com/llvm/circt/issues/6970
generators/rocket-chip/src/main/scala/tilelink/Broadcast.scala:406:7: warning: module contains 4 printf-encoded verification operation(s), which are deprecated and will be removed in the future
generators/rocket-chip/src/main/scala/tilelink/Broadcast.scala:446:12: note: example printf here, will just be a printf in the future
generators/rocket-chip/src/main/scala/tilelink/Broadcast.scala:406:7: note: For more information, see https://github.com/llvm/circt/issues/6970
generators/rocket-chip/src/main/scala/tilelink/Broadcast.scala:406:7: warning: module contains 4 printf-encoded verification operation(s), which are deprecated and will be removed in the future
generators/rocket-chip/src/main/scala/tilelink/Broadcast.scala:446:12: note: example printf here, will just be a printf in the future
generators/rocket-chip/src/main/scala/tilelink/Broadcast.scala:406:7: note: For more information, see https://github.com/llvm/circt/issues/6970
generators/rocket-chip/src/main/scala/tilelink/Broadcast.scala:406:7: warning: module contains 4 printf-encoded verification operation(s), which are deprecated and will be removed in the future
generators/rocket-chip/src/main/scala/tilelink/Broadcast.scala:446:12: note: example printf here, will just be a printf in the future
generators/rocket-chip/src/main/scala/tilelink/Broadcast.scala:406:7: note: For more information, see https://github.com/llvm/circt/issues/6970
generators/rocket-chip/src/main/scala/tilelink/Broadcast.scala:90:9: warning: module contains 6 printf-encoded verification operation(s), which are deprecated and will be removed in the future
generators/rocket-chip/src/main/scala/tilelink/Broadcast.scala:132:14: note: example printf here, will just be a printf in the future
generators/rocket-chip/src/main/scala/tilelink/Broadcast.scala:90:9: note: For more information, see https://github.com/llvm/circt/issues/6970
generators/rocket-chip/src/main/scala/tilelink/Xbar.scala:74:9: warning: module contains 3 printf-encoded verification operation(s), which are deprecated and will be removed in the future
generators/rocket-chip/src/main/scala/tilelink/Arbiter.scala:22:12: note: example printf here, will just be a printf in the future
generators/rocket-chip/src/main/scala/tilelink/Xbar.scala:74:9: note: For more information, see https://github.com/llvm/circt/issues/6970
generators/rocket-chip/src/main/scala/rocket/DCache.scala:101:7: warning: module contains 10 printf-encoded verification operation(s), which are deprecated and will be removed in the future
generators/rocket-chip/src/main/scala/rocket/DCache.scala:1186:11: note: example printf here, will just be a printf in the future
generators/rocket-chip/src/main/scala/rocket/DCache.scala:101:7: note: For more information, see https://github.com/llvm/circt/issues/6970
generators/rocket-chip/src/main/scala/rocket/ICache.scala:251:7: warning: module contains 2 printf-encoded verification operation(s), which are deprecated and will be removed in the future
generators/rocket-chip/src/main/scala/rocket/ICache.scala:521:9: note: example printf here, will just be a printf in the future
generators/rocket-chip/src/main/scala/rocket/ICache.scala:251:7: note: For more information, see https://github.com/llvm/circt/issues/6970
generators/rocket-chip/src/main/scala/rocket/Frontend.scala:82:7: warning: module contains 2 printf-encoded verification operation(s), which are deprecated and will be removed in the future
generators/rocket-chip/src/main/scala/rocket/Frontend.scala:96:9: note: example printf here, will just be a printf in the future
generators/rocket-chip/src/main/scala/rocket/Frontend.scala:82:7: note: For more information, see https://github.com/llvm/circt/issues/6970
generators/rocket-chip/src/main/scala/rocket/PTW.scala:219:7: warning: module contains 5 printf-encoded verification operation(s), which are deprecated and will be removed in the future
generators/rocket-chip/src/main/scala/rocket/PTW.scala:395:9: note: example printf here, will just be a printf in the future
generators/rocket-chip/src/main/scala/rocket/PTW.scala:219:7: note: For more information, see https://github.com/llvm/circt/issues/6970
generators/rocket-chip/src/main/scala/tile/LazyRoCC.scala:400:7: warning: module contains 1 printf-encoded verification operation(s), which are deprecated and will be removed in the future
generators/rocket-chip/src/main/scala/tile/LazyRoCC.scala:418:9: note: example printf here, will just be a printf in the future
generators/rocket-chip/src/main/scala/tile/LazyRoCC.scala:400:7: note: For more information, see https://github.com/llvm/circt/issues/6970
generators/rocket-chip/src/main/scala/rocket/SimpleHellaCacheIF.scala:18:7: warning: module contains 2 printf-encoded verification operation(s), which are deprecated and will be removed in the future
generators/rocket-chip/src/main/scala/rocket/SimpleHellaCacheIF.scala:72:9: note: example printf here, will just be a printf in the future
generators/rocket-chip/src/main/scala/rocket/SimpleHellaCacheIF.scala:18:7: note: For more information, see https://github.com/llvm/circt/issues/6970
generators/rocket-chip/src/main/scala/rocket/SimpleHellaCacheIF.scala:95:7: warning: module contains 3 printf-encoded verification operation(s), which are deprecated and will be removed in the future
generators/rocket-chip/src/main/scala/rocket/SimpleHellaCacheIF.scala:124:9: note: example printf here, will just be a printf in the future
generators/rocket-chip/src/main/scala/rocket/SimpleHellaCacheIF.scala:95:7: note: For more information, see https://github.com/llvm/circt/issues/6970
generators/rocket-chip/src/main/scala/rocket/IBuf.scala:21:7: warning: module contains 1 printf-encoded verification operation(s), which are deprecated and will be removed in the future
generators/rocket-chip/src/main/scala/rocket/IBuf.scala:79:9: note: example printf here, will just be a printf in the future
generators/rocket-chip/src/main/scala/rocket/IBuf.scala:21:7: note: For more information, see https://github.com/llvm/circt/issues/6970
generators/rocket-chip/src/main/scala/rocket/CSR.scala:377:7: warning: module contains 3 printf-encoded verification operation(s), which are deprecated and will be removed in the future
generators/rocket-chip/src/main/scala/rocket/CSR.scala:1021:9: note: example printf here, will just be a printf in the future
generators/rocket-chip/src/main/scala/rocket/CSR.scala:377:7: note: For more information, see https://github.com/llvm/circt/issues/6970
generators/rocket-chip/src/main/scala/util/PlusArg.scala:58:7: warning: module contains 1 printf-encoded verification operation(s), which are deprecated and will be removed in the future
generators/rocket-chip/src/main/scala/util/PlusArg.scala:64:12: note: example printf here, will just be a printf in the future
generators/rocket-chip/src/main/scala/util/PlusArg.scala:58:7: note: For more information, see https://github.com/llvm/circt/issues/6970
generators/rocket-chip/src/main/scala/rocket/RocketCore.scala:150:7: warning: module contains 1 printf-encoded verification operation(s), which are deprecated and will be removed in the future
generators/rocket-chip/src/main/scala/rocket/RocketCore.scala:842:11: note: example printf here, will just be a printf in the future
generators/rocket-chip/src/main/scala/rocket/RocketCore.scala:150:7: note: For more information, see https://github.com/llvm/circt/issues/6970
generators/rocket-chip/src/main/scala/devices/tilelink/Plic.scala:132:9: warning: module contains 3 printf-encoded verification operation(s), which are deprecated and will be removed in the future
generators/rocket-chip/src/main/scala/devices/tilelink/Plic.scala:251:11: note: example printf here, will just be a printf in the future
generators/rocket-chip/src/main/scala/devices/tilelink/Plic.scala:132:9: note: For more information, see https://github.com/llvm/circt/issues/6970
generators/rocket-chip/src/main/scala/tilelink/Xbar.scala:74:9: warning: module contains 3 printf-encoded verification operation(s), which are deprecated and will be removed in the future
generators/rocket-chip/src/main/scala/tilelink/Arbiter.scala:22:12: note: example printf here, will just be a printf in the future
generators/rocket-chip/src/main/scala/tilelink/Xbar.scala:74:9: note: For more information, see https://github.com/llvm/circt/issues/6970
generators/rocket-chip/src/main/scala/tilelink/Fragmenter.scala:92:9: warning: module contains 3 printf-encoded verification operation(s), which are deprecated and will be removed in the future
generators/rocket-chip/src/main/scala/tilelink/Fragmenter.scala:214:16: note: example printf here, will just be a printf in the future
generators/rocket-chip/src/main/scala/tilelink/Fragmenter.scala:92:9: note: For more information, see https://github.com/llvm/circt/issues/6970
generators/rocket-chip/src/main/scala/tilelink/Fragmenter.scala:92:9: warning: module contains 3 printf-encoded verification operation(s), which are deprecated and will be removed in the future
generators/rocket-chip/src/main/scala/tilelink/Fragmenter.scala:214:16: note: example printf here, will just be a printf in the future
generators/rocket-chip/src/main/scala/tilelink/Fragmenter.scala:92:9: note: For more information, see https://github.com/llvm/circt/issues/6970
generators/rocket-chip/src/main/scala/prci/ClockDomain.scala:14:9: warning: unprocessed annotation:'freechips.rocketchip.util.RegFieldDescMappingAnnotation' still remaining after LowerToHW
generators/rocket-chip/src/main/scala/tile/RocketTile.scala:141:7: warning: unprocessed annotation:'freechips.rocketchip.util.ParamsAnnotation' still remaining after LowerToHW
generators/chipyard/src/main/scala/DigitalTop.scala:48:7: warning: unprocessed annotation:'freechips.rocketchip.util.AddressMapAnnotation' still remaining after LowerToHW
generators/rocket-chip/src/main/scala/util/DescribedSRAM.scala:17:26: warning: unprocessed annotation:'freechips.rocketchip.util.SRAMAnnotation' still remaining after LowerToHW
===-------------------------------------------------------------------------===
                         ... Execution time report ...
===-------------------------------------------------------------------------===
  Total Execution Time: 2.8045 seconds

  ----User Time----  ----Wall Time----  ----Name----
    0.2780 (  3.7%)    0.2780 (  9.9%)  FIR Parser
    0.0202 (  0.3%)    0.0202 (  0.7%)    Parse annotations
    0.0000 (  0.0%)    0.0000 (  0.0%)    Parse OMIR
    0.2155 (  2.9%)    0.2155 (  7.7%)    Parse modules
    0.0337 (  0.4%)    0.0337 (  1.2%)    Verify circuit
    5.0496 ( 67.2%)    1.5696 ( 56.0%)  'firrtl.circuit' Pipeline
    0.0041 (  0.1%)    0.0041 (  0.1%)    LowerOpenAggs
    0.0405 (  0.5%)    0.0405 (  1.4%)    ResolvePaths
    0.0027 (  0.0%)    0.0027 (  0.1%)      (A) circt::firrtl::InstanceGraph
    0.0378 (  0.5%)    0.0378 (  1.3%)    LowerFIRRTLAnnotations
    0.0026 (  0.0%)    0.0026 (  0.1%)    LowerIntmodules
    0.0026 (  0.0%)    0.0026 (  0.1%)      (A) circt::firrtl::InstanceGraph
    0.1823 (  2.4%)    0.0120 (  0.4%)    'firrtl.module' Pipeline
    0.0822 (  1.1%)    0.0061 (  0.2%)      LowerIntrinsics
    0.0577 (  0.8%)    0.0577 (  2.1%)    LowerSignatures
    0.0000 (  0.0%)    0.0000 (  0.0%)    InjectDUTHierarchy
    1.2842 ( 17.1%)    0.1047 (  3.7%)    'firrtl.module' Pipeline
    0.1838 (  2.4%)    0.0154 (  0.5%)      PassiveWires
    0.4670 (  6.2%)    0.0478 (  1.7%)      DropName
    0.2810 (  3.7%)    0.0224 (  0.8%)      CSE
    0.0223 (  0.3%)    0.0021 (  0.1%)        (A) DominanceInfo
    0.0725 (  1.0%)    0.0071 (  0.3%)      LowerCHIRRTLPass
    0.1360 (  1.8%)    0.0108 (  0.4%)      LowerMatches
    0.0882 (  1.2%)    0.0882 (  3.1%)    InferWidths
    0.0002 (  0.0%)    0.0002 (  0.0%)      (A) SymbolTable
    0.0027 (  0.0%)    0.0027 (  0.1%)      (A) circt::hw::InnerSymbolTableCollection
    0.0331 (  0.4%)    0.0331 (  1.2%)    MemToRegOfVec
    0.0588 (  0.8%)    0.0588 (  2.1%)    InferResets
    0.0024 (  0.0%)    0.0024 (  0.1%)      (A) circt::firrtl::InstanceGraph
    0.0398 (  0.5%)    0.0398 (  1.4%)    DropConst
    0.0010 (  0.0%)    0.0010 (  0.0%)    HoistPassthrough
    0.0747 (  1.0%)    0.0747 (  2.7%)    Dedup
    0.0001 (  0.0%)    0.0001 (  0.0%)      (A) circt::firrtl::NLATable
    0.0001 (  0.0%)    0.0001 (  0.0%)      (A) SymbolTable
    0.1341 (  1.8%)    0.0126 (  0.4%)    'firrtl.module' Pipeline
    0.1293 (  1.7%)    0.0125 (  0.4%)      FlattenMemory
    0.1503 (  2.0%)    0.1503 (  5.4%)    LowerFIRRTLTypes
    0.0000 (  0.0%)    0.0000 (  0.0%)      (A) SymbolTable
    0.2522 (  3.4%)    0.0233 (  0.8%)    'any' Pipeline
    0.2459 (  3.3%)    0.0232 (  0.8%)      ExpandWhens
    0.4440 (  5.9%)    0.0458 (  1.6%)    'firrtl.module' Pipeline
    0.1759 (  2.3%)    0.0217 (  0.8%)      SFCCompat
    0.1247 (  1.7%)    0.0116 (  0.4%)      LayerMerge
    0.1259 (  1.7%)    0.0121 (  0.4%)      LayerSink
    0.0017 (  0.0%)    0.0003 (  0.0%)        (A) DominanceInfo
    0.0662 (  0.9%)    0.0662 (  2.4%)    LowerLayers
    0.1346 (  1.8%)    0.1346 (  4.8%)    Inliner
    0.0000 (  0.0%)    0.0000 (  0.0%)      (A) SymbolTable
    0.2145 (  2.9%)    0.0231 (  0.8%)    'firrtl.module' Pipeline
    0.2090 (  2.8%)    0.0230 (  0.8%)      RandomizeRegisterInit
    0.0903 (  1.2%)    0.0903 (  3.2%)    CheckCombLoops
    0.0032 (  0.0%)    0.0032 (  0.1%)      (A) circt::firrtl::InstanceGraph
    0.9686 ( 12.9%)    0.0988 (  3.5%)    'firrtl.module' Pipeline
    0.9018 ( 12.0%)    0.0926 (  3.3%)      Canonicalizer
    0.0627 (  0.8%)    0.0068 (  0.2%)      InferReadWrite
    0.0349 (  0.5%)    0.0349 (  1.2%)    LowerMemory
    0.0017 (  0.0%)    0.0017 (  0.1%)      (A) circt::firrtl::InstanceGraph
    0.0000 (  0.0%)    0.0000 (  0.0%)      (A) SymbolTable
    0.0271 (  0.4%)    0.0271 (  1.0%)    PrefixModules
    0.0017 (  0.0%)    0.0017 (  0.1%)      (A) circt::firrtl::InstanceGraph
    0.0000 (  0.0%)    0.0000 (  0.0%)      (A) circt::firrtl::NLATable
    0.1488 (  2.0%)    0.1488 (  5.3%)    IMConstProp
    0.0031 (  0.0%)    0.0031 (  0.1%)    HoistPassthrough
    0.0019 (  0.0%)    0.0019 (  0.1%)      (A) circt::firrtl::InstanceGraph
    0.1140 (  1.5%)    0.1140 (  4.1%)  IMDeadCodeElim
    0.0017 (  0.0%)    0.0017 (  0.1%)    (A) circt::firrtl::InstanceGraph
    0.0000 (  0.0%)    0.0000 (  0.0%)    (A) SymbolTable
    0.0016 (  0.0%)    0.0016 (  0.1%)    (A) circt::hw::InnerSymbolTableCollection
    0.0016 (  0.0%)    0.0016 (  0.1%)  'firrtl.circuit' Pipeline
    0.0016 (  0.0%)    0.0016 (  0.1%)    AddSeqMemPorts
    0.0015 (  0.0%)    0.0015 (  0.1%)      (A) circt::firrtl::InstanceGraph
    0.0230 (  0.3%)    0.0230 (  0.8%)  CreateSiFiveMetadata
    0.0014 (  0.0%)    0.0014 (  0.0%)    (A) circt::firrtl::InstanceGraph
    0.0999 (  1.3%)    0.0999 (  3.6%)  'firrtl.circuit' Pipeline
    0.0053 (  0.1%)    0.0053 (  0.2%)    ExtractInstances
    0.0012 (  0.0%)    0.0012 (  0.0%)      (A) circt::firrtl::InstanceGraph
    0.0000 (  0.0%)    0.0000 (  0.0%)      (A) circt::firrtl::NLATable
    0.0000 (  0.0%)    0.0000 (  0.0%)    GrandCentral
    0.0178 (  0.2%)    0.0178 (  0.6%)    BlackBoxReader
    0.0767 (  1.0%)    0.0767 (  2.7%)    SymbolDCE
    0.0477 (  0.6%)    0.0477 (  1.7%)  InnerSymbolDCE
    0.2934 (  3.9%)    0.1212 (  4.3%)  'firrtl.circuit' Pipeline
    0.1722 (  2.3%)    0.0171 (  0.6%)    'firrtl.module' Pipeline
    0.1255 (  1.7%)    0.0151 (  0.5%)      Canonicalizer
    0.0398 (  0.5%)    0.0041 (  0.1%)      RegisterOptimizer
    0.0926 (  1.2%)    0.0926 (  3.3%)    IMConstProp
    0.0014 (  0.0%)    0.0014 (  0.0%)      (A) circt::firrtl::InstanceGraph
    0.0943 (  1.3%)    0.0943 (  3.4%)  IMDeadCodeElim
    0.0013 (  0.0%)    0.0013 (  0.0%)    (A) circt::firrtl::InstanceGraph
    0.0000 (  0.0%)    0.0000 (  0.0%)    (A) SymbolTable
    0.0013 (  0.0%)    0.0013 (  0.0%)    (A) circt::hw::InnerSymbolTableCollection
    0.2891 (  3.8%)    0.1303 (  4.6%)  'firrtl.circuit' Pipeline
    0.0000 (  0.0%)    0.0000 (  0.0%)    EmitOMIR
    0.1209 (  1.6%)    0.0127 (  0.5%)    'firrtl.module' Pipeline
    0.0124 (  0.2%)    0.0011 (  0.0%)      MergeConnections
    0.1000 (  1.3%)    0.0113 (  0.4%)      Vectorization
    0.0079 (  0.1%)    0.0079 (  0.3%)    ResolveTraces
    0.0000 (  0.0%)    0.0000 (  0.0%)      (A) circt::firrtl::NLATable
    0.0012 (  0.0%)    0.0012 (  0.0%)      (A) circt::hw::InnerSymbolTableCollection
    0.0305 (  0.4%)    0.0305 (  1.1%)    LowerXMR
    0.0013 (  0.0%)    0.0013 (  0.0%)      (A) circt::firrtl::InstanceGraph
    0.0492 (  0.7%)    0.0492 (  1.8%)    LowerClasses
    0.0015 (  0.0%)    0.0015 (  0.1%)      (A) circt::firrtl::InstanceGraph
    0.0000 (  0.0%)    0.0000 (  0.0%)      (A) SymbolTable
    0.0024 (  0.0%)    0.0024 (  0.1%)    VerifyObjectFields
    0.0000 (  0.0%)    0.0000 (  0.0%)      (A) SymbolTable
    0.0378 (  0.5%)    0.0027 (  0.1%)    'firrtl.module' Pipeline
    0.0162 (  0.2%)    0.0016 (  0.1%)      Lint
    0.0829 (  1.1%)    0.0829 (  3.0%)  LowerFIRRTLToHW
    0.0012 (  0.0%)    0.0012 (  0.0%)    (A) circt::firrtl::InstanceGraph
    0.0000 (  0.0%)    0.0000 (  0.0%)    (A) circt::firrtl::NLATable
    0.4268 (  5.7%)    0.0344 (  1.2%)  'hw.module' Pipeline
    0.0619 (  0.8%)    0.0102 (  0.4%)    CSE
    0.0019 (  0.0%)    0.0004 (  0.0%)      (A) DominanceInfo
    0.3607 (  4.8%)    0.0270 (  1.0%)    Canonicalizer
    0.0015 (  0.0%)    0.0015 (  0.1%)  VerifyInnerRefNamespace
    0.0018 (  0.0%)    0.0018 (  0.1%)  VerifyObjectFields
    0.0000 (  0.0%)    0.0000 (  0.0%)    (A) SymbolTable
    0.0012 (  0.0%)    0.0012 (  0.0%)  ExternalizeClockGate
    0.0057 (  0.1%)    0.0057 (  0.2%)  LowerSimToSV
    0.0339 (  0.5%)    0.0339 (  1.2%)  LowerSeqToSV
    0.0495 (  0.7%)    0.0036 (  0.1%)  'hw.module' Pipeline
    0.0359 (  0.5%)    0.0032 (  0.1%)    LowerVerifToSV
    0.0102 (  0.1%)    0.0102 (  0.4%)  HWMemSimImpl
    0.2229 (  3.0%)    0.0165 (  0.6%)  'hw.module' Pipeline
    0.0666 (  0.9%)    0.0060 (  0.2%)    CSE
    0.0087 (  0.1%)    0.0023 (  0.1%)      (A) DominanceInfo
    0.0655 (  0.9%)    0.0067 (  0.2%)    Canonicalizer
    0.0381 (  0.5%)    0.0030 (  0.1%)    CSE
    0.0054 (  0.1%)    0.0005 (  0.0%)      (A) DominanceInfo
    0.0167 (  0.2%)    0.0016 (  0.1%)    HWCleanup
    0.0015 (  0.0%)    0.0015 (  0.1%)  VerifyInnerRefNamespace
    0.0025 (  0.0%)    0.0025 (  0.1%)  VerifyObjectFields
    0.0001 (  0.0%)    0.0001 (  0.0%)    (A) SymbolTable
    0.0841 (  1.1%)    0.0057 (  0.2%)  'hw.module' Pipeline
    0.0136 (  0.2%)    0.0012 (  0.0%)    HWLegalizeModules
    0.0379 (  0.5%)    0.0035 (  0.1%)    PrettifyVerilog
    0.0085 (  0.1%)    0.0085 (  0.3%)  StripDebugInfoWithPred
    0.0078 (  0.1%)    0.0078 (  0.3%)  HWExportModuleHierarchy
    0.0000 (  0.0%)    0.0000 (  0.0%)    (A) SymbolTable
    0.0014 (  0.0%)    0.0014 (  0.1%)  VerifyInnerRefNamespace
    0.0028 (  0.0%)    0.0028 (  0.1%)  VerifyObjectFields
    0.0723 (  1.0%)    0.0723 (  2.6%)  ExportSplitVerilog
    0.1408 (  1.9%)    0.0276 (  1.0%)  'builtin.module' Pipeline
    0.0087 (  0.1%)    0.0087 (  0.3%)    HWLowerInstanceChoices
    0.1133 (  1.5%)    0.0093 (  0.3%)    'hw.module' Pipeline
    0.1063 (  1.4%)    0.0091 (  0.3%)      PrepareForEmission
   -0.0214 ( -0.3%)   -0.0214 ( -0.8%)  Rest
    7.5121 (100.0%)    2.8045 (100.0%)  Total
sed -i 's/.*/& /' /home/soooarr/chipyard/fpga/generated-src/chipyard.fpga.nexysvideo.NexysVideoHarness.RadarAXIMMIOXradarRoCCNexysVideo75MHzConfig/chipyard.fpga.nexysvideo.NexysVideoHarness.RadarAXIMMIOXradarRoCCNexysVideo75MHzConfig.mems.conf # need trailing space for SFC macrocompiler
touch /home/soooarr/chipyard/fpga/generated-src/chipyard.fpga.nexysvideo.NexysVideoHarness.RadarAXIMMIOXradarRoCCNexysVideo75MHzConfig/gen-collateral/firrtl_black_box_resource_files.f # if there are no BB's then the file might not be generated, instead always generate it
/home/soooarr/chipyard/scripts/uniquify-module-names.py \
	--model-hier-json /home/soooarr/chipyard/fpga/generated-src/chipyard.fpga.nexysvideo.NexysVideoHarness.RadarAXIMMIOXradarRoCCNexysVideo75MHzConfig/model_module_hierarchy.json \
	--top-hier-json /home/soooarr/chipyard/fpga/generated-src/chipyard.fpga.nexysvideo.NexysVideoHarness.RadarAXIMMIOXradarRoCCNexysVideo75MHzConfig/top_module_hierarchy.json \
	--in-all-filelist /home/soooarr/chipyard/fpga/generated-src/chipyard.fpga.nexysvideo.NexysVideoHarness.RadarAXIMMIOXradarRoCCNexysVideo75MHzConfig/gen-collateral/filelist.f \
	--in-bb-filelist /home/soooarr/chipyard/fpga/generated-src/chipyard.fpga.nexysvideo.NexysVideoHarness.RadarAXIMMIOXradarRoCCNexysVideo75MHzConfig/gen-collateral/firrtl_black_box_resource_files.f \
	--dut ChipTop \
	--model NexysVideoHarness \
	--target-dir /home/soooarr/chipyard/fpga/generated-src/chipyard.fpga.nexysvideo.NexysVideoHarness.RadarAXIMMIOXradarRoCCNexysVideo75MHzConfig/gen-collateral \
	--out-dut-filelist /home/soooarr/chipyard/fpga/generated-src/chipyard.fpga.nexysvideo.NexysVideoHarness.RadarAXIMMIOXradarRoCCNexysVideo75MHzConfig/chipyard.fpga.nexysvideo.NexysVideoHarness.RadarAXIMMIOXradarRoCCNexysVideo75MHzConfig.top.f \
	--out-model-filelist /home/soooarr/chipyard/fpga/generated-src/chipyard.fpga.nexysvideo.NexysVideoHarness.RadarAXIMMIOXradarRoCCNexysVideo75MHzConfig/chipyard.fpga.nexysvideo.NexysVideoHarness.RadarAXIMMIOXradarRoCCNexysVideo75MHzConfig.model.f \
	--out-model-hier-json /home/soooarr/chipyard/fpga/generated-src/chipyard.fpga.nexysvideo.NexysVideoHarness.RadarAXIMMIOXradarRoCCNexysVideo75MHzConfig/model_module_hierarchy.uniquified.json \
	--gcpath /home/soooarr/chipyard/fpga/generated-src/chipyard.fpga.nexysvideo.NexysVideoHarness.RadarAXIMMIOXradarRoCCNexysVideo75MHzConfig/gen-collateral
sed -i 's/module\( \+\)ResetCatchAndSync_d3/module\1ResetCatchAndSync_d3_NexysVideoHarness_UNIQUIFIED/' /home/soooarr/chipyard/fpga/generated-src/chipyard.fpga.nexysvideo.NexysVideoHarness.RadarAXIMMIOXradarRoCCNexysVideo75MHzConfig/gen-collateral/ResetCatchAndSync_d3_NexysVideoHarness_UNIQUIFIED.sv
sed -i 's/\( \*\)ResetCatchAndSync_d3\( \+\)/\1ResetCatchAndSync_d3_NexysVideoHarness_UNIQUIFIED\2/' /home/soooarr/chipyard/fpga/generated-src/chipyard.fpga.nexysvideo.NexysVideoHarness.RadarAXIMMIOXradarRoCCNexysVideo75MHzConfig/gen-collateral/NexysVideoHarness.sv
sed -i 's/module\( \+\)plusarg_reader/module\1plusarg_reader_NexysVideoHarness_UNIQUIFIED/' /home/soooarr/chipyard/fpga/generated-src/chipyard.fpga.nexysvideo.NexysVideoHarness.RadarAXIMMIOXradarRoCCNexysVideo75MHzConfig/gen-collateral/plusarg_reader_NexysVideoHarness_UNIQUIFIED.v
sed -i 's/\( \*\)plusarg_reader\( \+\)/\1plusarg_reader_NexysVideoHarness_UNIQUIFIED\2/' /home/soooarr/chipyard/fpga/generated-src/chipyard.fpga.nexysvideo.NexysVideoHarness.RadarAXIMMIOXradarRoCCNexysVideo75MHzConfig/gen-collateral/NexysVideoHarness.sv
sed -i 's/module\( \+\)ResetCatchAndSync_d3/module\1ResetCatchAndSync_d3_NexysVideoHarness_UNIQUIFIED/' /home/soooarr/chipyard/fpga/generated-src/chipyard.fpga.nexysvideo.NexysVideoHarness.RadarAXIMMIOXradarRoCCNexysVideo75MHzConfig/gen-collateral/ResetCatchAndSync_d3_NexysVideoHarness_UNIQUIFIED.sv
sed -i 's/module\( \+\)ResetCatchAndSync_d3/module\1ResetCatchAndSync_d3_NexysVideoHarness_UNIQUIFIED/' /home/soooarr/chipyard/fpga/generated-src/chipyard.fpga.nexysvideo.NexysVideoHarness.RadarAXIMMIOXradarRoCCNexysVideo75MHzConfig/gen-collateral/ResetCatchAndSync_d3_NexysVideoHarness_UNIQUIFIED.sv
sed -i 's/\( \*\)ResetCatchAndSync_d3\( \+\)/\1ResetCatchAndSync_d3_NexysVideoHarness_UNIQUIFIED\2/' /home/soooarr/chipyard/fpga/generated-src/chipyard.fpga.nexysvideo.NexysVideoHarness.RadarAXIMMIOXradarRoCCNexysVideo75MHzConfig/gen-collateral/ResetWrangler.sv
sed -i 's/module\( \+\)ResetCatchAndSync_d3/module\1ResetCatchAndSync_d3_NexysVideoHarness_UNIQUIFIED/' /home/soooarr/chipyard/fpga/generated-src/chipyard.fpga.nexysvideo.NexysVideoHarness.RadarAXIMMIOXradarRoCCNexysVideo75MHzConfig/gen-collateral/ResetCatchAndSync_d3_NexysVideoHarness_UNIQUIFIED.sv
sed -i 's/module\( \+\)ResetCatchAndSync_d3/module\1ResetCatchAndSync_d3_NexysVideoHarness_UNIQUIFIED/' /home/soooarr/chipyard/fpga/generated-src/chipyard.fpga.nexysvideo.NexysVideoHarness.RadarAXIMMIOXradarRoCCNexysVideo75MHzConfig/gen-collateral/ResetCatchAndSync_d3_NexysVideoHarness_UNIQUIFIED.sv
sed -i 's/module\( \+\)ResetCatchAndSync_d3/module\1ResetCatchAndSync_d3_NexysVideoHarness_UNIQUIFIED/' /home/soooarr/chipyard/fpga/generated-src/chipyard.fpga.nexysvideo.NexysVideoHarness.RadarAXIMMIOXradarRoCCNexysVideo75MHzConfig/gen-collateral/ResetCatchAndSync_d3_NexysVideoHarness_UNIQUIFIED.sv
sed -i 's/module\( \+\)TLBuffer_a32d64s4k1z3u/module\1TLBuffer_a32d64s4k1z3u_NexysVideoHarness_UNIQUIFIED/' /home/soooarr/chipyard/fpga/generated-src/chipyard.fpga.nexysvideo.NexysVideoHarness.RadarAXIMMIOXradarRoCCNexysVideo75MHzConfig/gen-collateral/TLBuffer_a32d64s4k1z3u_NexysVideoHarness_UNIQUIFIED.sv
sed -i 's/\( \*\)TLBuffer_a32d64s4k1z3u\( \+\)/\1TLBuffer_a32d64s4k1z3u_NexysVideoHarness_UNIQUIFIED\2/' /home/soooarr/chipyard/fpga/generated-src/chipyard.fpga.nexysvideo.NexysVideoHarness.RadarAXIMMIOXradarRoCCNexysVideo75MHzConfig/gen-collateral/XilinxNexysVideoMIG.sv
sed -i 's/module\( \+\)AsyncResetSynchronizerShiftReg_w1_d3_i0/module\1AsyncResetSynchronizerShiftReg_w1_d3_i0_NexysVideoHarness_UNIQUIFIED/' /home/soooarr/chipyard/fpga/generated-src/chipyard.fpga.nexysvideo.NexysVideoHarness.RadarAXIMMIOXradarRoCCNexysVideo75MHzConfig/gen-collateral/AsyncResetSynchronizerShiftReg_w1_d3_i0_NexysVideoHarness_UNIQUIFIED.sv
sed -i 's/\( \*\)AsyncResetSynchronizerShiftReg_w1_d3_i0\( \+\)/\1AsyncResetSynchronizerShiftReg_w1_d3_i0_NexysVideoHarness_UNIQUIFIED\2/' /home/soooarr/chipyard/fpga/generated-src/chipyard.fpga.nexysvideo.NexysVideoHarness.RadarAXIMMIOXradarRoCCNexysVideo75MHzConfig/gen-collateral/ResetCatchAndSync_d3_NexysVideoHarness_UNIQUIFIED.sv
sed -i 's/module\( \+\)AsyncResetSynchronizerShiftReg_w1_d3_i0/module\1AsyncResetSynchronizerShiftReg_w1_d3_i0_NexysVideoHarness_UNIQUIFIED/' /home/soooarr/chipyard/fpga/generated-src/chipyard.fpga.nexysvideo.NexysVideoHarness.RadarAXIMMIOXradarRoCCNexysVideo75MHzConfig/gen-collateral/AsyncResetSynchronizerShiftReg_w1_d3_i0_NexysVideoHarness_UNIQUIFIED.sv
sed -i 's/module\( \+\)AsyncResetSynchronizerShiftReg_w1_d3_i0/module\1AsyncResetSynchronizerShiftReg_w1_d3_i0_NexysVideoHarness_UNIQUIFIED/' /home/soooarr/chipyard/fpga/generated-src/chipyard.fpga.nexysvideo.NexysVideoHarness.RadarAXIMMIOXradarRoCCNexysVideo75MHzConfig/gen-collateral/AsyncResetSynchronizerShiftReg_w1_d3_i0_NexysVideoHarness_UNIQUIFIED.sv
sed -i 's/module\( \+\)AsyncResetSynchronizerShiftReg_w1_d3_i0/module\1AsyncResetSynchronizerShiftReg_w1_d3_i0_NexysVideoHarness_UNIQUIFIED/' /home/soooarr/chipyard/fpga/generated-src/chipyard.fpga.nexysvideo.NexysVideoHarness.RadarAXIMMIOXradarRoCCNexysVideo75MHzConfig/gen-collateral/AsyncResetSynchronizerShiftReg_w1_d3_i0_NexysVideoHarness_UNIQUIFIED.sv
sed -i 's/module\( \+\)AsyncResetSynchronizerShiftReg_w1_d3_i0/module\1AsyncResetSynchronizerShiftReg_w1_d3_i0_NexysVideoHarness_UNIQUIFIED/' /home/soooarr/chipyard/fpga/generated-src/chipyard.fpga.nexysvideo.NexysVideoHarness.RadarAXIMMIOXradarRoCCNexysVideo75MHzConfig/gen-collateral/AsyncResetSynchronizerShiftReg_w1_d3_i0_NexysVideoHarness_UNIQUIFIED.sv
sed -i 's/module\( \+\)AsyncResetSynchronizerShiftReg_w1_d3_i0/module\1AsyncResetSynchronizerShiftReg_w1_d3_i0_NexysVideoHarness_UNIQUIFIED/' /home/soooarr/chipyard/fpga/generated-src/chipyard.fpga.nexysvideo.NexysVideoHarness.RadarAXIMMIOXradarRoCCNexysVideo75MHzConfig/gen-collateral/AsyncResetSynchronizerShiftReg_w1_d3_i0_NexysVideoHarness_UNIQUIFIED.sv
sed -i 's/module\( \+\)Queue2_TLBundleA_a32d64s4k1z3u/module\1Queue2_TLBundleA_a32d64s4k1z3u_NexysVideoHarness_UNIQUIFIED/' /home/soooarr/chipyard/fpga/generated-src/chipyard.fpga.nexysvideo.NexysVideoHarness.RadarAXIMMIOXradarRoCCNexysVideo75MHzConfig/gen-collateral/Queue2_TLBundleA_a32d64s4k1z3u_NexysVideoHarness_UNIQUIFIED.sv
sed -i 's/\( \*\)Queue2_TLBundleA_a32d64s4k1z3u\( \+\)/\1Queue2_TLBundleA_a32d64s4k1z3u_NexysVideoHarness_UNIQUIFIED\2/' /home/soooarr/chipyard/fpga/generated-src/chipyard.fpga.nexysvideo.NexysVideoHarness.RadarAXIMMIOXradarRoCCNexysVideo75MHzConfig/gen-collateral/TLBuffer_a32d64s4k1z3u_NexysVideoHarness_UNIQUIFIED.sv
sed -i 's/module\( \+\)Queue2_TLBundleD_a32d64s4k1z3u/module\1Queue2_TLBundleD_a32d64s4k1z3u_NexysVideoHarness_UNIQUIFIED/' /home/soooarr/chipyard/fpga/generated-src/chipyard.fpga.nexysvideo.NexysVideoHarness.RadarAXIMMIOXradarRoCCNexysVideo75MHzConfig/gen-collateral/Queue2_TLBundleD_a32d64s4k1z3u_NexysVideoHarness_UNIQUIFIED.sv
sed -i 's/\( \*\)Queue2_TLBundleD_a32d64s4k1z3u\( \+\)/\1Queue2_TLBundleD_a32d64s4k1z3u_NexysVideoHarness_UNIQUIFIED\2/' /home/soooarr/chipyard/fpga/generated-src/chipyard.fpga.nexysvideo.NexysVideoHarness.RadarAXIMMIOXradarRoCCNexysVideo75MHzConfig/gen-collateral/TLBuffer_a32d64s4k1z3u_NexysVideoHarness_UNIQUIFIED.sv
sed -i 's/module\( \+\)Queue1_AXI4BundleW/module\1Queue1_AXI4BundleW_NexysVideoHarness_UNIQUIFIED/' /home/soooarr/chipyard/fpga/generated-src/chipyard.fpga.nexysvideo.NexysVideoHarness.RadarAXIMMIOXradarRoCCNexysVideo75MHzConfig/gen-collateral/Queue1_AXI4BundleW_NexysVideoHarness_UNIQUIFIED.sv
sed -i 's/\( \*\)Queue1_AXI4BundleW\( \+\)/\1Queue1_AXI4BundleW_NexysVideoHarness_UNIQUIFIED\2/' /home/soooarr/chipyard/fpga/generated-src/chipyard.fpga.nexysvideo.NexysVideoHarness.RadarAXIMMIOXradarRoCCNexysVideo75MHzConfig/gen-collateral/TLToAXI4.sv
sed -i 's/module\( \+\)Queue2_AXI4BundleW/module\1Queue2_AXI4BundleW_NexysVideoHarness_UNIQUIFIED/' /home/soooarr/chipyard/fpga/generated-src/chipyard.fpga.nexysvideo.NexysVideoHarness.RadarAXIMMIOXradarRoCCNexysVideo75MHzConfig/gen-collateral/Queue2_AXI4BundleW_NexysVideoHarness_UNIQUIFIED.sv
sed -i 's/\( \*\)Queue2_AXI4BundleW\( \+\)/\1Queue2_AXI4BundleW_NexysVideoHarness_UNIQUIFIED\2/' /home/soooarr/chipyard/fpga/generated-src/chipyard.fpga.nexysvideo.NexysVideoHarness.RadarAXIMMIOXradarRoCCNexysVideo75MHzConfig/gen-collateral/AXI4Buffer.sv
sed -i 's/module\( \+\)Queue2_AXI4BundleB/module\1Queue2_AXI4BundleB_NexysVideoHarness_UNIQUIFIED/' /home/soooarr/chipyard/fpga/generated-src/chipyard.fpga.nexysvideo.NexysVideoHarness.RadarAXIMMIOXradarRoCCNexysVideo75MHzConfig/gen-collateral/Queue2_AXI4BundleB_NexysVideoHarness_UNIQUIFIED.sv
sed -i 's/\( \*\)Queue2_AXI4BundleB\( \+\)/\1Queue2_AXI4BundleB_NexysVideoHarness_UNIQUIFIED\2/' /home/soooarr/chipyard/fpga/generated-src/chipyard.fpga.nexysvideo.NexysVideoHarness.RadarAXIMMIOXradarRoCCNexysVideo75MHzConfig/gen-collateral/AXI4Buffer.sv
sed -i 's/module\( \+\)Queue2_AXI4BundleR/module\1Queue2_AXI4BundleR_NexysVideoHarness_UNIQUIFIED/' /home/soooarr/chipyard/fpga/generated-src/chipyard.fpga.nexysvideo.NexysVideoHarness.RadarAXIMMIOXradarRoCCNexysVideo75MHzConfig/gen-collateral/Queue2_AXI4BundleR_NexysVideoHarness_UNIQUIFIED.sv
sed -i 's/\( \*\)Queue2_AXI4BundleR\( \+\)/\1Queue2_AXI4BundleR_NexysVideoHarness_UNIQUIFIED\2/' /home/soooarr/chipyard/fpga/generated-src/chipyard.fpga.nexysvideo.NexysVideoHarness.RadarAXIMMIOXradarRoCCNexysVideo75MHzConfig/gen-collateral/AXI4Buffer.sv
sed -i 's/module\( \+\)AsyncResetSynchronizerPrimitiveShiftReg_d3_i0/module\1AsyncResetSynchronizerPrimitiveShiftReg_d3_i0_NexysVideoHarness_UNIQUIFIED/' /home/soooarr/chipyard/fpga/generated-src/chipyard.fpga.nexysvideo.NexysVideoHarness.RadarAXIMMIOXradarRoCCNexysVideo75MHzConfig/gen-collateral/AsyncResetSynchronizerPrimitiveShiftReg_d3_i0_NexysVideoHarness_UNIQUIFIED.sv
sed -i 's/\( \*\)AsyncResetSynchronizerPrimitiveShiftReg_d3_i0\( \+\)/\1AsyncResetSynchronizerPrimitiveShiftReg_d3_i0_NexysVideoHarness_UNIQUIFIED\2/' /home/soooarr/chipyard/fpga/generated-src/chipyard.fpga.nexysvideo.NexysVideoHarness.RadarAXIMMIOXradarRoCCNexysVideo75MHzConfig/gen-collateral/AsyncResetSynchronizerShiftReg_w1_d3_i0_NexysVideoHarness_UNIQUIFIED.sv
sed -i 's/module\( \+\)AsyncResetSynchronizerPrimitiveShiftReg_d3_i0/module\1AsyncResetSynchronizerPrimitiveShiftReg_d3_i0_NexysVideoHarness_UNIQUIFIED/' /home/soooarr/chipyard/fpga/generated-src/chipyard.fpga.nexysvideo.NexysVideoHarness.RadarAXIMMIOXradarRoCCNexysVideo75MHzConfig/gen-collateral/AsyncResetSynchronizerPrimitiveShiftReg_d3_i0_NexysVideoHarness_UNIQUIFIED.sv
sed -i 's/module\( \+\)AsyncResetSynchronizerPrimitiveShiftReg_d3_i0/module\1AsyncResetSynchronizerPrimitiveShiftReg_d3_i0_NexysVideoHarness_UNIQUIFIED/' /home/soooarr/chipyard/fpga/generated-src/chipyard.fpga.nexysvideo.NexysVideoHarness.RadarAXIMMIOXradarRoCCNexysVideo75MHzConfig/gen-collateral/AsyncResetSynchronizerPrimitiveShiftReg_d3_i0_NexysVideoHarness_UNIQUIFIED.sv
sed -i 's/module\( \+\)AsyncResetSynchronizerPrimitiveShiftReg_d3_i0/module\1AsyncResetSynchronizerPrimitiveShiftReg_d3_i0_NexysVideoHarness_UNIQUIFIED/' /home/soooarr/chipyard/fpga/generated-src/chipyard.fpga.nexysvideo.NexysVideoHarness.RadarAXIMMIOXradarRoCCNexysVideo75MHzConfig/gen-collateral/AsyncResetSynchronizerPrimitiveShiftReg_d3_i0_NexysVideoHarness_UNIQUIFIED.sv
sed -i 's/module\( \+\)AsyncResetSynchronizerPrimitiveShiftReg_d3_i0/module\1AsyncResetSynchronizerPrimitiveShiftReg_d3_i0_NexysVideoHarness_UNIQUIFIED/' /home/soooarr/chipyard/fpga/generated-src/chipyard.fpga.nexysvideo.NexysVideoHarness.RadarAXIMMIOXradarRoCCNexysVideo75MHzConfig/gen-collateral/AsyncResetSynchronizerPrimitiveShiftReg_d3_i0_NexysVideoHarness_UNIQUIFIED.sv
sed -i 's/module\( \+\)AsyncResetSynchronizerPrimitiveShiftReg_d3_i0/module\1AsyncResetSynchronizerPrimitiveShiftReg_d3_i0_NexysVideoHarness_UNIQUIFIED/' /home/soooarr/chipyard/fpga/generated-src/chipyard.fpga.nexysvideo.NexysVideoHarness.RadarAXIMMIOXradarRoCCNexysVideo75MHzConfig/gen-collateral/AsyncResetSynchronizerPrimitiveShiftReg_d3_i0_NexysVideoHarness_UNIQUIFIED.sv
sed -i 's/module\( \+\)ram_2x118/module\1ram_2x118_NexysVideoHarness_UNIQUIFIED/' /home/soooarr/chipyard/fpga/generated-src/chipyard.fpga.nexysvideo.NexysVideoHarness.RadarAXIMMIOXradarRoCCNexysVideo75MHzConfig/gen-collateral/ram_2x118_NexysVideoHarness_UNIQUIFIED.sv
sed -i 's/\( \*\)ram_2x118\( \+\)/\1ram_2x118_NexysVideoHarness_UNIQUIFIED\2/' /home/soooarr/chipyard/fpga/generated-src/chipyard.fpga.nexysvideo.NexysVideoHarness.RadarAXIMMIOXradarRoCCNexysVideo75MHzConfig/gen-collateral/Queue2_TLBundleA_a32d64s4k1z3u_NexysVideoHarness_UNIQUIFIED.sv
sed -i 's/module\( \+\)ram_2x79/module\1ram_2x79_NexysVideoHarness_UNIQUIFIED/' /home/soooarr/chipyard/fpga/generated-src/chipyard.fpga.nexysvideo.NexysVideoHarness.RadarAXIMMIOXradarRoCCNexysVideo75MHzConfig/gen-collateral/ram_2x79_NexysVideoHarness_UNIQUIFIED.sv
sed -i 's/\( \*\)ram_2x79\( \+\)/\1ram_2x79_NexysVideoHarness_UNIQUIFIED\2/' /home/soooarr/chipyard/fpga/generated-src/chipyard.fpga.nexysvideo.NexysVideoHarness.RadarAXIMMIOXradarRoCCNexysVideo75MHzConfig/gen-collateral/Queue2_TLBundleD_a32d64s4k1z3u_NexysVideoHarness_UNIQUIFIED.sv
sed -i 's/module\( \+\)AsyncResetSynchronizerShiftReg_w4_d3_i0/module\1AsyncResetSynchronizerShiftReg_w4_d3_i0_NexysVideoHarness_UNIQUIFIED/' /home/soooarr/chipyard/fpga/generated-src/chipyard.fpga.nexysvideo.NexysVideoHarness.RadarAXIMMIOXradarRoCCNexysVideo75MHzConfig/gen-collateral/AsyncResetSynchronizerShiftReg_w4_d3_i0_NexysVideoHarness_UNIQUIFIED.sv
sed -i 's/\( \*\)AsyncResetSynchronizerShiftReg_w4_d3_i0\( \+\)/\1AsyncResetSynchronizerShiftReg_w4_d3_i0_NexysVideoHarness_UNIQUIFIED\2/' /home/soooarr/chipyard/fpga/generated-src/chipyard.fpga.nexysvideo.NexysVideoHarness.RadarAXIMMIOXradarRoCCNexysVideo75MHzConfig/gen-collateral/AsyncQueueSource_AXI4BundleAR.sv
sed -i 's/module\( \+\)AsyncValidSync/module\1AsyncValidSync_NexysVideoHarness_UNIQUIFIED/' /home/soooarr/chipyard/fpga/generated-src/chipyard.fpga.nexysvideo.NexysVideoHarness.RadarAXIMMIOXradarRoCCNexysVideo75MHzConfig/gen-collateral/AsyncValidSync_NexysVideoHarness_UNIQUIFIED.sv
sed -i 's/\( \*\)AsyncValidSync\( \+\)/\1AsyncValidSync_NexysVideoHarness_UNIQUIFIED\2/' /home/soooarr/chipyard/fpga/generated-src/chipyard.fpga.nexysvideo.NexysVideoHarness.RadarAXIMMIOXradarRoCCNexysVideo75MHzConfig/gen-collateral/AsyncQueueSource_AXI4BundleAR.sv
sed -i 's/module\( \+\)AsyncValidSync/module\1AsyncValidSync_NexysVideoHarness_UNIQUIFIED/' /home/soooarr/chipyard/fpga/generated-src/chipyard.fpga.nexysvideo.NexysVideoHarness.RadarAXIMMIOXradarRoCCNexysVideo75MHzConfig/gen-collateral/AsyncValidSync_NexysVideoHarness_UNIQUIFIED.sv
sed -i 's/module\( \+\)AsyncValidSync/module\1AsyncValidSync_NexysVideoHarness_UNIQUIFIED/' /home/soooarr/chipyard/fpga/generated-src/chipyard.fpga.nexysvideo.NexysVideoHarness.RadarAXIMMIOXradarRoCCNexysVideo75MHzConfig/gen-collateral/AsyncValidSync_NexysVideoHarness_UNIQUIFIED.sv
sed -i 's/module\( \+\)AsyncValidSync/module\1AsyncValidSync_NexysVideoHarness_UNIQUIFIED/' /home/soooarr/chipyard/fpga/generated-src/chipyard.fpga.nexysvideo.NexysVideoHarness.RadarAXIMMIOXradarRoCCNexysVideo75MHzConfig/gen-collateral/AsyncValidSync_NexysVideoHarness_UNIQUIFIED.sv
sed -i 's/module\( \+\)AsyncResetSynchronizerShiftReg_w4_d3_i0/module\1AsyncResetSynchronizerShiftReg_w4_d3_i0_NexysVideoHarness_UNIQUIFIED/' /home/soooarr/chipyard/fpga/generated-src/chipyard.fpga.nexysvideo.NexysVideoHarness.RadarAXIMMIOXradarRoCCNexysVideo75MHzConfig/gen-collateral/AsyncResetSynchronizerShiftReg_w4_d3_i0_NexysVideoHarness_UNIQUIFIED.sv
sed -i 's/\( \*\)AsyncResetSynchronizerShiftReg_w4_d3_i0\( \+\)/\1AsyncResetSynchronizerShiftReg_w4_d3_i0_NexysVideoHarness_UNIQUIFIED\2/' /home/soooarr/chipyard/fpga/generated-src/chipyard.fpga.nexysvideo.NexysVideoHarness.RadarAXIMMIOXradarRoCCNexysVideo75MHzConfig/gen-collateral/AsyncQueueSource_AXI4BundleAW.sv
sed -i 's/module\( \+\)AsyncValidSync/module\1AsyncValidSync_NexysVideoHarness_UNIQUIFIED/' /home/soooarr/chipyard/fpga/generated-src/chipyard.fpga.nexysvideo.NexysVideoHarness.RadarAXIMMIOXradarRoCCNexysVideo75MHzConfig/gen-collateral/AsyncValidSync_NexysVideoHarness_UNIQUIFIED.sv
sed -i 's/\( \*\)AsyncValidSync\( \+\)/\1AsyncValidSync_NexysVideoHarness_UNIQUIFIED\2/' /home/soooarr/chipyard/fpga/generated-src/chipyard.fpga.nexysvideo.NexysVideoHarness.RadarAXIMMIOXradarRoCCNexysVideo75MHzConfig/gen-collateral/AsyncQueueSource_AXI4BundleAW.sv
sed -i 's/module\( \+\)AsyncValidSync/module\1AsyncValidSync_NexysVideoHarness_UNIQUIFIED/' /home/soooarr/chipyard/fpga/generated-src/chipyard.fpga.nexysvideo.NexysVideoHarness.RadarAXIMMIOXradarRoCCNexysVideo75MHzConfig/gen-collateral/AsyncValidSync_NexysVideoHarness_UNIQUIFIED.sv
sed -i 's/module\( \+\)AsyncValidSync/module\1AsyncValidSync_NexysVideoHarness_UNIQUIFIED/' /home/soooarr/chipyard/fpga/generated-src/chipyard.fpga.nexysvideo.NexysVideoHarness.RadarAXIMMIOXradarRoCCNexysVideo75MHzConfig/gen-collateral/AsyncValidSync_NexysVideoHarness_UNIQUIFIED.sv
sed -i 's/module\( \+\)AsyncValidSync/module\1AsyncValidSync_NexysVideoHarness_UNIQUIFIED/' /home/soooarr/chipyard/fpga/generated-src/chipyard.fpga.nexysvideo.NexysVideoHarness.RadarAXIMMIOXradarRoCCNexysVideo75MHzConfig/gen-collateral/AsyncValidSync_NexysVideoHarness_UNIQUIFIED.sv
sed -i 's/module\( \+\)AsyncResetSynchronizerShiftReg_w4_d3_i0/module\1AsyncResetSynchronizerShiftReg_w4_d3_i0_NexysVideoHarness_UNIQUIFIED/' /home/soooarr/chipyard/fpga/generated-src/chipyard.fpga.nexysvideo.NexysVideoHarness.RadarAXIMMIOXradarRoCCNexysVideo75MHzConfig/gen-collateral/AsyncResetSynchronizerShiftReg_w4_d3_i0_NexysVideoHarness_UNIQUIFIED.sv
sed -i 's/\( \*\)AsyncResetSynchronizerShiftReg_w4_d3_i0\( \+\)/\1AsyncResetSynchronizerShiftReg_w4_d3_i0_NexysVideoHarness_UNIQUIFIED\2/' /home/soooarr/chipyard/fpga/generated-src/chipyard.fpga.nexysvideo.NexysVideoHarness.RadarAXIMMIOXradarRoCCNexysVideo75MHzConfig/gen-collateral/AsyncQueueSource_AXI4BundleW.sv
sed -i 's/module\( \+\)AsyncValidSync/module\1AsyncValidSync_NexysVideoHarness_UNIQUIFIED/' /home/soooarr/chipyard/fpga/generated-src/chipyard.fpga.nexysvideo.NexysVideoHarness.RadarAXIMMIOXradarRoCCNexysVideo75MHzConfig/gen-collateral/AsyncValidSync_NexysVideoHarness_UNIQUIFIED.sv
sed -i 's/\( \*\)AsyncValidSync\( \+\)/\1AsyncValidSync_NexysVideoHarness_UNIQUIFIED\2/' /home/soooarr/chipyard/fpga/generated-src/chipyard.fpga.nexysvideo.NexysVideoHarness.RadarAXIMMIOXradarRoCCNexysVideo75MHzConfig/gen-collateral/AsyncQueueSource_AXI4BundleW.sv
sed -i 's/module\( \+\)AsyncValidSync/module\1AsyncValidSync_NexysVideoHarness_UNIQUIFIED/' /home/soooarr/chipyard/fpga/generated-src/chipyard.fpga.nexysvideo.NexysVideoHarness.RadarAXIMMIOXradarRoCCNexysVideo75MHzConfig/gen-collateral/AsyncValidSync_NexysVideoHarness_UNIQUIFIED.sv
sed -i 's/module\( \+\)AsyncValidSync/module\1AsyncValidSync_NexysVideoHarness_UNIQUIFIED/' /home/soooarr/chipyard/fpga/generated-src/chipyard.fpga.nexysvideo.NexysVideoHarness.RadarAXIMMIOXradarRoCCNexysVideo75MHzConfig/gen-collateral/AsyncValidSync_NexysVideoHarness_UNIQUIFIED.sv
sed -i 's/module\( \+\)AsyncValidSync/module\1AsyncValidSync_NexysVideoHarness_UNIQUIFIED/' /home/soooarr/chipyard/fpga/generated-src/chipyard.fpga.nexysvideo.NexysVideoHarness.RadarAXIMMIOXradarRoCCNexysVideo75MHzConfig/gen-collateral/AsyncValidSync_NexysVideoHarness_UNIQUIFIED.sv
sed -i 's/module\( \+\)AsyncResetSynchronizerShiftReg_w4_d3_i0/module\1AsyncResetSynchronizerShiftReg_w4_d3_i0_NexysVideoHarness_UNIQUIFIED/' /home/soooarr/chipyard/fpga/generated-src/chipyard.fpga.nexysvideo.NexysVideoHarness.RadarAXIMMIOXradarRoCCNexysVideo75MHzConfig/gen-collateral/AsyncResetSynchronizerShiftReg_w4_d3_i0_NexysVideoHarness_UNIQUIFIED.sv
sed -i 's/\( \*\)AsyncResetSynchronizerShiftReg_w4_d3_i0\( \+\)/\1AsyncResetSynchronizerShiftReg_w4_d3_i0_NexysVideoHarness_UNIQUIFIED\2/' /home/soooarr/chipyard/fpga/generated-src/chipyard.fpga.nexysvideo.NexysVideoHarness.RadarAXIMMIOXradarRoCCNexysVideo75MHzConfig/gen-collateral/AsyncQueueSink_AXI4BundleR.sv
sed -i 's/module\( \+\)AsyncValidSync/module\1AsyncValidSync_NexysVideoHarness_UNIQUIFIED/' /home/soooarr/chipyard/fpga/generated-src/chipyard.fpga.nexysvideo.NexysVideoHarness.RadarAXIMMIOXradarRoCCNexysVideo75MHzConfig/gen-collateral/AsyncValidSync_NexysVideoHarness_UNIQUIFIED.sv
sed -i 's/\( \*\)AsyncValidSync\( \+\)/\1AsyncValidSync_NexysVideoHarness_UNIQUIFIED\2/' /home/soooarr/chipyard/fpga/generated-src/chipyard.fpga.nexysvideo.NexysVideoHarness.RadarAXIMMIOXradarRoCCNexysVideo75MHzConfig/gen-collateral/AsyncQueueSink_AXI4BundleR.sv
sed -i 's/module\( \+\)AsyncValidSync/module\1AsyncValidSync_NexysVideoHarness_UNIQUIFIED/' /home/soooarr/chipyard/fpga/generated-src/chipyard.fpga.nexysvideo.NexysVideoHarness.RadarAXIMMIOXradarRoCCNexysVideo75MHzConfig/gen-collateral/AsyncValidSync_NexysVideoHarness_UNIQUIFIED.sv
sed -i 's/module\( \+\)AsyncValidSync/module\1AsyncValidSync_NexysVideoHarness_UNIQUIFIED/' /home/soooarr/chipyard/fpga/generated-src/chipyard.fpga.nexysvideo.NexysVideoHarness.RadarAXIMMIOXradarRoCCNexysVideo75MHzConfig/gen-collateral/AsyncValidSync_NexysVideoHarness_UNIQUIFIED.sv
sed -i 's/module\( \+\)AsyncValidSync/module\1AsyncValidSync_NexysVideoHarness_UNIQUIFIED/' /home/soooarr/chipyard/fpga/generated-src/chipyard.fpga.nexysvideo.NexysVideoHarness.RadarAXIMMIOXradarRoCCNexysVideo75MHzConfig/gen-collateral/AsyncValidSync_NexysVideoHarness_UNIQUIFIED.sv
sed -i 's/module\( \+\)AsyncResetSynchronizerShiftReg_w4_d3_i0/module\1AsyncResetSynchronizerShiftReg_w4_d3_i0_NexysVideoHarness_UNIQUIFIED/' /home/soooarr/chipyard/fpga/generated-src/chipyard.fpga.nexysvideo.NexysVideoHarness.RadarAXIMMIOXradarRoCCNexysVideo75MHzConfig/gen-collateral/AsyncResetSynchronizerShiftReg_w4_d3_i0_NexysVideoHarness_UNIQUIFIED.sv
sed -i 's/\( \*\)AsyncResetSynchronizerShiftReg_w4_d3_i0\( \+\)/\1AsyncResetSynchronizerShiftReg_w4_d3_i0_NexysVideoHarness_UNIQUIFIED\2/' /home/soooarr/chipyard/fpga/generated-src/chipyard.fpga.nexysvideo.NexysVideoHarness.RadarAXIMMIOXradarRoCCNexysVideo75MHzConfig/gen-collateral/AsyncQueueSink_AXI4BundleB.sv
sed -i 's/module\( \+\)AsyncValidSync/module\1AsyncValidSync_NexysVideoHarness_UNIQUIFIED/' /home/soooarr/chipyard/fpga/generated-src/chipyard.fpga.nexysvideo.NexysVideoHarness.RadarAXIMMIOXradarRoCCNexysVideo75MHzConfig/gen-collateral/AsyncValidSync_NexysVideoHarness_UNIQUIFIED.sv
sed -i 's/\( \*\)AsyncValidSync\( \+\)/\1AsyncValidSync_NexysVideoHarness_UNIQUIFIED\2/' /home/soooarr/chipyard/fpga/generated-src/chipyard.fpga.nexysvideo.NexysVideoHarness.RadarAXIMMIOXradarRoCCNexysVideo75MHzConfig/gen-collateral/AsyncQueueSink_AXI4BundleB.sv
sed -i 's/module\( \+\)AsyncValidSync/module\1AsyncValidSync_NexysVideoHarness_UNIQUIFIED/' /home/soooarr/chipyard/fpga/generated-src/chipyard.fpga.nexysvideo.NexysVideoHarness.RadarAXIMMIOXradarRoCCNexysVideo75MHzConfig/gen-collateral/AsyncValidSync_NexysVideoHarness_UNIQUIFIED.sv
sed -i 's/module\( \+\)AsyncValidSync/module\1AsyncValidSync_NexysVideoHarness_UNIQUIFIED/' /home/soooarr/chipyard/fpga/generated-src/chipyard.fpga.nexysvideo.NexysVideoHarness.RadarAXIMMIOXradarRoCCNexysVideo75MHzConfig/gen-collateral/AsyncValidSync_NexysVideoHarness_UNIQUIFIED.sv
sed -i 's/module\( \+\)AsyncValidSync/module\1AsyncValidSync_NexysVideoHarness_UNIQUIFIED/' /home/soooarr/chipyard/fpga/generated-src/chipyard.fpga.nexysvideo.NexysVideoHarness.RadarAXIMMIOXradarRoCCNexysVideo75MHzConfig/gen-collateral/AsyncValidSync_NexysVideoHarness_UNIQUIFIED.sv
sed -i 's/module\( \+\)ram_2x73/module\1ram_2x73_NexysVideoHarness_UNIQUIFIED/' /home/soooarr/chipyard/fpga/generated-src/chipyard.fpga.nexysvideo.NexysVideoHarness.RadarAXIMMIOXradarRoCCNexysVideo75MHzConfig/gen-collateral/ram_2x73_NexysVideoHarness_UNIQUIFIED.sv
sed -i 's/\( \*\)ram_2x73\( \+\)/\1ram_2x73_NexysVideoHarness_UNIQUIFIED\2/' /home/soooarr/chipyard/fpga/generated-src/chipyard.fpga.nexysvideo.NexysVideoHarness.RadarAXIMMIOXradarRoCCNexysVideo75MHzConfig/gen-collateral/Queue2_AXI4BundleW_NexysVideoHarness_UNIQUIFIED.sv
sed -i 's/module\( \+\)ram_2x6/module\1ram_2x6_NexysVideoHarness_UNIQUIFIED/' /home/soooarr/chipyard/fpga/generated-src/chipyard.fpga.nexysvideo.NexysVideoHarness.RadarAXIMMIOXradarRoCCNexysVideo75MHzConfig/gen-collateral/ram_2x6_NexysVideoHarness_UNIQUIFIED.sv
sed -i 's/\( \*\)ram_2x6\( \+\)/\1ram_2x6_NexysVideoHarness_UNIQUIFIED\2/' /home/soooarr/chipyard/fpga/generated-src/chipyard.fpga.nexysvideo.NexysVideoHarness.RadarAXIMMIOXradarRoCCNexysVideo75MHzConfig/gen-collateral/Queue2_AXI4BundleB_NexysVideoHarness_UNIQUIFIED.sv
sed -i 's/module\( \+\)ram_2x71/module\1ram_2x71_NexysVideoHarness_UNIQUIFIED/' /home/soooarr/chipyard/fpga/generated-src/chipyard.fpga.nexysvideo.NexysVideoHarness.RadarAXIMMIOXradarRoCCNexysVideo75MHzConfig/gen-collateral/ram_2x71_NexysVideoHarness_UNIQUIFIED.sv
sed -i 's/\( \*\)ram_2x71\( \+\)/\1ram_2x71_NexysVideoHarness_UNIQUIFIED\2/' /home/soooarr/chipyard/fpga/generated-src/chipyard.fpga.nexysvideo.NexysVideoHarness.RadarAXIMMIOXradarRoCCNexysVideo75MHzConfig/gen-collateral/Queue2_AXI4BundleR_NexysVideoHarness_UNIQUIFIED.sv
sed -i 's/module\( \+\)AsyncResetSynchronizerShiftReg_w4_d3_i0/module\1AsyncResetSynchronizerShiftReg_w4_d3_i0_NexysVideoHarness_UNIQUIFIED/' /home/soooarr/chipyard/fpga/generated-src/chipyard.fpga.nexysvideo.NexysVideoHarness.RadarAXIMMIOXradarRoCCNexysVideo75MHzConfig/gen-collateral/AsyncResetSynchronizerShiftReg_w4_d3_i0_NexysVideoHarness_UNIQUIFIED.sv
sed -i 's/\( \*\)AsyncResetSynchronizerShiftReg_w4_d3_i0\( \+\)/\1AsyncResetSynchronizerShiftReg_w4_d3_i0_NexysVideoHarness_UNIQUIFIED\2/' /home/soooarr/chipyard/fpga/generated-src/chipyard.fpga.nexysvideo.NexysVideoHarness.RadarAXIMMIOXradarRoCCNexysVideo75MHzConfig/gen-collateral/AsyncQueueSink_AXI4BundleAR.sv
sed -i 's/module\( \+\)AsyncValidSync/module\1AsyncValidSync_NexysVideoHarness_UNIQUIFIED/' /home/soooarr/chipyard/fpga/generated-src/chipyard.fpga.nexysvideo.NexysVideoHarness.RadarAXIMMIOXradarRoCCNexysVideo75MHzConfig/gen-collateral/AsyncValidSync_NexysVideoHarness_UNIQUIFIED.sv
sed -i 's/\( \*\)AsyncValidSync\( \+\)/\1AsyncValidSync_NexysVideoHarness_UNIQUIFIED\2/' /home/soooarr/chipyard/fpga/generated-src/chipyard.fpga.nexysvideo.NexysVideoHarness.RadarAXIMMIOXradarRoCCNexysVideo75MHzConfig/gen-collateral/AsyncQueueSink_AXI4BundleAR.sv
sed -i 's/module\( \+\)AsyncValidSync/module\1AsyncValidSync_NexysVideoHarness_UNIQUIFIED/' /home/soooarr/chipyard/fpga/generated-src/chipyard.fpga.nexysvideo.NexysVideoHarness.RadarAXIMMIOXradarRoCCNexysVideo75MHzConfig/gen-collateral/AsyncValidSync_NexysVideoHarness_UNIQUIFIED.sv
sed -i 's/module\( \+\)AsyncValidSync/module\1AsyncValidSync_NexysVideoHarness_UNIQUIFIED/' /home/soooarr/chipyard/fpga/generated-src/chipyard.fpga.nexysvideo.NexysVideoHarness.RadarAXIMMIOXradarRoCCNexysVideo75MHzConfig/gen-collateral/AsyncValidSync_NexysVideoHarness_UNIQUIFIED.sv
sed -i 's/module\( \+\)AsyncValidSync/module\1AsyncValidSync_NexysVideoHarness_UNIQUIFIED/' /home/soooarr/chipyard/fpga/generated-src/chipyard.fpga.nexysvideo.NexysVideoHarness.RadarAXIMMIOXradarRoCCNexysVideo75MHzConfig/gen-collateral/AsyncValidSync_NexysVideoHarness_UNIQUIFIED.sv
sed -i 's/module\( \+\)AsyncResetSynchronizerShiftReg_w4_d3_i0/module\1AsyncResetSynchronizerShiftReg_w4_d3_i0_NexysVideoHarness_UNIQUIFIED/' /home/soooarr/chipyard/fpga/generated-src/chipyard.fpga.nexysvideo.NexysVideoHarness.RadarAXIMMIOXradarRoCCNexysVideo75MHzConfig/gen-collateral/AsyncResetSynchronizerShiftReg_w4_d3_i0_NexysVideoHarness_UNIQUIFIED.sv
sed -i 's/\( \*\)AsyncResetSynchronizerShiftReg_w4_d3_i0\( \+\)/\1AsyncResetSynchronizerShiftReg_w4_d3_i0_NexysVideoHarness_UNIQUIFIED\2/' /home/soooarr/chipyard/fpga/generated-src/chipyard.fpga.nexysvideo.NexysVideoHarness.RadarAXIMMIOXradarRoCCNexysVideo75MHzConfig/gen-collateral/AsyncQueueSink_AXI4BundleAW.sv
sed -i 's/module\( \+\)AsyncValidSync/module\1AsyncValidSync_NexysVideoHarness_UNIQUIFIED/' /home/soooarr/chipyard/fpga/generated-src/chipyard.fpga.nexysvideo.NexysVideoHarness.RadarAXIMMIOXradarRoCCNexysVideo75MHzConfig/gen-collateral/AsyncValidSync_NexysVideoHarness_UNIQUIFIED.sv
sed -i 's/\( \*\)AsyncValidSync\( \+\)/\1AsyncValidSync_NexysVideoHarness_UNIQUIFIED\2/' /home/soooarr/chipyard/fpga/generated-src/chipyard.fpga.nexysvideo.NexysVideoHarness.RadarAXIMMIOXradarRoCCNexysVideo75MHzConfig/gen-collateral/AsyncQueueSink_AXI4BundleAW.sv
sed -i 's/module\( \+\)AsyncValidSync/module\1AsyncValidSync_NexysVideoHarness_UNIQUIFIED/' /home/soooarr/chipyard/fpga/generated-src/chipyard.fpga.nexysvideo.NexysVideoHarness.RadarAXIMMIOXradarRoCCNexysVideo75MHzConfig/gen-collateral/AsyncValidSync_NexysVideoHarness_UNIQUIFIED.sv
sed -i 's/module\( \+\)AsyncValidSync/module\1AsyncValidSync_NexysVideoHarness_UNIQUIFIED/' /home/soooarr/chipyard/fpga/generated-src/chipyard.fpga.nexysvideo.NexysVideoHarness.RadarAXIMMIOXradarRoCCNexysVideo75MHzConfig/gen-collateral/AsyncValidSync_NexysVideoHarness_UNIQUIFIED.sv
sed -i 's/module\( \+\)AsyncValidSync/module\1AsyncValidSync_NexysVideoHarness_UNIQUIFIED/' /home/soooarr/chipyard/fpga/generated-src/chipyard.fpga.nexysvideo.NexysVideoHarness.RadarAXIMMIOXradarRoCCNexysVideo75MHzConfig/gen-collateral/AsyncValidSync_NexysVideoHarness_UNIQUIFIED.sv
sed -i 's/module\( \+\)AsyncResetSynchronizerShiftReg_w4_d3_i0/module\1AsyncResetSynchronizerShiftReg_w4_d3_i0_NexysVideoHarness_UNIQUIFIED/' /home/soooarr/chipyard/fpga/generated-src/chipyard.fpga.nexysvideo.NexysVideoHarness.RadarAXIMMIOXradarRoCCNexysVideo75MHzConfig/gen-collateral/AsyncResetSynchronizerShiftReg_w4_d3_i0_NexysVideoHarness_UNIQUIFIED.sv
sed -i 's/\( \*\)AsyncResetSynchronizerShiftReg_w4_d3_i0\( \+\)/\1AsyncResetSynchronizerShiftReg_w4_d3_i0_NexysVideoHarness_UNIQUIFIED\2/' /home/soooarr/chipyard/fpga/generated-src/chipyard.fpga.nexysvideo.NexysVideoHarness.RadarAXIMMIOXradarRoCCNexysVideo75MHzConfig/gen-collateral/AsyncQueueSink_AXI4BundleW.sv
sed -i 's/module\( \+\)AsyncValidSync/module\1AsyncValidSync_NexysVideoHarness_UNIQUIFIED/' /home/soooarr/chipyard/fpga/generated-src/chipyard.fpga.nexysvideo.NexysVideoHarness.RadarAXIMMIOXradarRoCCNexysVideo75MHzConfig/gen-collateral/AsyncValidSync_NexysVideoHarness_UNIQUIFIED.sv
sed -i 's/\( \*\)AsyncValidSync\( \+\)/\1AsyncValidSync_NexysVideoHarness_UNIQUIFIED\2/' /home/soooarr/chipyard/fpga/generated-src/chipyard.fpga.nexysvideo.NexysVideoHarness.RadarAXIMMIOXradarRoCCNexysVideo75MHzConfig/gen-collateral/AsyncQueueSink_AXI4BundleW.sv
sed -i 's/module\( \+\)AsyncValidSync/module\1AsyncValidSync_NexysVideoHarness_UNIQUIFIED/' /home/soooarr/chipyard/fpga/generated-src/chipyard.fpga.nexysvideo.NexysVideoHarness.RadarAXIMMIOXradarRoCCNexysVideo75MHzConfig/gen-collateral/AsyncValidSync_NexysVideoHarness_UNIQUIFIED.sv
sed -i 's/module\( \+\)AsyncValidSync/module\1AsyncValidSync_NexysVideoHarness_UNIQUIFIED/' /home/soooarr/chipyard/fpga/generated-src/chipyard.fpga.nexysvideo.NexysVideoHarness.RadarAXIMMIOXradarRoCCNexysVideo75MHzConfig/gen-collateral/AsyncValidSync_NexysVideoHarness_UNIQUIFIED.sv
sed -i 's/module\( \+\)AsyncValidSync/module\1AsyncValidSync_NexysVideoHarness_UNIQUIFIED/' /home/soooarr/chipyard/fpga/generated-src/chipyard.fpga.nexysvideo.NexysVideoHarness.RadarAXIMMIOXradarRoCCNexysVideo75MHzConfig/gen-collateral/AsyncValidSync_NexysVideoHarness_UNIQUIFIED.sv
sed -i 's/module\( \+\)AsyncResetSynchronizerShiftReg_w4_d3_i0/module\1AsyncResetSynchronizerShiftReg_w4_d3_i0_NexysVideoHarness_UNIQUIFIED/' /home/soooarr/chipyard/fpga/generated-src/chipyard.fpga.nexysvideo.NexysVideoHarness.RadarAXIMMIOXradarRoCCNexysVideo75MHzConfig/gen-collateral/AsyncResetSynchronizerShiftReg_w4_d3_i0_NexysVideoHarness_UNIQUIFIED.sv
sed -i 's/\( \*\)AsyncResetSynchronizerShiftReg_w4_d3_i0\( \+\)/\1AsyncResetSynchronizerShiftReg_w4_d3_i0_NexysVideoHarness_UNIQUIFIED\2/' /home/soooarr/chipyard/fpga/generated-src/chipyard.fpga.nexysvideo.NexysVideoHarness.RadarAXIMMIOXradarRoCCNexysVideo75MHzConfig/gen-collateral/AsyncQueueSource_AXI4BundleR.sv
sed -i 's/module\( \+\)AsyncValidSync/module\1AsyncValidSync_NexysVideoHarness_UNIQUIFIED/' /home/soooarr/chipyard/fpga/generated-src/chipyard.fpga.nexysvideo.NexysVideoHarness.RadarAXIMMIOXradarRoCCNexysVideo75MHzConfig/gen-collateral/AsyncValidSync_NexysVideoHarness_UNIQUIFIED.sv
sed -i 's/\( \*\)AsyncValidSync\( \+\)/\1AsyncValidSync_NexysVideoHarness_UNIQUIFIED\2/' /home/soooarr/chipyard/fpga/generated-src/chipyard.fpga.nexysvideo.NexysVideoHarness.RadarAXIMMIOXradarRoCCNexysVideo75MHzConfig/gen-collateral/AsyncQueueSource_AXI4BundleR.sv
sed -i 's/module\( \+\)AsyncValidSync/module\1AsyncValidSync_NexysVideoHarness_UNIQUIFIED/' /home/soooarr/chipyard/fpga/generated-src/chipyard.fpga.nexysvideo.NexysVideoHarness.RadarAXIMMIOXradarRoCCNexysVideo75MHzConfig/gen-collateral/AsyncValidSync_NexysVideoHarness_UNIQUIFIED.sv
sed -i 's/module\( \+\)AsyncValidSync/module\1AsyncValidSync_NexysVideoHarness_UNIQUIFIED/' /home/soooarr/chipyard/fpga/generated-src/chipyard.fpga.nexysvideo.NexysVideoHarness.RadarAXIMMIOXradarRoCCNexysVideo75MHzConfig/gen-collateral/AsyncValidSync_NexysVideoHarness_UNIQUIFIED.sv
sed -i 's/module\( \+\)AsyncValidSync/module\1AsyncValidSync_NexysVideoHarness_UNIQUIFIED/' /home/soooarr/chipyard/fpga/generated-src/chipyard.fpga.nexysvideo.NexysVideoHarness.RadarAXIMMIOXradarRoCCNexysVideo75MHzConfig/gen-collateral/AsyncValidSync_NexysVideoHarness_UNIQUIFIED.sv
sed -i 's/module\( \+\)AsyncResetSynchronizerShiftReg_w4_d3_i0/module\1AsyncResetSynchronizerShiftReg_w4_d3_i0_NexysVideoHarness_UNIQUIFIED/' /home/soooarr/chipyard/fpga/generated-src/chipyard.fpga.nexysvideo.NexysVideoHarness.RadarAXIMMIOXradarRoCCNexysVideo75MHzConfig/gen-collateral/AsyncResetSynchronizerShiftReg_w4_d3_i0_NexysVideoHarness_UNIQUIFIED.sv
sed -i 's/\( \*\)AsyncResetSynchronizerShiftReg_w4_d3_i0\( \+\)/\1AsyncResetSynchronizerShiftReg_w4_d3_i0_NexysVideoHarness_UNIQUIFIED\2/' /home/soooarr/chipyard/fpga/generated-src/chipyard.fpga.nexysvideo.NexysVideoHarness.RadarAXIMMIOXradarRoCCNexysVideo75MHzConfig/gen-collateral/AsyncQueueSource_AXI4BundleB.sv
sed -i 's/module\( \+\)AsyncValidSync/module\1AsyncValidSync_NexysVideoHarness_UNIQUIFIED/' /home/soooarr/chipyard/fpga/generated-src/chipyard.fpga.nexysvideo.NexysVideoHarness.RadarAXIMMIOXradarRoCCNexysVideo75MHzConfig/gen-collateral/AsyncValidSync_NexysVideoHarness_UNIQUIFIED.sv
sed -i 's/\( \*\)AsyncValidSync\( \+\)/\1AsyncValidSync_NexysVideoHarness_UNIQUIFIED\2/' /home/soooarr/chipyard/fpga/generated-src/chipyard.fpga.nexysvideo.NexysVideoHarness.RadarAXIMMIOXradarRoCCNexysVideo75MHzConfig/gen-collateral/AsyncQueueSource_AXI4BundleB.sv
sed -i 's/module\( \+\)AsyncValidSync/module\1AsyncValidSync_NexysVideoHarness_UNIQUIFIED/' /home/soooarr/chipyard/fpga/generated-src/chipyard.fpga.nexysvideo.NexysVideoHarness.RadarAXIMMIOXradarRoCCNexysVideo75MHzConfig/gen-collateral/AsyncValidSync_NexysVideoHarness_UNIQUIFIED.sv
sed -i 's/module\( \+\)AsyncValidSync/module\1AsyncValidSync_NexysVideoHarness_UNIQUIFIED/' /home/soooarr/chipyard/fpga/generated-src/chipyard.fpga.nexysvideo.NexysVideoHarness.RadarAXIMMIOXradarRoCCNexysVideo75MHzConfig/gen-collateral/AsyncValidSync_NexysVideoHarness_UNIQUIFIED.sv
sed -i 's/module\( \+\)AsyncValidSync/module\1AsyncValidSync_NexysVideoHarness_UNIQUIFIED/' /home/soooarr/chipyard/fpga/generated-src/chipyard.fpga.nexysvideo.NexysVideoHarness.RadarAXIMMIOXradarRoCCNexysVideo75MHzConfig/gen-collateral/AsyncValidSync_NexysVideoHarness_UNIQUIFIED.sv
sed -i 's/module\( \+\)AsyncResetSynchronizerPrimitiveShiftReg_d3_i0/module\1AsyncResetSynchronizerPrimitiveShiftReg_d3_i0_NexysVideoHarness_UNIQUIFIED/' /home/soooarr/chipyard/fpga/generated-src/chipyard.fpga.nexysvideo.NexysVideoHarness.RadarAXIMMIOXradarRoCCNexysVideo75MHzConfig/gen-collateral/AsyncResetSynchronizerPrimitiveShiftReg_d3_i0_NexysVideoHarness_UNIQUIFIED.sv
sed -i 's/\( \*\)AsyncResetSynchronizerPrimitiveShiftReg_d3_i0\( \+\)/\1AsyncResetSynchronizerPrimitiveShiftReg_d3_i0_NexysVideoHarness_UNIQUIFIED\2/' /home/soooarr/chipyard/fpga/generated-src/chipyard.fpga.nexysvideo.NexysVideoHarness.RadarAXIMMIOXradarRoCCNexysVideo75MHzConfig/gen-collateral/AsyncResetSynchronizerShiftReg_w4_d3_i0_NexysVideoHarness_UNIQUIFIED.sv
sed -i 's/module\( \+\)AsyncResetSynchronizerPrimitiveShiftReg_d3_i0/module\1AsyncResetSynchronizerPrimitiveShiftReg_d3_i0_NexysVideoHarness_UNIQUIFIED/' /home/soooarr/chipyard/fpga/generated-src/chipyard.fpga.nexysvideo.NexysVideoHarness.RadarAXIMMIOXradarRoCCNexysVideo75MHzConfig/gen-collateral/AsyncResetSynchronizerPrimitiveShiftReg_d3_i0_NexysVideoHarness_UNIQUIFIED.sv
sed -i 's/module\( \+\)AsyncResetSynchronizerPrimitiveShiftReg_d3_i0/module\1AsyncResetSynchronizerPrimitiveShiftReg_d3_i0_NexysVideoHarness_UNIQUIFIED/' /home/soooarr/chipyard/fpga/generated-src/chipyard.fpga.nexysvideo.NexysVideoHarness.RadarAXIMMIOXradarRoCCNexysVideo75MHzConfig/gen-collateral/AsyncResetSynchronizerPrimitiveShiftReg_d3_i0_NexysVideoHarness_UNIQUIFIED.sv
sed -i 's/module\( \+\)AsyncResetSynchronizerPrimitiveShiftReg_d3_i0/module\1AsyncResetSynchronizerPrimitiveShiftReg_d3_i0_NexysVideoHarness_UNIQUIFIED/' /home/soooarr/chipyard/fpga/generated-src/chipyard.fpga.nexysvideo.NexysVideoHarness.RadarAXIMMIOXradarRoCCNexysVideo75MHzConfig/gen-collateral/AsyncResetSynchronizerPrimitiveShiftReg_d3_i0_NexysVideoHarness_UNIQUIFIED.sv
sed -i 's/module\( \+\)AsyncResetSynchronizerShiftReg_w1_d3_i0_4/module\1AsyncResetSynchronizerShiftReg_w1_d3_i0_4_NexysVideoHarness_UNIQUIFIED/' /home/soooarr/chipyard/fpga/generated-src/chipyard.fpga.nexysvideo.NexysVideoHarness.RadarAXIMMIOXradarRoCCNexysVideo75MHzConfig/gen-collateral/AsyncResetSynchronizerShiftReg_w1_d3_i0_4_NexysVideoHarness_UNIQUIFIED.sv
sed -i 's/\( \*\)AsyncResetSynchronizerShiftReg_w1_d3_i0_4\( \+\)/\1AsyncResetSynchronizerShiftReg_w1_d3_i0_4_NexysVideoHarness_UNIQUIFIED\2/' /home/soooarr/chipyard/fpga/generated-src/chipyard.fpga.nexysvideo.NexysVideoHarness.RadarAXIMMIOXradarRoCCNexysVideo75MHzConfig/gen-collateral/AsyncValidSync_NexysVideoHarness_UNIQUIFIED.sv
sed -i 's/module\( \+\)AsyncResetSynchronizerShiftReg_w1_d3_i0_4/module\1AsyncResetSynchronizerShiftReg_w1_d3_i0_4_NexysVideoHarness_UNIQUIFIED/' /home/soooarr/chipyard/fpga/generated-src/chipyard.fpga.nexysvideo.NexysVideoHarness.RadarAXIMMIOXradarRoCCNexysVideo75MHzConfig/gen-collateral/AsyncResetSynchronizerShiftReg_w1_d3_i0_4_NexysVideoHarness_UNIQUIFIED.sv
sed -i 's/module\( \+\)AsyncResetSynchronizerShiftReg_w1_d3_i0_4/module\1AsyncResetSynchronizerShiftReg_w1_d3_i0_4_NexysVideoHarness_UNIQUIFIED/' /home/soooarr/chipyard/fpga/generated-src/chipyard.fpga.nexysvideo.NexysVideoHarness.RadarAXIMMIOXradarRoCCNexysVideo75MHzConfig/gen-collateral/AsyncResetSynchronizerShiftReg_w1_d3_i0_4_NexysVideoHarness_UNIQUIFIED.sv
sed -i 's/module\( \+\)AsyncResetSynchronizerShiftReg_w1_d3_i0_4/module\1AsyncResetSynchronizerShiftReg_w1_d3_i0_4_NexysVideoHarness_UNIQUIFIED/' /home/soooarr/chipyard/fpga/generated-src/chipyard.fpga.nexysvideo.NexysVideoHarness.RadarAXIMMIOXradarRoCCNexysVideo75MHzConfig/gen-collateral/AsyncResetSynchronizerShiftReg_w1_d3_i0_4_NexysVideoHarness_UNIQUIFIED.sv
sed -i 's/module\( \+\)AsyncResetSynchronizerPrimitiveShiftReg_d3_i0/module\1AsyncResetSynchronizerPrimitiveShiftReg_d3_i0_NexysVideoHarness_UNIQUIFIED/' /home/soooarr/chipyard/fpga/generated-src/chipyard.fpga.nexysvideo.NexysVideoHarness.RadarAXIMMIOXradarRoCCNexysVideo75MHzConfig/gen-collateral/AsyncResetSynchronizerPrimitiveShiftReg_d3_i0_NexysVideoHarness_UNIQUIFIED.sv
sed -i 's/module\( \+\)AsyncResetSynchronizerPrimitiveShiftReg_d3_i0/module\1AsyncResetSynchronizerPrimitiveShiftReg_d3_i0_NexysVideoHarness_UNIQUIFIED/' /home/soooarr/chipyard/fpga/generated-src/chipyard.fpga.nexysvideo.NexysVideoHarness.RadarAXIMMIOXradarRoCCNexysVideo75MHzConfig/gen-collateral/AsyncResetSynchronizerPrimitiveShiftReg_d3_i0_NexysVideoHarness_UNIQUIFIED.sv
sed -i 's/module\( \+\)AsyncResetSynchronizerPrimitiveShiftReg_d3_i0/module\1AsyncResetSynchronizerPrimitiveShiftReg_d3_i0_NexysVideoHarness_UNIQUIFIED/' /home/soooarr/chipyard/fpga/generated-src/chipyard.fpga.nexysvideo.NexysVideoHarness.RadarAXIMMIOXradarRoCCNexysVideo75MHzConfig/gen-collateral/AsyncResetSynchronizerPrimitiveShiftReg_d3_i0_NexysVideoHarness_UNIQUIFIED.sv
sed -i 's/module\( \+\)AsyncResetSynchronizerPrimitiveShiftReg_d3_i0/module\1AsyncResetSynchronizerPrimitiveShiftReg_d3_i0_NexysVideoHarness_UNIQUIFIED/' /home/soooarr/chipyard/fpga/generated-src/chipyard.fpga.nexysvideo.NexysVideoHarness.RadarAXIMMIOXradarRoCCNexysVideo75MHzConfig/gen-collateral/AsyncResetSynchronizerPrimitiveShiftReg_d3_i0_NexysVideoHarness_UNIQUIFIED.sv
sed -i 's/module\( \+\)AsyncResetSynchronizerShiftReg_w1_d3_i0_4/module\1AsyncResetSynchronizerShiftReg_w1_d3_i0_4_NexysVideoHarness_UNIQUIFIED/' /home/soooarr/chipyard/fpga/generated-src/chipyard.fpga.nexysvideo.NexysVideoHarness.RadarAXIMMIOXradarRoCCNexysVideo75MHzConfig/gen-collateral/AsyncResetSynchronizerShiftReg_w1_d3_i0_4_NexysVideoHarness_UNIQUIFIED.sv
sed -i 's/module\( \+\)AsyncResetSynchronizerShiftReg_w1_d3_i0_4/module\1AsyncResetSynchronizerShiftReg_w1_d3_i0_4_NexysVideoHarness_UNIQUIFIED/' /home/soooarr/chipyard/fpga/generated-src/chipyard.fpga.nexysvideo.NexysVideoHarness.RadarAXIMMIOXradarRoCCNexysVideo75MHzConfig/gen-collateral/AsyncResetSynchronizerShiftReg_w1_d3_i0_4_NexysVideoHarness_UNIQUIFIED.sv
sed -i 's/module\( \+\)AsyncResetSynchronizerShiftReg_w1_d3_i0_4/module\1AsyncResetSynchronizerShiftReg_w1_d3_i0_4_NexysVideoHarness_UNIQUIFIED/' /home/soooarr/chipyard/fpga/generated-src/chipyard.fpga.nexysvideo.NexysVideoHarness.RadarAXIMMIOXradarRoCCNexysVideo75MHzConfig/gen-collateral/AsyncResetSynchronizerShiftReg_w1_d3_i0_4_NexysVideoHarness_UNIQUIFIED.sv
sed -i 's/module\( \+\)AsyncResetSynchronizerShiftReg_w1_d3_i0_4/module\1AsyncResetSynchronizerShiftReg_w1_d3_i0_4_NexysVideoHarness_UNIQUIFIED/' /home/soooarr/chipyard/fpga/generated-src/chipyard.fpga.nexysvideo.NexysVideoHarness.RadarAXIMMIOXradarRoCCNexysVideo75MHzConfig/gen-collateral/AsyncResetSynchronizerShiftReg_w1_d3_i0_4_NexysVideoHarness_UNIQUIFIED.sv
sed -i 's/module\( \+\)AsyncResetSynchronizerPrimitiveShiftReg_d3_i0/module\1AsyncResetSynchronizerPrimitiveShiftReg_d3_i0_NexysVideoHarness_UNIQUIFIED/' /home/soooarr/chipyard/fpga/generated-src/chipyard.fpga.nexysvideo.NexysVideoHarness.RadarAXIMMIOXradarRoCCNexysVideo75MHzConfig/gen-collateral/AsyncResetSynchronizerPrimitiveShiftReg_d3_i0_NexysVideoHarness_UNIQUIFIED.sv
sed -i 's/module\( \+\)AsyncResetSynchronizerPrimitiveShiftReg_d3_i0/module\1AsyncResetSynchronizerPrimitiveShiftReg_d3_i0_NexysVideoHarness_UNIQUIFIED/' /home/soooarr/chipyard/fpga/generated-src/chipyard.fpga.nexysvideo.NexysVideoHarness.RadarAXIMMIOXradarRoCCNexysVideo75MHzConfig/gen-collateral/AsyncResetSynchronizerPrimitiveShiftReg_d3_i0_NexysVideoHarness_UNIQUIFIED.sv
sed -i 's/module\( \+\)AsyncResetSynchronizerPrimitiveShiftReg_d3_i0/module\1AsyncResetSynchronizerPrimitiveShiftReg_d3_i0_NexysVideoHarness_UNIQUIFIED/' /home/soooarr/chipyard/fpga/generated-src/chipyard.fpga.nexysvideo.NexysVideoHarness.RadarAXIMMIOXradarRoCCNexysVideo75MHzConfig/gen-collateral/AsyncResetSynchronizerPrimitiveShiftReg_d3_i0_NexysVideoHarness_UNIQUIFIED.sv
sed -i 's/module\( \+\)AsyncResetSynchronizerPrimitiveShiftReg_d3_i0/module\1AsyncResetSynchronizerPrimitiveShiftReg_d3_i0_NexysVideoHarness_UNIQUIFIED/' /home/soooarr/chipyard/fpga/generated-src/chipyard.fpga.nexysvideo.NexysVideoHarness.RadarAXIMMIOXradarRoCCNexysVideo75MHzConfig/gen-collateral/AsyncResetSynchronizerPrimitiveShiftReg_d3_i0_NexysVideoHarness_UNIQUIFIED.sv
sed -i 's/module\( \+\)AsyncResetSynchronizerShiftReg_w1_d3_i0_4/module\1AsyncResetSynchronizerShiftReg_w1_d3_i0_4_NexysVideoHarness_UNIQUIFIED/' /home/soooarr/chipyard/fpga/generated-src/chipyard.fpga.nexysvideo.NexysVideoHarness.RadarAXIMMIOXradarRoCCNexysVideo75MHzConfig/gen-collateral/AsyncResetSynchronizerShiftReg_w1_d3_i0_4_NexysVideoHarness_UNIQUIFIED.sv
sed -i 's/module\( \+\)AsyncResetSynchronizerShiftReg_w1_d3_i0_4/module\1AsyncResetSynchronizerShiftReg_w1_d3_i0_4_NexysVideoHarness_UNIQUIFIED/' /home/soooarr/chipyard/fpga/generated-src/chipyard.fpga.nexysvideo.NexysVideoHarness.RadarAXIMMIOXradarRoCCNexysVideo75MHzConfig/gen-collateral/AsyncResetSynchronizerShiftReg_w1_d3_i0_4_NexysVideoHarness_UNIQUIFIED.sv
sed -i 's/module\( \+\)AsyncResetSynchronizerShiftReg_w1_d3_i0_4/module\1AsyncResetSynchronizerShiftReg_w1_d3_i0_4_NexysVideoHarness_UNIQUIFIED/' /home/soooarr/chipyard/fpga/generated-src/chipyard.fpga.nexysvideo.NexysVideoHarness.RadarAXIMMIOXradarRoCCNexysVideo75MHzConfig/gen-collateral/AsyncResetSynchronizerShiftReg_w1_d3_i0_4_NexysVideoHarness_UNIQUIFIED.sv
sed -i 's/module\( \+\)AsyncResetSynchronizerShiftReg_w1_d3_i0_4/module\1AsyncResetSynchronizerShiftReg_w1_d3_i0_4_NexysVideoHarness_UNIQUIFIED/' /home/soooarr/chipyard/fpga/generated-src/chipyard.fpga.nexysvideo.NexysVideoHarness.RadarAXIMMIOXradarRoCCNexysVideo75MHzConfig/gen-collateral/AsyncResetSynchronizerShiftReg_w1_d3_i0_4_NexysVideoHarness_UNIQUIFIED.sv
sed -i 's/module\( \+\)AsyncResetSynchronizerPrimitiveShiftReg_d3_i0/module\1AsyncResetSynchronizerPrimitiveShiftReg_d3_i0_NexysVideoHarness_UNIQUIFIED/' /home/soooarr/chipyard/fpga/generated-src/chipyard.fpga.nexysvideo.NexysVideoHarness.RadarAXIMMIOXradarRoCCNexysVideo75MHzConfig/gen-collateral/AsyncResetSynchronizerPrimitiveShiftReg_d3_i0_NexysVideoHarness_UNIQUIFIED.sv
sed -i 's/module\( \+\)AsyncResetSynchronizerPrimitiveShiftReg_d3_i0/module\1AsyncResetSynchronizerPrimitiveShiftReg_d3_i0_NexysVideoHarness_UNIQUIFIED/' /home/soooarr/chipyard/fpga/generated-src/chipyard.fpga.nexysvideo.NexysVideoHarness.RadarAXIMMIOXradarRoCCNexysVideo75MHzConfig/gen-collateral/AsyncResetSynchronizerPrimitiveShiftReg_d3_i0_NexysVideoHarness_UNIQUIFIED.sv
sed -i 's/module\( \+\)AsyncResetSynchronizerPrimitiveShiftReg_d3_i0/module\1AsyncResetSynchronizerPrimitiveShiftReg_d3_i0_NexysVideoHarness_UNIQUIFIED/' /home/soooarr/chipyard/fpga/generated-src/chipyard.fpga.nexysvideo.NexysVideoHarness.RadarAXIMMIOXradarRoCCNexysVideo75MHzConfig/gen-collateral/AsyncResetSynchronizerPrimitiveShiftReg_d3_i0_NexysVideoHarness_UNIQUIFIED.sv
sed -i 's/module\( \+\)AsyncResetSynchronizerPrimitiveShiftReg_d3_i0/module\1AsyncResetSynchronizerPrimitiveShiftReg_d3_i0_NexysVideoHarness_UNIQUIFIED/' /home/soooarr/chipyard/fpga/generated-src/chipyard.fpga.nexysvideo.NexysVideoHarness.RadarAXIMMIOXradarRoCCNexysVideo75MHzConfig/gen-collateral/AsyncResetSynchronizerPrimitiveShiftReg_d3_i0_NexysVideoHarness_UNIQUIFIED.sv
sed -i 's/module\( \+\)AsyncResetSynchronizerShiftReg_w1_d3_i0_4/module\1AsyncResetSynchronizerShiftReg_w1_d3_i0_4_NexysVideoHarness_UNIQUIFIED/' /home/soooarr/chipyard/fpga/generated-src/chipyard.fpga.nexysvideo.NexysVideoHarness.RadarAXIMMIOXradarRoCCNexysVideo75MHzConfig/gen-collateral/AsyncResetSynchronizerShiftReg_w1_d3_i0_4_NexysVideoHarness_UNIQUIFIED.sv
sed -i 's/module\( \+\)AsyncResetSynchronizerShiftReg_w1_d3_i0_4/module\1AsyncResetSynchronizerShiftReg_w1_d3_i0_4_NexysVideoHarness_UNIQUIFIED/' /home/soooarr/chipyard/fpga/generated-src/chipyard.fpga.nexysvideo.NexysVideoHarness.RadarAXIMMIOXradarRoCCNexysVideo75MHzConfig/gen-collateral/AsyncResetSynchronizerShiftReg_w1_d3_i0_4_NexysVideoHarness_UNIQUIFIED.sv
sed -i 's/module\( \+\)AsyncResetSynchronizerShiftReg_w1_d3_i0_4/module\1AsyncResetSynchronizerShiftReg_w1_d3_i0_4_NexysVideoHarness_UNIQUIFIED/' /home/soooarr/chipyard/fpga/generated-src/chipyard.fpga.nexysvideo.NexysVideoHarness.RadarAXIMMIOXradarRoCCNexysVideo75MHzConfig/gen-collateral/AsyncResetSynchronizerShiftReg_w1_d3_i0_4_NexysVideoHarness_UNIQUIFIED.sv
sed -i 's/module\( \+\)AsyncResetSynchronizerShiftReg_w1_d3_i0_4/module\1AsyncResetSynchronizerShiftReg_w1_d3_i0_4_NexysVideoHarness_UNIQUIFIED/' /home/soooarr/chipyard/fpga/generated-src/chipyard.fpga.nexysvideo.NexysVideoHarness.RadarAXIMMIOXradarRoCCNexysVideo75MHzConfig/gen-collateral/AsyncResetSynchronizerShiftReg_w1_d3_i0_4_NexysVideoHarness_UNIQUIFIED.sv
sed -i 's/module\( \+\)AsyncResetSynchronizerPrimitiveShiftReg_d3_i0/module\1AsyncResetSynchronizerPrimitiveShiftReg_d3_i0_NexysVideoHarness_UNIQUIFIED/' /home/soooarr/chipyard/fpga/generated-src/chipyard.fpga.nexysvideo.NexysVideoHarness.RadarAXIMMIOXradarRoCCNexysVideo75MHzConfig/gen-collateral/AsyncResetSynchronizerPrimitiveShiftReg_d3_i0_NexysVideoHarness_UNIQUIFIED.sv
sed -i 's/module\( \+\)AsyncResetSynchronizerPrimitiveShiftReg_d3_i0/module\1AsyncResetSynchronizerPrimitiveShiftReg_d3_i0_NexysVideoHarness_UNIQUIFIED/' /home/soooarr/chipyard/fpga/generated-src/chipyard.fpga.nexysvideo.NexysVideoHarness.RadarAXIMMIOXradarRoCCNexysVideo75MHzConfig/gen-collateral/AsyncResetSynchronizerPrimitiveShiftReg_d3_i0_NexysVideoHarness_UNIQUIFIED.sv
sed -i 's/module\( \+\)AsyncResetSynchronizerPrimitiveShiftReg_d3_i0/module\1AsyncResetSynchronizerPrimitiveShiftReg_d3_i0_NexysVideoHarness_UNIQUIFIED/' /home/soooarr/chipyard/fpga/generated-src/chipyard.fpga.nexysvideo.NexysVideoHarness.RadarAXIMMIOXradarRoCCNexysVideo75MHzConfig/gen-collateral/AsyncResetSynchronizerPrimitiveShiftReg_d3_i0_NexysVideoHarness_UNIQUIFIED.sv
sed -i 's/module\( \+\)AsyncResetSynchronizerPrimitiveShiftReg_d3_i0/module\1AsyncResetSynchronizerPrimitiveShiftReg_d3_i0_NexysVideoHarness_UNIQUIFIED/' /home/soooarr/chipyard/fpga/generated-src/chipyard.fpga.nexysvideo.NexysVideoHarness.RadarAXIMMIOXradarRoCCNexysVideo75MHzConfig/gen-collateral/AsyncResetSynchronizerPrimitiveShiftReg_d3_i0_NexysVideoHarness_UNIQUIFIED.sv
sed -i 's/module\( \+\)AsyncResetSynchronizerShiftReg_w1_d3_i0_4/module\1AsyncResetSynchronizerShiftReg_w1_d3_i0_4_NexysVideoHarness_UNIQUIFIED/' /home/soooarr/chipyard/fpga/generated-src/chipyard.fpga.nexysvideo.NexysVideoHarness.RadarAXIMMIOXradarRoCCNexysVideo75MHzConfig/gen-collateral/AsyncResetSynchronizerShiftReg_w1_d3_i0_4_NexysVideoHarness_UNIQUIFIED.sv
sed -i 's/module\( \+\)AsyncResetSynchronizerShiftReg_w1_d3_i0_4/module\1AsyncResetSynchronizerShiftReg_w1_d3_i0_4_NexysVideoHarness_UNIQUIFIED/' /home/soooarr/chipyard/fpga/generated-src/chipyard.fpga.nexysvideo.NexysVideoHarness.RadarAXIMMIOXradarRoCCNexysVideo75MHzConfig/gen-collateral/AsyncResetSynchronizerShiftReg_w1_d3_i0_4_NexysVideoHarness_UNIQUIFIED.sv
sed -i 's/module\( \+\)AsyncResetSynchronizerShiftReg_w1_d3_i0_4/module\1AsyncResetSynchronizerShiftReg_w1_d3_i0_4_NexysVideoHarness_UNIQUIFIED/' /home/soooarr/chipyard/fpga/generated-src/chipyard.fpga.nexysvideo.NexysVideoHarness.RadarAXIMMIOXradarRoCCNexysVideo75MHzConfig/gen-collateral/AsyncResetSynchronizerShiftReg_w1_d3_i0_4_NexysVideoHarness_UNIQUIFIED.sv
sed -i 's/module\( \+\)AsyncResetSynchronizerShiftReg_w1_d3_i0_4/module\1AsyncResetSynchronizerShiftReg_w1_d3_i0_4_NexysVideoHarness_UNIQUIFIED/' /home/soooarr/chipyard/fpga/generated-src/chipyard.fpga.nexysvideo.NexysVideoHarness.RadarAXIMMIOXradarRoCCNexysVideo75MHzConfig/gen-collateral/AsyncResetSynchronizerShiftReg_w1_d3_i0_4_NexysVideoHarness_UNIQUIFIED.sv
sed -i 's/module\( \+\)AsyncResetSynchronizerPrimitiveShiftReg_d3_i0/module\1AsyncResetSynchronizerPrimitiveShiftReg_d3_i0_NexysVideoHarness_UNIQUIFIED/' /home/soooarr/chipyard/fpga/generated-src/chipyard.fpga.nexysvideo.NexysVideoHarness.RadarAXIMMIOXradarRoCCNexysVideo75MHzConfig/gen-collateral/AsyncResetSynchronizerPrimitiveShiftReg_d3_i0_NexysVideoHarness_UNIQUIFIED.sv
sed -i 's/module\( \+\)AsyncResetSynchronizerPrimitiveShiftReg_d3_i0/module\1AsyncResetSynchronizerPrimitiveShiftReg_d3_i0_NexysVideoHarness_UNIQUIFIED/' /home/soooarr/chipyard/fpga/generated-src/chipyard.fpga.nexysvideo.NexysVideoHarness.RadarAXIMMIOXradarRoCCNexysVideo75MHzConfig/gen-collateral/AsyncResetSynchronizerPrimitiveShiftReg_d3_i0_NexysVideoHarness_UNIQUIFIED.sv
sed -i 's/module\( \+\)AsyncResetSynchronizerPrimitiveShiftReg_d3_i0/module\1AsyncResetSynchronizerPrimitiveShiftReg_d3_i0_NexysVideoHarness_UNIQUIFIED/' /home/soooarr/chipyard/fpga/generated-src/chipyard.fpga.nexysvideo.NexysVideoHarness.RadarAXIMMIOXradarRoCCNexysVideo75MHzConfig/gen-collateral/AsyncResetSynchronizerPrimitiveShiftReg_d3_i0_NexysVideoHarness_UNIQUIFIED.sv
sed -i 's/module\( \+\)AsyncResetSynchronizerPrimitiveShiftReg_d3_i0/module\1AsyncResetSynchronizerPrimitiveShiftReg_d3_i0_NexysVideoHarness_UNIQUIFIED/' /home/soooarr/chipyard/fpga/generated-src/chipyard.fpga.nexysvideo.NexysVideoHarness.RadarAXIMMIOXradarRoCCNexysVideo75MHzConfig/gen-collateral/AsyncResetSynchronizerPrimitiveShiftReg_d3_i0_NexysVideoHarness_UNIQUIFIED.sv
sed -i 's/module\( \+\)AsyncResetSynchronizerShiftReg_w1_d3_i0_4/module\1AsyncResetSynchronizerShiftReg_w1_d3_i0_4_NexysVideoHarness_UNIQUIFIED/' /home/soooarr/chipyard/fpga/generated-src/chipyard.fpga.nexysvideo.NexysVideoHarness.RadarAXIMMIOXradarRoCCNexysVideo75MHzConfig/gen-collateral/AsyncResetSynchronizerShiftReg_w1_d3_i0_4_NexysVideoHarness_UNIQUIFIED.sv
sed -i 's/module\( \+\)AsyncResetSynchronizerShiftReg_w1_d3_i0_4/module\1AsyncResetSynchronizerShiftReg_w1_d3_i0_4_NexysVideoHarness_UNIQUIFIED/' /home/soooarr/chipyard/fpga/generated-src/chipyard.fpga.nexysvideo.NexysVideoHarness.RadarAXIMMIOXradarRoCCNexysVideo75MHzConfig/gen-collateral/AsyncResetSynchronizerShiftReg_w1_d3_i0_4_NexysVideoHarness_UNIQUIFIED.sv
sed -i 's/module\( \+\)AsyncResetSynchronizerShiftReg_w1_d3_i0_4/module\1AsyncResetSynchronizerShiftReg_w1_d3_i0_4_NexysVideoHarness_UNIQUIFIED/' /home/soooarr/chipyard/fpga/generated-src/chipyard.fpga.nexysvideo.NexysVideoHarness.RadarAXIMMIOXradarRoCCNexysVideo75MHzConfig/gen-collateral/AsyncResetSynchronizerShiftReg_w1_d3_i0_4_NexysVideoHarness_UNIQUIFIED.sv
sed -i 's/module\( \+\)AsyncResetSynchronizerShiftReg_w1_d3_i0_4/module\1AsyncResetSynchronizerShiftReg_w1_d3_i0_4_NexysVideoHarness_UNIQUIFIED/' /home/soooarr/chipyard/fpga/generated-src/chipyard.fpga.nexysvideo.NexysVideoHarness.RadarAXIMMIOXradarRoCCNexysVideo75MHzConfig/gen-collateral/AsyncResetSynchronizerShiftReg_w1_d3_i0_4_NexysVideoHarness_UNIQUIFIED.sv
sed -i 's/module\( \+\)AsyncResetSynchronizerPrimitiveShiftReg_d3_i0/module\1AsyncResetSynchronizerPrimitiveShiftReg_d3_i0_NexysVideoHarness_UNIQUIFIED/' /home/soooarr/chipyard/fpga/generated-src/chipyard.fpga.nexysvideo.NexysVideoHarness.RadarAXIMMIOXradarRoCCNexysVideo75MHzConfig/gen-collateral/AsyncResetSynchronizerPrimitiveShiftReg_d3_i0_NexysVideoHarness_UNIQUIFIED.sv
sed -i 's/module\( \+\)AsyncResetSynchronizerPrimitiveShiftReg_d3_i0/module\1AsyncResetSynchronizerPrimitiveShiftReg_d3_i0_NexysVideoHarness_UNIQUIFIED/' /home/soooarr/chipyard/fpga/generated-src/chipyard.fpga.nexysvideo.NexysVideoHarness.RadarAXIMMIOXradarRoCCNexysVideo75MHzConfig/gen-collateral/AsyncResetSynchronizerPrimitiveShiftReg_d3_i0_NexysVideoHarness_UNIQUIFIED.sv
sed -i 's/module\( \+\)AsyncResetSynchronizerPrimitiveShiftReg_d3_i0/module\1AsyncResetSynchronizerPrimitiveShiftReg_d3_i0_NexysVideoHarness_UNIQUIFIED/' /home/soooarr/chipyard/fpga/generated-src/chipyard.fpga.nexysvideo.NexysVideoHarness.RadarAXIMMIOXradarRoCCNexysVideo75MHzConfig/gen-collateral/AsyncResetSynchronizerPrimitiveShiftReg_d3_i0_NexysVideoHarness_UNIQUIFIED.sv
sed -i 's/module\( \+\)AsyncResetSynchronizerPrimitiveShiftReg_d3_i0/module\1AsyncResetSynchronizerPrimitiveShiftReg_d3_i0_NexysVideoHarness_UNIQUIFIED/' /home/soooarr/chipyard/fpga/generated-src/chipyard.fpga.nexysvideo.NexysVideoHarness.RadarAXIMMIOXradarRoCCNexysVideo75MHzConfig/gen-collateral/AsyncResetSynchronizerPrimitiveShiftReg_d3_i0_NexysVideoHarness_UNIQUIFIED.sv
sed -i 's/module\( \+\)AsyncResetSynchronizerShiftReg_w1_d3_i0_4/module\1AsyncResetSynchronizerShiftReg_w1_d3_i0_4_NexysVideoHarness_UNIQUIFIED/' /home/soooarr/chipyard/fpga/generated-src/chipyard.fpga.nexysvideo.NexysVideoHarness.RadarAXIMMIOXradarRoCCNexysVideo75MHzConfig/gen-collateral/AsyncResetSynchronizerShiftReg_w1_d3_i0_4_NexysVideoHarness_UNIQUIFIED.sv
sed -i 's/module\( \+\)AsyncResetSynchronizerShiftReg_w1_d3_i0_4/module\1AsyncResetSynchronizerShiftReg_w1_d3_i0_4_NexysVideoHarness_UNIQUIFIED/' /home/soooarr/chipyard/fpga/generated-src/chipyard.fpga.nexysvideo.NexysVideoHarness.RadarAXIMMIOXradarRoCCNexysVideo75MHzConfig/gen-collateral/AsyncResetSynchronizerShiftReg_w1_d3_i0_4_NexysVideoHarness_UNIQUIFIED.sv
sed -i 's/module\( \+\)AsyncResetSynchronizerShiftReg_w1_d3_i0_4/module\1AsyncResetSynchronizerShiftReg_w1_d3_i0_4_NexysVideoHarness_UNIQUIFIED/' /home/soooarr/chipyard/fpga/generated-src/chipyard.fpga.nexysvideo.NexysVideoHarness.RadarAXIMMIOXradarRoCCNexysVideo75MHzConfig/gen-collateral/AsyncResetSynchronizerShiftReg_w1_d3_i0_4_NexysVideoHarness_UNIQUIFIED.sv
sed -i 's/module\( \+\)AsyncResetSynchronizerShiftReg_w1_d3_i0_4/module\1AsyncResetSynchronizerShiftReg_w1_d3_i0_4_NexysVideoHarness_UNIQUIFIED/' /home/soooarr/chipyard/fpga/generated-src/chipyard.fpga.nexysvideo.NexysVideoHarness.RadarAXIMMIOXradarRoCCNexysVideo75MHzConfig/gen-collateral/AsyncResetSynchronizerShiftReg_w1_d3_i0_4_NexysVideoHarness_UNIQUIFIED.sv
sed -i 's/module\( \+\)AsyncResetSynchronizerPrimitiveShiftReg_d3_i0/module\1AsyncResetSynchronizerPrimitiveShiftReg_d3_i0_NexysVideoHarness_UNIQUIFIED/' /home/soooarr/chipyard/fpga/generated-src/chipyard.fpga.nexysvideo.NexysVideoHarness.RadarAXIMMIOXradarRoCCNexysVideo75MHzConfig/gen-collateral/AsyncResetSynchronizerPrimitiveShiftReg_d3_i0_NexysVideoHarness_UNIQUIFIED.sv
sed -i 's/module\( \+\)AsyncResetSynchronizerPrimitiveShiftReg_d3_i0/module\1AsyncResetSynchronizerPrimitiveShiftReg_d3_i0_NexysVideoHarness_UNIQUIFIED/' /home/soooarr/chipyard/fpga/generated-src/chipyard.fpga.nexysvideo.NexysVideoHarness.RadarAXIMMIOXradarRoCCNexysVideo75MHzConfig/gen-collateral/AsyncResetSynchronizerPrimitiveShiftReg_d3_i0_NexysVideoHarness_UNIQUIFIED.sv
sed -i 's/module\( \+\)AsyncResetSynchronizerPrimitiveShiftReg_d3_i0/module\1AsyncResetSynchronizerPrimitiveShiftReg_d3_i0_NexysVideoHarness_UNIQUIFIED/' /home/soooarr/chipyard/fpga/generated-src/chipyard.fpga.nexysvideo.NexysVideoHarness.RadarAXIMMIOXradarRoCCNexysVideo75MHzConfig/gen-collateral/AsyncResetSynchronizerPrimitiveShiftReg_d3_i0_NexysVideoHarness_UNIQUIFIED.sv
sed -i 's/module\( \+\)AsyncResetSynchronizerPrimitiveShiftReg_d3_i0/module\1AsyncResetSynchronizerPrimitiveShiftReg_d3_i0_NexysVideoHarness_UNIQUIFIED/' /home/soooarr/chipyard/fpga/generated-src/chipyard.fpga.nexysvideo.NexysVideoHarness.RadarAXIMMIOXradarRoCCNexysVideo75MHzConfig/gen-collateral/AsyncResetSynchronizerPrimitiveShiftReg_d3_i0_NexysVideoHarness_UNIQUIFIED.sv
sed -i 's/module\( \+\)AsyncResetSynchronizerShiftReg_w1_d3_i0_4/module\1AsyncResetSynchronizerShiftReg_w1_d3_i0_4_NexysVideoHarness_UNIQUIFIED/' /home/soooarr/chipyard/fpga/generated-src/chipyard.fpga.nexysvideo.NexysVideoHarness.RadarAXIMMIOXradarRoCCNexysVideo75MHzConfig/gen-collateral/AsyncResetSynchronizerShiftReg_w1_d3_i0_4_NexysVideoHarness_UNIQUIFIED.sv
sed -i 's/module\( \+\)AsyncResetSynchronizerShiftReg_w1_d3_i0_4/module\1AsyncResetSynchronizerShiftReg_w1_d3_i0_4_NexysVideoHarness_UNIQUIFIED/' /home/soooarr/chipyard/fpga/generated-src/chipyard.fpga.nexysvideo.NexysVideoHarness.RadarAXIMMIOXradarRoCCNexysVideo75MHzConfig/gen-collateral/AsyncResetSynchronizerShiftReg_w1_d3_i0_4_NexysVideoHarness_UNIQUIFIED.sv
sed -i 's/module\( \+\)AsyncResetSynchronizerShiftReg_w1_d3_i0_4/module\1AsyncResetSynchronizerShiftReg_w1_d3_i0_4_NexysVideoHarness_UNIQUIFIED/' /home/soooarr/chipyard/fpga/generated-src/chipyard.fpga.nexysvideo.NexysVideoHarness.RadarAXIMMIOXradarRoCCNexysVideo75MHzConfig/gen-collateral/AsyncResetSynchronizerShiftReg_w1_d3_i0_4_NexysVideoHarness_UNIQUIFIED.sv
sed -i 's/module\( \+\)AsyncResetSynchronizerShiftReg_w1_d3_i0_4/module\1AsyncResetSynchronizerShiftReg_w1_d3_i0_4_NexysVideoHarness_UNIQUIFIED/' /home/soooarr/chipyard/fpga/generated-src/chipyard.fpga.nexysvideo.NexysVideoHarness.RadarAXIMMIOXradarRoCCNexysVideo75MHzConfig/gen-collateral/AsyncResetSynchronizerShiftReg_w1_d3_i0_4_NexysVideoHarness_UNIQUIFIED.sv
sed -i 's/module\( \+\)AsyncResetSynchronizerPrimitiveShiftReg_d3_i0/module\1AsyncResetSynchronizerPrimitiveShiftReg_d3_i0_NexysVideoHarness_UNIQUIFIED/' /home/soooarr/chipyard/fpga/generated-src/chipyard.fpga.nexysvideo.NexysVideoHarness.RadarAXIMMIOXradarRoCCNexysVideo75MHzConfig/gen-collateral/AsyncResetSynchronizerPrimitiveShiftReg_d3_i0_NexysVideoHarness_UNIQUIFIED.sv
sed -i 's/module\( \+\)AsyncResetSynchronizerPrimitiveShiftReg_d3_i0/module\1AsyncResetSynchronizerPrimitiveShiftReg_d3_i0_NexysVideoHarness_UNIQUIFIED/' /home/soooarr/chipyard/fpga/generated-src/chipyard.fpga.nexysvideo.NexysVideoHarness.RadarAXIMMIOXradarRoCCNexysVideo75MHzConfig/gen-collateral/AsyncResetSynchronizerPrimitiveShiftReg_d3_i0_NexysVideoHarness_UNIQUIFIED.sv
sed -i 's/module\( \+\)AsyncResetSynchronizerPrimitiveShiftReg_d3_i0/module\1AsyncResetSynchronizerPrimitiveShiftReg_d3_i0_NexysVideoHarness_UNIQUIFIED/' /home/soooarr/chipyard/fpga/generated-src/chipyard.fpga.nexysvideo.NexysVideoHarness.RadarAXIMMIOXradarRoCCNexysVideo75MHzConfig/gen-collateral/AsyncResetSynchronizerPrimitiveShiftReg_d3_i0_NexysVideoHarness_UNIQUIFIED.sv
sed -i 's/module\( \+\)AsyncResetSynchronizerPrimitiveShiftReg_d3_i0/module\1AsyncResetSynchronizerPrimitiveShiftReg_d3_i0_NexysVideoHarness_UNIQUIFIED/' /home/soooarr/chipyard/fpga/generated-src/chipyard.fpga.nexysvideo.NexysVideoHarness.RadarAXIMMIOXradarRoCCNexysVideo75MHzConfig/gen-collateral/AsyncResetSynchronizerPrimitiveShiftReg_d3_i0_NexysVideoHarness_UNIQUIFIED.sv
sed -i 's/module\( \+\)AsyncResetSynchronizerShiftReg_w1_d3_i0_4/module\1AsyncResetSynchronizerShiftReg_w1_d3_i0_4_NexysVideoHarness_UNIQUIFIED/' /home/soooarr/chipyard/fpga/generated-src/chipyard.fpga.nexysvideo.NexysVideoHarness.RadarAXIMMIOXradarRoCCNexysVideo75MHzConfig/gen-collateral/AsyncResetSynchronizerShiftReg_w1_d3_i0_4_NexysVideoHarness_UNIQUIFIED.sv
sed -i 's/module\( \+\)AsyncResetSynchronizerShiftReg_w1_d3_i0_4/module\1AsyncResetSynchronizerShiftReg_w1_d3_i0_4_NexysVideoHarness_UNIQUIFIED/' /home/soooarr/chipyard/fpga/generated-src/chipyard.fpga.nexysvideo.NexysVideoHarness.RadarAXIMMIOXradarRoCCNexysVideo75MHzConfig/gen-collateral/AsyncResetSynchronizerShiftReg_w1_d3_i0_4_NexysVideoHarness_UNIQUIFIED.sv
sed -i 's/module\( \+\)AsyncResetSynchronizerShiftReg_w1_d3_i0_4/module\1AsyncResetSynchronizerShiftReg_w1_d3_i0_4_NexysVideoHarness_UNIQUIFIED/' /home/soooarr/chipyard/fpga/generated-src/chipyard.fpga.nexysvideo.NexysVideoHarness.RadarAXIMMIOXradarRoCCNexysVideo75MHzConfig/gen-collateral/AsyncResetSynchronizerShiftReg_w1_d3_i0_4_NexysVideoHarness_UNIQUIFIED.sv
sed -i 's/module\( \+\)AsyncResetSynchronizerShiftReg_w1_d3_i0_4/module\1AsyncResetSynchronizerShiftReg_w1_d3_i0_4_NexysVideoHarness_UNIQUIFIED/' /home/soooarr/chipyard/fpga/generated-src/chipyard.fpga.nexysvideo.NexysVideoHarness.RadarAXIMMIOXradarRoCCNexysVideo75MHzConfig/gen-collateral/AsyncResetSynchronizerShiftReg_w1_d3_i0_4_NexysVideoHarness_UNIQUIFIED.sv
sed -i 's/module\( \+\)AsyncResetSynchronizerPrimitiveShiftReg_d3_i0/module\1AsyncResetSynchronizerPrimitiveShiftReg_d3_i0_NexysVideoHarness_UNIQUIFIED/' /home/soooarr/chipyard/fpga/generated-src/chipyard.fpga.nexysvideo.NexysVideoHarness.RadarAXIMMIOXradarRoCCNexysVideo75MHzConfig/gen-collateral/AsyncResetSynchronizerPrimitiveShiftReg_d3_i0_NexysVideoHarness_UNIQUIFIED.sv
sed -i 's/module\( \+\)AsyncResetSynchronizerPrimitiveShiftReg_d3_i0/module\1AsyncResetSynchronizerPrimitiveShiftReg_d3_i0_NexysVideoHarness_UNIQUIFIED/' /home/soooarr/chipyard/fpga/generated-src/chipyard.fpga.nexysvideo.NexysVideoHarness.RadarAXIMMIOXradarRoCCNexysVideo75MHzConfig/gen-collateral/AsyncResetSynchronizerPrimitiveShiftReg_d3_i0_NexysVideoHarness_UNIQUIFIED.sv
sed -i 's/module\( \+\)AsyncResetSynchronizerPrimitiveShiftReg_d3_i0/module\1AsyncResetSynchronizerPrimitiveShiftReg_d3_i0_NexysVideoHarness_UNIQUIFIED/' /home/soooarr/chipyard/fpga/generated-src/chipyard.fpga.nexysvideo.NexysVideoHarness.RadarAXIMMIOXradarRoCCNexysVideo75MHzConfig/gen-collateral/AsyncResetSynchronizerPrimitiveShiftReg_d3_i0_NexysVideoHarness_UNIQUIFIED.sv
sed -i 's/module\( \+\)AsyncResetSynchronizerPrimitiveShiftReg_d3_i0/module\1AsyncResetSynchronizerPrimitiveShiftReg_d3_i0_NexysVideoHarness_UNIQUIFIED/' /home/soooarr/chipyard/fpga/generated-src/chipyard.fpga.nexysvideo.NexysVideoHarness.RadarAXIMMIOXradarRoCCNexysVideo75MHzConfig/gen-collateral/AsyncResetSynchronizerPrimitiveShiftReg_d3_i0_NexysVideoHarness_UNIQUIFIED.sv
sed -i 's/module\( \+\)AsyncResetSynchronizerShiftReg_w1_d3_i0_4/module\1AsyncResetSynchronizerShiftReg_w1_d3_i0_4_NexysVideoHarness_UNIQUIFIED/' /home/soooarr/chipyard/fpga/generated-src/chipyard.fpga.nexysvideo.NexysVideoHarness.RadarAXIMMIOXradarRoCCNexysVideo75MHzConfig/gen-collateral/AsyncResetSynchronizerShiftReg_w1_d3_i0_4_NexysVideoHarness_UNIQUIFIED.sv
sed -i 's/module\( \+\)AsyncResetSynchronizerShiftReg_w1_d3_i0_4/module\1AsyncResetSynchronizerShiftReg_w1_d3_i0_4_NexysVideoHarness_UNIQUIFIED/' /home/soooarr/chipyard/fpga/generated-src/chipyard.fpga.nexysvideo.NexysVideoHarness.RadarAXIMMIOXradarRoCCNexysVideo75MHzConfig/gen-collateral/AsyncResetSynchronizerShiftReg_w1_d3_i0_4_NexysVideoHarness_UNIQUIFIED.sv
sed -i 's/module\( \+\)AsyncResetSynchronizerShiftReg_w1_d3_i0_4/module\1AsyncResetSynchronizerShiftReg_w1_d3_i0_4_NexysVideoHarness_UNIQUIFIED/' /home/soooarr/chipyard/fpga/generated-src/chipyard.fpga.nexysvideo.NexysVideoHarness.RadarAXIMMIOXradarRoCCNexysVideo75MHzConfig/gen-collateral/AsyncResetSynchronizerShiftReg_w1_d3_i0_4_NexysVideoHarness_UNIQUIFIED.sv
sed -i 's/module\( \+\)AsyncResetSynchronizerShiftReg_w1_d3_i0_4/module\1AsyncResetSynchronizerShiftReg_w1_d3_i0_4_NexysVideoHarness_UNIQUIFIED/' /home/soooarr/chipyard/fpga/generated-src/chipyard.fpga.nexysvideo.NexysVideoHarness.RadarAXIMMIOXradarRoCCNexysVideo75MHzConfig/gen-collateral/AsyncResetSynchronizerShiftReg_w1_d3_i0_4_NexysVideoHarness_UNIQUIFIED.sv
sed -i 's/module\( \+\)AsyncResetSynchronizerPrimitiveShiftReg_d3_i0/module\1AsyncResetSynchronizerPrimitiveShiftReg_d3_i0_NexysVideoHarness_UNIQUIFIED/' /home/soooarr/chipyard/fpga/generated-src/chipyard.fpga.nexysvideo.NexysVideoHarness.RadarAXIMMIOXradarRoCCNexysVideo75MHzConfig/gen-collateral/AsyncResetSynchronizerPrimitiveShiftReg_d3_i0_NexysVideoHarness_UNIQUIFIED.sv
sed -i 's/\( \*\)AsyncResetSynchronizerPrimitiveShiftReg_d3_i0\( \+\)/\1AsyncResetSynchronizerPrimitiveShiftReg_d3_i0_NexysVideoHarness_UNIQUIFIED\2/' /home/soooarr/chipyard/fpga/generated-src/chipyard.fpga.nexysvideo.NexysVideoHarness.RadarAXIMMIOXradarRoCCNexysVideo75MHzConfig/gen-collateral/AsyncResetSynchronizerShiftReg_w1_d3_i0_4_NexysVideoHarness_UNIQUIFIED.sv
sed -i 's/module\( \+\)AsyncResetSynchronizerPrimitiveShiftReg_d3_i0/module\1AsyncResetSynchronizerPrimitiveShiftReg_d3_i0_NexysVideoHarness_UNIQUIFIED/' /home/soooarr/chipyard/fpga/generated-src/chipyard.fpga.nexysvideo.NexysVideoHarness.RadarAXIMMIOXradarRoCCNexysVideo75MHzConfig/gen-collateral/AsyncResetSynchronizerPrimitiveShiftReg_d3_i0_NexysVideoHarness_UNIQUIFIED.sv
sed -i 's/module\( \+\)AsyncResetSynchronizerPrimitiveShiftReg_d3_i0/module\1AsyncResetSynchronizerPrimitiveShiftReg_d3_i0_NexysVideoHarness_UNIQUIFIED/' /home/soooarr/chipyard/fpga/generated-src/chipyard.fpga.nexysvideo.NexysVideoHarness.RadarAXIMMIOXradarRoCCNexysVideo75MHzConfig/gen-collateral/AsyncResetSynchronizerPrimitiveShiftReg_d3_i0_NexysVideoHarness_UNIQUIFIED.sv
sed -i 's/module\( \+\)AsyncResetSynchronizerPrimitiveShiftReg_d3_i0/module\1AsyncResetSynchronizerPrimitiveShiftReg_d3_i0_NexysVideoHarness_UNIQUIFIED/' /home/soooarr/chipyard/fpga/generated-src/chipyard.fpga.nexysvideo.NexysVideoHarness.RadarAXIMMIOXradarRoCCNexysVideo75MHzConfig/gen-collateral/AsyncResetSynchronizerPrimitiveShiftReg_d3_i0_NexysVideoHarness_UNIQUIFIED.sv
sed -i 's/module\( \+\)AsyncResetSynchronizerPrimitiveShiftReg_d3_i0/module\1AsyncResetSynchronizerPrimitiveShiftReg_d3_i0_NexysVideoHarness_UNIQUIFIED/' /home/soooarr/chipyard/fpga/generated-src/chipyard.fpga.nexysvideo.NexysVideoHarness.RadarAXIMMIOXradarRoCCNexysVideo75MHzConfig/gen-collateral/AsyncResetSynchronizerPrimitiveShiftReg_d3_i0_NexysVideoHarness_UNIQUIFIED.sv
sed -i 's/module\( \+\)AsyncResetSynchronizerPrimitiveShiftReg_d3_i0/module\1AsyncResetSynchronizerPrimitiveShiftReg_d3_i0_NexysVideoHarness_UNIQUIFIED/' /home/soooarr/chipyard/fpga/generated-src/chipyard.fpga.nexysvideo.NexysVideoHarness.RadarAXIMMIOXradarRoCCNexysVideo75MHzConfig/gen-collateral/AsyncResetSynchronizerPrimitiveShiftReg_d3_i0_NexysVideoHarness_UNIQUIFIED.sv
sed -i 's/module\( \+\)AsyncResetSynchronizerPrimitiveShiftReg_d3_i0/module\1AsyncResetSynchronizerPrimitiveShiftReg_d3_i0_NexysVideoHarness_UNIQUIFIED/' /home/soooarr/chipyard/fpga/generated-src/chipyard.fpga.nexysvideo.NexysVideoHarness.RadarAXIMMIOXradarRoCCNexysVideo75MHzConfig/gen-collateral/AsyncResetSynchronizerPrimitiveShiftReg_d3_i0_NexysVideoHarness_UNIQUIFIED.sv
sed -i 's/module\( \+\)AsyncResetSynchronizerPrimitiveShiftReg_d3_i0/module\1AsyncResetSynchronizerPrimitiveShiftReg_d3_i0_NexysVideoHarness_UNIQUIFIED/' /home/soooarr/chipyard/fpga/generated-src/chipyard.fpga.nexysvideo.NexysVideoHarness.RadarAXIMMIOXradarRoCCNexysVideo75MHzConfig/gen-collateral/AsyncResetSynchronizerPrimitiveShiftReg_d3_i0_NexysVideoHarness_UNIQUIFIED.sv
sed -i 's/module\( \+\)AsyncResetSynchronizerPrimitiveShiftReg_d3_i0/module\1AsyncResetSynchronizerPrimitiveShiftReg_d3_i0_NexysVideoHarness_UNIQUIFIED/' /home/soooarr/chipyard/fpga/generated-src/chipyard.fpga.nexysvideo.NexysVideoHarness.RadarAXIMMIOXradarRoCCNexysVideo75MHzConfig/gen-collateral/AsyncResetSynchronizerPrimitiveShiftReg_d3_i0_NexysVideoHarness_UNIQUIFIED.sv
sed -i 's/module\( \+\)AsyncResetSynchronizerPrimitiveShiftReg_d3_i0/module\1AsyncResetSynchronizerPrimitiveShiftReg_d3_i0_NexysVideoHarness_UNIQUIFIED/' /home/soooarr/chipyard/fpga/generated-src/chipyard.fpga.nexysvideo.NexysVideoHarness.RadarAXIMMIOXradarRoCCNexysVideo75MHzConfig/gen-collateral/AsyncResetSynchronizerPrimitiveShiftReg_d3_i0_NexysVideoHarness_UNIQUIFIED.sv
sed -i 's/module\( \+\)AsyncResetSynchronizerPrimitiveShiftReg_d3_i0/module\1AsyncResetSynchronizerPrimitiveShiftReg_d3_i0_NexysVideoHarness_UNIQUIFIED/' /home/soooarr/chipyard/fpga/generated-src/chipyard.fpga.nexysvideo.NexysVideoHarness.RadarAXIMMIOXradarRoCCNexysVideo75MHzConfig/gen-collateral/AsyncResetSynchronizerPrimitiveShiftReg_d3_i0_NexysVideoHarness_UNIQUIFIED.sv
sed -i 's/module\( \+\)AsyncResetSynchronizerPrimitiveShiftReg_d3_i0/module\1AsyncResetSynchronizerPrimitiveShiftReg_d3_i0_NexysVideoHarness_UNIQUIFIED/' /home/soooarr/chipyard/fpga/generated-src/chipyard.fpga.nexysvideo.NexysVideoHarness.RadarAXIMMIOXradarRoCCNexysVideo75MHzConfig/gen-collateral/AsyncResetSynchronizerPrimitiveShiftReg_d3_i0_NexysVideoHarness_UNIQUIFIED.sv
sed -i 's/module\( \+\)AsyncResetSynchronizerPrimitiveShiftReg_d3_i0/module\1AsyncResetSynchronizerPrimitiveShiftReg_d3_i0_NexysVideoHarness_UNIQUIFIED/' /home/soooarr/chipyard/fpga/generated-src/chipyard.fpga.nexysvideo.NexysVideoHarness.RadarAXIMMIOXradarRoCCNexysVideo75MHzConfig/gen-collateral/AsyncResetSynchronizerPrimitiveShiftReg_d3_i0_NexysVideoHarness_UNIQUIFIED.sv
sed -i 's/module\( \+\)AsyncResetSynchronizerPrimitiveShiftReg_d3_i0/module\1AsyncResetSynchronizerPrimitiveShiftReg_d3_i0_NexysVideoHarness_UNIQUIFIED/' /home/soooarr/chipyard/fpga/generated-src/chipyard.fpga.nexysvideo.NexysVideoHarness.RadarAXIMMIOXradarRoCCNexysVideo75MHzConfig/gen-collateral/AsyncResetSynchronizerPrimitiveShiftReg_d3_i0_NexysVideoHarness_UNIQUIFIED.sv
sed -i 's/module\( \+\)AsyncResetSynchronizerPrimitiveShiftReg_d3_i0/module\1AsyncResetSynchronizerPrimitiveShiftReg_d3_i0_NexysVideoHarness_UNIQUIFIED/' /home/soooarr/chipyard/fpga/generated-src/chipyard.fpga.nexysvideo.NexysVideoHarness.RadarAXIMMIOXradarRoCCNexysVideo75MHzConfig/gen-collateral/AsyncResetSynchronizerPrimitiveShiftReg_d3_i0_NexysVideoHarness_UNIQUIFIED.sv
sed -i 's/module\( \+\)AsyncResetSynchronizerPrimitiveShiftReg_d3_i0/module\1AsyncResetSynchronizerPrimitiveShiftReg_d3_i0_NexysVideoHarness_UNIQUIFIED/' /home/soooarr/chipyard/fpga/generated-src/chipyard.fpga.nexysvideo.NexysVideoHarness.RadarAXIMMIOXradarRoCCNexysVideo75MHzConfig/gen-collateral/AsyncResetSynchronizerPrimitiveShiftReg_d3_i0_NexysVideoHarness_UNIQUIFIED.sv
sed -i 's/module\( \+\)AsyncResetSynchronizerPrimitiveShiftReg_d3_i0/module\1AsyncResetSynchronizerPrimitiveShiftReg_d3_i0_NexysVideoHarness_UNIQUIFIED/' /home/soooarr/chipyard/fpga/generated-src/chipyard.fpga.nexysvideo.NexysVideoHarness.RadarAXIMMIOXradarRoCCNexysVideo75MHzConfig/gen-collateral/AsyncResetSynchronizerPrimitiveShiftReg_d3_i0_NexysVideoHarness_UNIQUIFIED.sv
sed -i 's/module\( \+\)AsyncResetSynchronizerPrimitiveShiftReg_d3_i0/module\1AsyncResetSynchronizerPrimitiveShiftReg_d3_i0_NexysVideoHarness_UNIQUIFIED/' /home/soooarr/chipyard/fpga/generated-src/chipyard.fpga.nexysvideo.NexysVideoHarness.RadarAXIMMIOXradarRoCCNexysVideo75MHzConfig/gen-collateral/AsyncResetSynchronizerPrimitiveShiftReg_d3_i0_NexysVideoHarness_UNIQUIFIED.sv
sed -i 's/module\( \+\)AsyncResetSynchronizerPrimitiveShiftReg_d3_i0/module\1AsyncResetSynchronizerPrimitiveShiftReg_d3_i0_NexysVideoHarness_UNIQUIFIED/' /home/soooarr/chipyard/fpga/generated-src/chipyard.fpga.nexysvideo.NexysVideoHarness.RadarAXIMMIOXradarRoCCNexysVideo75MHzConfig/gen-collateral/AsyncResetSynchronizerPrimitiveShiftReg_d3_i0_NexysVideoHarness_UNIQUIFIED.sv
sed -i 's/module\( \+\)AsyncResetSynchronizerPrimitiveShiftReg_d3_i0/module\1AsyncResetSynchronizerPrimitiveShiftReg_d3_i0_NexysVideoHarness_UNIQUIFIED/' /home/soooarr/chipyard/fpga/generated-src/chipyard.fpga.nexysvideo.NexysVideoHarness.RadarAXIMMIOXradarRoCCNexysVideo75MHzConfig/gen-collateral/AsyncResetSynchronizerPrimitiveShiftReg_d3_i0_NexysVideoHarness_UNIQUIFIED.sv
sed -i 's/module\( \+\)AsyncResetSynchronizerPrimitiveShiftReg_d3_i0/module\1AsyncResetSynchronizerPrimitiveShiftReg_d3_i0_NexysVideoHarness_UNIQUIFIED/' /home/soooarr/chipyard/fpga/generated-src/chipyard.fpga.nexysvideo.NexysVideoHarness.RadarAXIMMIOXradarRoCCNexysVideo75MHzConfig/gen-collateral/AsyncResetSynchronizerPrimitiveShiftReg_d3_i0_NexysVideoHarness_UNIQUIFIED.sv
sed -i 's/module\( \+\)AsyncResetSynchronizerPrimitiveShiftReg_d3_i0/module\1AsyncResetSynchronizerPrimitiveShiftReg_d3_i0_NexysVideoHarness_UNIQUIFIED/' /home/soooarr/chipyard/fpga/generated-src/chipyard.fpga.nexysvideo.NexysVideoHarness.RadarAXIMMIOXradarRoCCNexysVideo75MHzConfig/gen-collateral/AsyncResetSynchronizerPrimitiveShiftReg_d3_i0_NexysVideoHarness_UNIQUIFIED.sv
sed -i 's/module\( \+\)AsyncResetSynchronizerPrimitiveShiftReg_d3_i0/module\1AsyncResetSynchronizerPrimitiveShiftReg_d3_i0_NexysVideoHarness_UNIQUIFIED/' /home/soooarr/chipyard/fpga/generated-src/chipyard.fpga.nexysvideo.NexysVideoHarness.RadarAXIMMIOXradarRoCCNexysVideo75MHzConfig/gen-collateral/AsyncResetSynchronizerPrimitiveShiftReg_d3_i0_NexysVideoHarness_UNIQUIFIED.sv
sed -i 's/module\( \+\)AsyncResetSynchronizerPrimitiveShiftReg_d3_i0/module\1AsyncResetSynchronizerPrimitiveShiftReg_d3_i0_NexysVideoHarness_UNIQUIFIED/' /home/soooarr/chipyard/fpga/generated-src/chipyard.fpga.nexysvideo.NexysVideoHarness.RadarAXIMMIOXradarRoCCNexysVideo75MHzConfig/gen-collateral/AsyncResetSynchronizerPrimitiveShiftReg_d3_i0_NexysVideoHarness_UNIQUIFIED.sv
sed -i 's/module\( \+\)AsyncResetSynchronizerPrimitiveShiftReg_d3_i0/module\1AsyncResetSynchronizerPrimitiveShiftReg_d3_i0_NexysVideoHarness_UNIQUIFIED/' /home/soooarr/chipyard/fpga/generated-src/chipyard.fpga.nexysvideo.NexysVideoHarness.RadarAXIMMIOXradarRoCCNexysVideo75MHzConfig/gen-collateral/AsyncResetSynchronizerPrimitiveShiftReg_d3_i0_NexysVideoHarness_UNIQUIFIED.sv
sed -i 's/module\( \+\)AsyncResetSynchronizerPrimitiveShiftReg_d3_i0/module\1AsyncResetSynchronizerPrimitiveShiftReg_d3_i0_NexysVideoHarness_UNIQUIFIED/' /home/soooarr/chipyard/fpga/generated-src/chipyard.fpga.nexysvideo.NexysVideoHarness.RadarAXIMMIOXradarRoCCNexysVideo75MHzConfig/gen-collateral/AsyncResetSynchronizerPrimitiveShiftReg_d3_i0_NexysVideoHarness_UNIQUIFIED.sv
sed -i 's/module\( \+\)AsyncResetSynchronizerPrimitiveShiftReg_d3_i0/module\1AsyncResetSynchronizerPrimitiveShiftReg_d3_i0_NexysVideoHarness_UNIQUIFIED/' /home/soooarr/chipyard/fpga/generated-src/chipyard.fpga.nexysvideo.NexysVideoHarness.RadarAXIMMIOXradarRoCCNexysVideo75MHzConfig/gen-collateral/AsyncResetSynchronizerPrimitiveShiftReg_d3_i0_NexysVideoHarness_UNIQUIFIED.sv
sed -i 's/module\( \+\)AsyncResetSynchronizerPrimitiveShiftReg_d3_i0/module\1AsyncResetSynchronizerPrimitiveShiftReg_d3_i0_NexysVideoHarness_UNIQUIFIED/' /home/soooarr/chipyard/fpga/generated-src/chipyard.fpga.nexysvideo.NexysVideoHarness.RadarAXIMMIOXradarRoCCNexysVideo75MHzConfig/gen-collateral/AsyncResetSynchronizerPrimitiveShiftReg_d3_i0_NexysVideoHarness_UNIQUIFIED.sv
sed -i 's/module\( \+\)AsyncResetSynchronizerPrimitiveShiftReg_d3_i0/module\1AsyncResetSynchronizerPrimitiveShiftReg_d3_i0_NexysVideoHarness_UNIQUIFIED/' /home/soooarr/chipyard/fpga/generated-src/chipyard.fpga.nexysvideo.NexysVideoHarness.RadarAXIMMIOXradarRoCCNexysVideo75MHzConfig/gen-collateral/AsyncResetSynchronizerPrimitiveShiftReg_d3_i0_NexysVideoHarness_UNIQUIFIED.sv
sed -i 's/module\( \+\)AsyncResetSynchronizerPrimitiveShiftReg_d3_i0/module\1AsyncResetSynchronizerPrimitiveShiftReg_d3_i0_NexysVideoHarness_UNIQUIFIED/' /home/soooarr/chipyard/fpga/generated-src/chipyard.fpga.nexysvideo.NexysVideoHarness.RadarAXIMMIOXradarRoCCNexysVideo75MHzConfig/gen-collateral/AsyncResetSynchronizerPrimitiveShiftReg_d3_i0_NexysVideoHarness_UNIQUIFIED.sv
sed -i 's/module\( \+\)AsyncResetSynchronizerPrimitiveShiftReg_d3_i0/module\1AsyncResetSynchronizerPrimitiveShiftReg_d3_i0_NexysVideoHarness_UNIQUIFIED/' /home/soooarr/chipyard/fpga/generated-src/chipyard.fpga.nexysvideo.NexysVideoHarness.RadarAXIMMIOXradarRoCCNexysVideo75MHzConfig/gen-collateral/AsyncResetSynchronizerPrimitiveShiftReg_d3_i0_NexysVideoHarness_UNIQUIFIED.sv
sed -i 's/module\( \+\)AsyncResetSynchronizerPrimitiveShiftReg_d3_i0/module\1AsyncResetSynchronizerPrimitiveShiftReg_d3_i0_NexysVideoHarness_UNIQUIFIED/' /home/soooarr/chipyard/fpga/generated-src/chipyard.fpga.nexysvideo.NexysVideoHarness.RadarAXIMMIOXradarRoCCNexysVideo75MHzConfig/gen-collateral/AsyncResetSynchronizerPrimitiveShiftReg_d3_i0_NexysVideoHarness_UNIQUIFIED.sv
sed -i 's/module\( \+\)AsyncResetSynchronizerPrimitiveShiftReg_d3_i0/module\1AsyncResetSynchronizerPrimitiveShiftReg_d3_i0_NexysVideoHarness_UNIQUIFIED/' /home/soooarr/chipyard/fpga/generated-src/chipyard.fpga.nexysvideo.NexysVideoHarness.RadarAXIMMIOXradarRoCCNexysVideo75MHzConfig/gen-collateral/AsyncResetSynchronizerPrimitiveShiftReg_d3_i0_NexysVideoHarness_UNIQUIFIED.sv
sed -i 's/module\( \+\)AsyncResetSynchronizerPrimitiveShiftReg_d3_i0/module\1AsyncResetSynchronizerPrimitiveShiftReg_d3_i0_NexysVideoHarness_UNIQUIFIED/' /home/soooarr/chipyard/fpga/generated-src/chipyard.fpga.nexysvideo.NexysVideoHarness.RadarAXIMMIOXradarRoCCNexysVideo75MHzConfig/gen-collateral/AsyncResetSynchronizerPrimitiveShiftReg_d3_i0_NexysVideoHarness_UNIQUIFIED.sv
sed -i 's/module\( \+\)AsyncResetSynchronizerPrimitiveShiftReg_d3_i0/module\1AsyncResetSynchronizerPrimitiveShiftReg_d3_i0_NexysVideoHarness_UNIQUIFIED/' /home/soooarr/chipyard/fpga/generated-src/chipyard.fpga.nexysvideo.NexysVideoHarness.RadarAXIMMIOXradarRoCCNexysVideo75MHzConfig/gen-collateral/AsyncResetSynchronizerPrimitiveShiftReg_d3_i0_NexysVideoHarness_UNIQUIFIED.sv
sed -i 's/module\( \+\)AsyncResetSynchronizerPrimitiveShiftReg_d3_i0/module\1AsyncResetSynchronizerPrimitiveShiftReg_d3_i0_NexysVideoHarness_UNIQUIFIED/' /home/soooarr/chipyard/fpga/generated-src/chipyard.fpga.nexysvideo.NexysVideoHarness.RadarAXIMMIOXradarRoCCNexysVideo75MHzConfig/gen-collateral/AsyncResetSynchronizerPrimitiveShiftReg_d3_i0_NexysVideoHarness_UNIQUIFIED.sv
sed -i 's/module\( \+\)AsyncResetSynchronizerPrimitiveShiftReg_d3_i0/module\1AsyncResetSynchronizerPrimitiveShiftReg_d3_i0_NexysVideoHarness_UNIQUIFIED/' /home/soooarr/chipyard/fpga/generated-src/chipyard.fpga.nexysvideo.NexysVideoHarness.RadarAXIMMIOXradarRoCCNexysVideo75MHzConfig/gen-collateral/AsyncResetSynchronizerPrimitiveShiftReg_d3_i0_NexysVideoHarness_UNIQUIFIED.sv
sed -i 's/module\( \+\)AsyncResetSynchronizerPrimitiveShiftReg_d3_i0/module\1AsyncResetSynchronizerPrimitiveShiftReg_d3_i0_NexysVideoHarness_UNIQUIFIED/' /home/soooarr/chipyard/fpga/generated-src/chipyard.fpga.nexysvideo.NexysVideoHarness.RadarAXIMMIOXradarRoCCNexysVideo75MHzConfig/gen-collateral/AsyncResetSynchronizerPrimitiveShiftReg_d3_i0_NexysVideoHarness_UNIQUIFIED.sv
sed -i 's/module\( \+\)AsyncResetSynchronizerPrimitiveShiftReg_d3_i0/module\1AsyncResetSynchronizerPrimitiveShiftReg_d3_i0_NexysVideoHarness_UNIQUIFIED/' /home/soooarr/chipyard/fpga/generated-src/chipyard.fpga.nexysvideo.NexysVideoHarness.RadarAXIMMIOXradarRoCCNexysVideo75MHzConfig/gen-collateral/AsyncResetSynchronizerPrimitiveShiftReg_d3_i0_NexysVideoHarness_UNIQUIFIED.sv
sed -i 's/module\( \+\)AsyncResetSynchronizerPrimitiveShiftReg_d3_i0/module\1AsyncResetSynchronizerPrimitiveShiftReg_d3_i0_NexysVideoHarness_UNIQUIFIED/' /home/soooarr/chipyard/fpga/generated-src/chipyard.fpga.nexysvideo.NexysVideoHarness.RadarAXIMMIOXradarRoCCNexysVideo75MHzConfig/gen-collateral/AsyncResetSynchronizerPrimitiveShiftReg_d3_i0_NexysVideoHarness_UNIQUIFIED.sv
sed -e 's;^;/home/soooarr/chipyard/fpga/generated-src/chipyard.fpga.nexysvideo.NexysVideoHarness.RadarAXIMMIOXradarRoCCNexysVideo75MHzConfig/gen-collateral/;' /home/soooarr/chipyard/fpga/generated-src/chipyard.fpga.nexysvideo.NexysVideoHarness.RadarAXIMMIOXradarRoCCNexysVideo75MHzConfig/gen-collateral/firrtl_black_box_resource_files.f > /home/soooarr/chipyard/fpga/generated-src/chipyard.fpga.nexysvideo.NexysVideoHarness.RadarAXIMMIOXradarRoCCNexysVideo75MHzConfig/chipyard.fpga.nexysvideo.NexysVideoHarness.RadarAXIMMIOXradarRoCCNexysVideo75MHzConfig.bb.f
sed -i 's/\.\///' /home/soooarr/chipyard/fpga/generated-src/chipyard.fpga.nexysvideo.NexysVideoHarness.RadarAXIMMIOXradarRoCCNexysVideo75MHzConfig/chipyard.fpga.nexysvideo.NexysVideoHarness.RadarAXIMMIOXradarRoCCNexysVideo75MHzConfig.top.f
sed -i 's/\.\///' /home/soooarr/chipyard/fpga/generated-src/chipyard.fpga.nexysvideo.NexysVideoHarness.RadarAXIMMIOXradarRoCCNexysVideo75MHzConfig/chipyard.fpga.nexysvideo.NexysVideoHarness.RadarAXIMMIOXradarRoCCNexysVideo75MHzConfig.model.f
sed -i 's/\.\///' /home/soooarr/chipyard/fpga/generated-src/chipyard.fpga.nexysvideo.NexysVideoHarness.RadarAXIMMIOXradarRoCCNexysVideo75MHzConfig/chipyard.fpga.nexysvideo.NexysVideoHarness.RadarAXIMMIOXradarRoCCNexysVideo75MHzConfig.bb.f
sort -u /home/soooarr/chipyard/fpga/generated-src/chipyard.fpga.nexysvideo.NexysVideoHarness.RadarAXIMMIOXradarRoCCNexysVideo75MHzConfig/chipyard.fpga.nexysvideo.NexysVideoHarness.RadarAXIMMIOXradarRoCCNexysVideo75MHzConfig.top.f /home/soooarr/chipyard/fpga/generated-src/chipyard.fpga.nexysvideo.NexysVideoHarness.RadarAXIMMIOXradarRoCCNexysVideo75MHzConfig/chipyard.fpga.nexysvideo.NexysVideoHarness.RadarAXIMMIOXradarRoCCNexysVideo75MHzConfig.model.f /home/soooarr/chipyard/fpga/generated-src/chipyard.fpga.nexysvideo.NexysVideoHarness.RadarAXIMMIOXradarRoCCNexysVideo75MHzConfig/chipyard.fpga.nexysvideo.NexysVideoHarness.RadarAXIMMIOXradarRoCCNexysVideo75MHzConfig.bb.f > /home/soooarr/chipyard/fpga/generated-src/chipyard.fpga.nexysvideo.NexysVideoHarness.RadarAXIMMIOXradarRoCCNexysVideo75MHzConfig/chipyard.fpga.nexysvideo.NexysVideoHarness.RadarAXIMMIOXradarRoCCNexysVideo75MHzConfig.all.f
cp -f  /home/soooarr/chipyard/fpga/generated-src/chipyard.fpga.nexysvideo.NexysVideoHarness.RadarAXIMMIOXradarRoCCNexysVideo75MHzConfig/gen-collateral
cp: missing destination file operand after '/home/soooarr/chipyard/fpga/generated-src/chipyard.fpga.nexysvideo.NexysVideoHarness.RadarAXIMMIOXradarRoCCNexysVideo75MHzConfig/gen-collateral'
Try 'cp --help' for more information.
make: [Makefile:111: /home/soooarr/chipyard/fpga/generated-src/chipyard.fpga.nexysvideo.NexysVideoHarness.RadarAXIMMIOXradarRoCCNexysVideo75MHzConfig/sim_files.f] Error 1 (ignored)
rm -f /home/soooarr/chipyard/fpga/generated-src/chipyard.fpga.nexysvideo.NexysVideoHarness.RadarAXIMMIOXradarRoCCNexysVideo75MHzConfig/sim_files.f
touch /home/soooarr/chipyard/fpga/generated-src/chipyard.fpga.nexysvideo.NexysVideoHarness.RadarAXIMMIOXradarRoCCNexysVideo75MHzConfig/sim_files.f
/home/soooarr/chipyard/scripts/split-mems-conf.py \
	--in-smems-conf /home/soooarr/chipyard/fpga/generated-src/chipyard.fpga.nexysvideo.NexysVideoHarness.RadarAXIMMIOXradarRoCCNexysVideo75MHzConfig/chipyard.fpga.nexysvideo.NexysVideoHarness.RadarAXIMMIOXradarRoCCNexysVideo75MHzConfig.mems.conf \
	--in-model-hrchy-json /home/soooarr/chipyard/fpga/generated-src/chipyard.fpga.nexysvideo.NexysVideoHarness.RadarAXIMMIOXradarRoCCNexysVideo75MHzConfig/model_module_hierarchy.uniquified.json \
	--dut-module-name ChipTop \
	--model-module-name NexysVideoHarness \
	--out-dut-smems-conf /home/soooarr/chipyard/fpga/generated-src/chipyard.fpga.nexysvideo.NexysVideoHarness.RadarAXIMMIOXradarRoCCNexysVideo75MHzConfig/chipyard.fpga.nexysvideo.NexysVideoHarness.RadarAXIMMIOXradarRoCCNexysVideo75MHzConfig.top.mems.conf \
	--out-model-smems-conf /home/soooarr/chipyard/fpga/generated-src/chipyard.fpga.nexysvideo.NexysVideoHarness.RadarAXIMMIOXradarRoCCNexysVideo75MHzConfig/chipyard.fpga.nexysvideo.NexysVideoHarness.RadarAXIMMIOXradarRoCCNexysVideo75MHzConfig.model.mems.conf
cd /home/soooarr/chipyard && java -cp /home/soooarr/chipyard/.classpath_cache/tapeout.jar tapeout.macros.MacroCompiler -n /home/soooarr/chipyard/fpga/generated-src/chipyard.fpga.nexysvideo.NexysVideoHarness.RadarAXIMMIOXradarRoCCNexysVideo75MHzConfig/chipyard.fpga.nexysvideo.NexysVideoHarness.RadarAXIMMIOXradarRoCCNexysVideo75MHzConfig.top.mems.conf -v /home/soooarr/chipyard/fpga/generated-src/chipyard.fpga.nexysvideo.NexysVideoHarness.RadarAXIMMIOXradarRoCCNexysVideo75MHzConfig/gen-collateral/chipyard.fpga.nexysvideo.NexysVideoHarness.RadarAXIMMIOXradarRoCCNexysVideo75MHzConfig.top.mems.v -f /home/soooarr/chipyard/fpga/generated-src/chipyard.fpga.nexysvideo.NexysVideoHarness.RadarAXIMMIOXradarRoCCNexysVideo75MHzConfig/chipyard.fpga.nexysvideo.NexysVideoHarness.RadarAXIMMIOXradarRoCCNexysVideo75MHzConfig.top.mems.fir --mode synflops
Picked up JAVA_TOOL_OPTIONS: -Xmx8G -Xss8M -Djava.io.tmpdir=/home/soooarr/chipyard/.java_tmp
touch /home/soooarr/chipyard/fpga/generated-src/chipyard.fpga.nexysvideo.NexysVideoHarness.RadarAXIMMIOXradarRoCCNexysVideo75MHzConfig/gen-collateral/chipyard.fpga.nexysvideo.NexysVideoHarness.RadarAXIMMIOXradarRoCCNexysVideo75MHzConfig.top.mems.v /home/soooarr/chipyard/fpga/generated-src/chipyard.fpga.nexysvideo.NexysVideoHarness.RadarAXIMMIOXradarRoCCNexysVideo75MHzConfig/chipyard.fpga.nexysvideo.NexysVideoHarness.RadarAXIMMIOXradarRoCCNexysVideo75MHzConfig.top.mems.fir
cd /home/soooarr/chipyard && java -cp /home/soooarr/chipyard/.classpath_cache/tapeout.jar tapeout.macros.MacroCompiler  -n /home/soooarr/chipyard/fpga/generated-src/chipyard.fpga.nexysvideo.NexysVideoHarness.RadarAXIMMIOXradarRoCCNexysVideo75MHzConfig/chipyard.fpga.nexysvideo.NexysVideoHarness.RadarAXIMMIOXradarRoCCNexysVideo75MHzConfig.model.mems.conf -v /home/soooarr/chipyard/fpga/generated-src/chipyard.fpga.nexysvideo.NexysVideoHarness.RadarAXIMMIOXradarRoCCNexysVideo75MHzConfig/gen-collateral/chipyard.fpga.nexysvideo.NexysVideoHarness.RadarAXIMMIOXradarRoCCNexysVideo75MHzConfig.model.mems.v -f /home/soooarr/chipyard/fpga/generated-src/chipyard.fpga.nexysvideo.NexysVideoHarness.RadarAXIMMIOXradarRoCCNexysVideo75MHzConfig/chipyard.fpga.nexysvideo.NexysVideoHarness.RadarAXIMMIOXradarRoCCNexysVideo75MHzConfig.model.mems.fir --mode synflops
Picked up JAVA_TOOL_OPTIONS: -Xmx8G -Xss8M -Djava.io.tmpdir=/home/soooarr/chipyard/.java_tmp
WARNING: Empty *.mems.conf file. No memories generated.
touch /home/soooarr/chipyard/fpga/generated-src/chipyard.fpga.nexysvideo.NexysVideoHarness.RadarAXIMMIOXradarRoCCNexysVideo75MHzConfig/gen-collateral/chipyard.fpga.nexysvideo.NexysVideoHarness.RadarAXIMMIOXradarRoCCNexysVideo75MHzConfig.model.mems.v /home/soooarr/chipyard/fpga/generated-src/chipyard.fpga.nexysvideo.NexysVideoHarness.RadarAXIMMIOXradarRoCCNexysVideo75MHzConfig/chipyard.fpga.nexysvideo.NexysVideoHarness.RadarAXIMMIOXradarRoCCNexysVideo75MHzConfig.model.mems.fir
rm -f /home/soooarr/chipyard/fpga/generated-src/chipyard.fpga.nexysvideo.NexysVideoHarness.RadarAXIMMIOXradarRoCCNexysVideo75MHzConfig/sim_files.common.f
sort -u /home/soooarr/chipyard/fpga/generated-src/chipyard.fpga.nexysvideo.NexysVideoHarness.RadarAXIMMIOXradarRoCCNexysVideo75MHzConfig/sim_files.f /home/soooarr/chipyard/fpga/generated-src/chipyard.fpga.nexysvideo.NexysVideoHarness.RadarAXIMMIOXradarRoCCNexysVideo75MHzConfig/chipyard.fpga.nexysvideo.NexysVideoHarness.RadarAXIMMIOXradarRoCCNexysVideo75MHzConfig.all.f | grep -v '.*\.\(svh\|h\)$' >> /home/soooarr/chipyard/fpga/generated-src/chipyard.fpga.nexysvideo.NexysVideoHarness.RadarAXIMMIOXradarRoCCNexysVideo75MHzConfig/sim_files.common.f
echo "/home/soooarr/chipyard/fpga/generated-src/chipyard.fpga.nexysvideo.NexysVideoHarness.RadarAXIMMIOXradarRoCCNexysVideo75MHzConfig/gen-collateral/chipyard.fpga.nexysvideo.NexysVideoHarness.RadarAXIMMIOXradarRoCCNexysVideo75MHzConfig.top.mems.v" >> /home/soooarr/chipyard/fpga/generated-src/chipyard.fpga.nexysvideo.NexysVideoHarness.RadarAXIMMIOXradarRoCCNexysVideo75MHzConfig/sim_files.common.f
echo "/home/soooarr/chipyard/fpga/generated-src/chipyard.fpga.nexysvideo.NexysVideoHarness.RadarAXIMMIOXradarRoCCNexysVideo75MHzConfig/gen-collateral/chipyard.fpga.nexysvideo.NexysVideoHarness.RadarAXIMMIOXradarRoCCNexysVideo75MHzConfig.model.mems.v" >> /home/soooarr/chipyard/fpga/generated-src/chipyard.fpga.nexysvideo.NexysVideoHarness.RadarAXIMMIOXradarRoCCNexysVideo75MHzConfig/sim_files.common.f
make: Leaving directory '/home/soooarr/chipyard/fpga'
