tag,seed,condition,axis,group,samples,sequences,supported,accuracy,macro_f1
A,7,clean,retained_N,1-2,0,0,False,,
A,7,clean,retained_N,3-4,1615,27,True,0.9331269349845202,0.9245327102803738
A,7,clean,retained_N,5-8,1566,27,True,0.9527458492975734,0.9458736884584342
A,7,clean,retained_N,9-16,3392,27,True,0.9516509433962265,0.945710945292082
A,7,clean,retained_N,17-32,37944,27,True,0.9825268817204301,0.9824611441794936
A,7,clean,retained_N,33-64,26522,27,True,0.986124726642033,0.9849947912759098
A,7,clean,retained_N,65-511,9411,23,True,0.9862926362766975,0.9711322594781189
A,7,clean,original_shape,compact,4336,26,True,0.9838560885608856,0.979266762554702
A,7,clean,original_shape,elongated,45116,27,True,0.983730827200993,0.977333739765025
A,7,clean,original_shape,intermediate,30998,27,True,0.9773533776372669,0.9770966283623881
A,7,clean,N_x_original_shape,1-2:elongated,0,0,False,,
A,7,clean,N_x_original_shape,1-2:intermediate,0,0,False,,
A,7,clean,N_x_original_shape,1-2:compact,0,0,False,,
A,7,clean,N_x_original_shape,3-4:elongated,1081,26,True,0.9333950046253469,0.9280356825847683
A,7,clean,N_x_original_shape,3-4:intermediate,484,27,True,0.9338842975206612,0.913715877437326
A,7,clean,N_x_original_shape,3-4:compact,50,14,False,0.92,0.910873440285205
A,7,clean,N_x_original_shape,5-8:elongated,932,27,True,0.9603004291845494,0.9527289426246924
A,7,clean,N_x_original_shape,5-8:intermediate,568,25,True,0.9436619718309859,0.9382608695652175
A,7,clean,N_x_original_shape,5-8:compact,66,17,False,0.9242424242424242,0.9188591099090239
A,7,clean,N_x_original_shape,9-16:elongated,2275,26,True,0.9569230769230769,0.9486533568429334
A,7,clean,N_x_original_shape,9-16:intermediate,996,27,True,0.9447791164658634,0.9422356023978868
A,7,clean,N_x_original_shape,9-16:compact,121,18,True,0.9090909090909091,0.9090909090909091
A,7,clean,N_x_original_shape,17-32:elongated,19967,27,True,0.9815195071868583,0.9787626406146648
A,7,clean,N_x_original_shape,17-32:intermediate,15866,27,True,0.9827933946804488,0.9819430735434997
A,7,clean,N_x_original_shape,17-32:compact,2111,22,True,0.9900521080056846,0.9816597073314421
A,7,clean,N_x_original_shape,33-64:elongated,14587,26,True,0.99108795502845,0.9840621232182416
A,7,clean,N_x_original_shape,33-64:intermediate,10253,25,True,0.9791280600799765,0.9785613422506124
A,7,clean,N_x_original_shape,33-64:compact,1682,21,True,0.985731272294887,0.9823065635075503
A,7,clean,N_x_original_shape,65-511:elongated,6274,20,True,0.9955371373924131,0.9805349843302147
A,7,clean,N_x_original_shape,65-511:intermediate,2831,22,True,0.966089720946662,0.9584025155384457
A,7,clean,N_x_original_shape,65-511:compact,306,14,True,0.9836601307189542,0.9819172448026852
A,7,clean,history,none,1846,27,True,0.9344528710725893,0.9232601468173709
A,7,clean,history,one_to_five,8062,27,True,0.9574547258744729,0.9479101283919136
A,7,clean,history,six,70542,27,True,0.9852286581043918,0.9845779544976774
A,7,clean,current_points,1,0,0,False,,
A,7,clean,current_points,2,0,0,False,,
A,7,clean,current_points,ge3,80450,27,True,0.9812802983219391,0.9802176303908359
A,7,clean,current_range,le20,26404,27,True,0.9834873504014543,0.9829588248377339
A,7,clean,current_range,20to40,36863,27,True,0.9863548815885848,0.9858915952621186
A,7,clean,current_range,gt40,17183,27,True,0.9670022696851539,0.9596959616782963
A,7,uniform_half_0,retained_N,1-2,1615,27,True,0.9151702786377709,0.9056091029590505
A,7,uniform_half_0,retained_N,3-4,1566,27,True,0.9355044699872286,0.9266163758605988
A,7,uniform_half_0,retained_N,5-8,3392,27,True,0.9445754716981132,0.9372636673979557
A,7,uniform_half_0,retained_N,9-16,37944,27,True,0.978494623655914,0.978398434435035
A,7,uniform_half_0,retained_N,17-32,26522,27,True,0.9813362491516477,0.9798967788140578
A,7,uniform_half_0,retained_N,33-64,8842,23,True,0.9858629269396064,0.9714996569773235
A,7,uniform_half_0,retained_N,65-511,569,14,True,0.9806678383128296,0.8539698093838222
A,7,uniform_half_0,original_shape,compact,4336,26,True,0.9737084870848709,0.9661778008290238
A,7,uniform_half_0,original_shape,elongated,45116,27,True,0.9816473091586133,0.9744544311622124
A,7,uniform_half_0,original_shape,intermediate,30998,27,True,0.9699658042454352,0.9696338482844679
A,7,uniform_half_0,N_x_original_shape,1-2:elongated,1081,26,True,0.9130434782608695,0.9073034117861705
A,7,uniform_half_0,N_x_original_shape,1-2:intermediate,484,27,True,0.9235537190082644,0.9015042763248357
A,7,uniform_half_0,N_x_original_shape,1-2:compact,50,14,False,0.88,0.8663101604278074
A,7,uniform_half_0,N_x_original_shape,3-4:elongated,932,27,True,0.9463519313304721,0.9363147853562273
A,7,uniform_half_0,N_x_original_shape,3-4:intermediate,568,25,True,0.9242957746478874,0.9176819917560658
A,7,uniform_half_0,N_x_original_shape,3-4:compact,66,17,False,0.8787878787878788,0.8730769230769231
A,7,uniform_half_0,N_x_original_shape,5-8:elongated,2275,26,True,0.9503296703296703,0.9401040301489391
A,7,uniform_half_0,N_x_original_shape,5-8:intermediate,996,27,True,0.9367469879518072,0.9336555327762688
A,7,uniform_half_0,N_x_original_shape,5-8:compact,121,18,True,0.9008264462809917,0.9007654455986878
A,7,uniform_half_0,N_x_original_shape,9-16:elongated,19967,27,True,0.9798166975509591,0.9767535544123469
A,7,uniform_half_0,N_x_original_shape,9-16:intermediate,15866,27,True,0.9759863859826043,0.9748998804588342
A,7,uniform_half_0,N_x_original_shape,9-16:compact,2111,22,True,0.9848413074372335,0.972473774457071
A,7,uniform_half_0,N_x_original_shape,17-32:elongated,14587,26,True,0.9904024131075615,0.9830504957749491
A,7,uniform_half_0,N_x_original_shape,17-32:intermediate,10253,25,True,0.9699600117038916,0.9690511751820126
A,7,uniform_half_0,N_x_original_shape,17-32:compact,1682,21,True,0.9720570749108205,0.9650530587525391
A,7,uniform_half_0,N_x_original_shape,33-64:elongated,5882,20,True,0.9960897653859232,0.9838431353627961
A,7,uniform_half_0,N_x_original_shape,33-64:intermediate,2658,22,True,0.9650112866817155,0.9582296018383476
A,7,uniform_half_0,N_x_original_shape,33-64:compact,302,14,True,0.9701986754966887,0.9676347658343156
A,7,uniform_half_0,N_x_original_shape,65-511:elongated,392,12,True,0.9872448979591837,0.6396396396396397
A,7,uniform_half_0,N_x_original_shape,65-511:intermediate,173,12,True,0.9653179190751445,0.8966958598726115
A,7,uniform_half_0,N_x_original_shape,65-511:compact,4,3,False,1.0,
A,7,uniform_half_0,history,none,1846,27,True,0.9171180931744312,0.9045002916339107
A,7,uniform_half_0,history,one_to_five,8062,27,True,0.9503845199702307,0.9389585782239914
A,7,uniform_half_0,history,six,70542,27,True,0.9812877434719741,0.9804629604103662
A,7,uniform_half_0,current_points,1,0,0,False,,
A,7,uniform_half_0,current_points,2,0,0,False,,
A,7,uniform_half_0,current_points,ge3,80450,27,True,0.9767184586699813,0.975395778277336
A,7,uniform_half_0,current_range,le20,26404,27,True,0.9776549007726102,0.976949183383691
A,7,uniform_half_0,current_range,20to40,36863,27,True,0.9813634267422618,0.9807235945688106
A,7,uniform_half_0,current_range,gt40,17183,27,True,0.9653145550835128,0.9576319911301232
A,7,uniform_half_1,retained_N,1-2,1615,27,True,0.9145510835913313,0.9045400343342345
A,7,uniform_half_1,retained_N,3-4,1566,27,True,0.9367816091954023,0.9274740542702566
A,7,uniform_half_1,retained_N,5-8,3392,27,True,0.9448702830188679,0.9375260450138603
A,7,uniform_half_1,retained_N,9-16,37944,27,True,0.9770714737507906,0.9769681037392183
A,7,uniform_half_1,retained_N,17-32,26522,27,True,0.9802805218309328,0.9787448101927618
A,7,uniform_half_1,retained_N,33-64,8842,23,True,0.9836009952499435,0.9669609895689868
A,7,uniform_half_1,retained_N,65-511,569,14,True,0.9666080843585237,0.7035239270533388
A,7,uniform_half_1,original_shape,compact,4336,26,True,0.9718634686346863,0.9638850497683829
A,7,uniform_half_1,original_shape,elongated,45116,27,True,0.9811818423619115,0.9737661257105769
A,7,uniform_half_1,original_shape,intermediate,30998,27,True,0.9674172527259823,0.9670618311013532
A,7,uniform_half_1,N_x_original_shape,1-2:elongated,1081,26,True,0.9167437557816837,0.9108020390200968
A,7,uniform_half_1,N_x_original_shape,1-2:intermediate,484,27,True,0.9152892561983471,0.8908560899815747
A,7,uniform_half_1,N_x_original_shape,1-2:compact,50,14,False,0.86,0.8461538461538463
A,7,uniform_half_1,N_x_original_shape,3-4:elongated,932,27,True,0.9420600858369099,0.9306528508832363
A,7,uniform_half_1,N_x_original_shape,3-4:intermediate,568,25,True,0.9330985915492958,0.9266847826086957
A,7,uniform_half_1,N_x_original_shape,3-4:compact,66,17,False,0.8939393939393939,0.888162672476398
A,7,uniform_half_1,N_x_original_shape,5-8:elongated,2275,26,True,0.9560439560439561,0.9470179119048773
A,7,uniform_half_1,N_x_original_shape,5-8:intermediate,996,27,True,0.9246987951807228,0.9208732542065875
A,7,uniform_half_1,N_x_original_shape,5-8:compact,121,18,True,0.9008264462809917,0.9006568144499179
A,7,uniform_half_1,N_x_original_shape,9-16:elongated,19967,27,True,0.9786647969149096,0.9754196250589344
A,7,uniform_half_1,N_x_original_shape,9-16:intermediate,15866,27,True,0.97441068952477,0.9732550894746024
A,7,uniform_half_1,N_x_original_shape,9-16:compact,2111,22,True,0.9819990525817148,0.9673126071677718
A,7,uniform_half_1,N_x_original_shape,17-32:elongated,14587,26,True,0.9899910879550284,0.9822560924441301
A,7,uniform_half_1,N_x_original_shape,17-32:intermediate,10253,25,True,0.9683994928313664,0.9674501583452422
A,7,uniform_half_1,N_x_original_shape,17-32:compact,1682,21,True,0.9684898929845422,0.9606440798137672
A,7,uniform_half_1,N_x_original_shape,33-64:elongated,5882,20,True,0.995409724583475,0.9810795229743798
A,7,uniform_half_1,N_x_original_shape,33-64:intermediate,2658,22,True,0.9574868322046651,0.9493199583226117
A,7,uniform_half_1,N_x_original_shape,33-64:compact,302,14,True,0.9834437086092715,0.9818690489055389
A,7,uniform_half_1,N_x_original_shape,65-511:elongated,392,12,True,0.9846938775510204,0.4961439588688946
A,7,uniform_half_1,N_x_original_shape,65-511:intermediate,173,12,True,0.9248554913294798,0.7388830837106699
A,7,uniform_half_1,N_x_original_shape,65-511:compact,4,3,False,1.0,
A,7,uniform_half_1,history,none,1846,27,True,0.9176598049837487,0.9045559992652712
A,7,uniform_half_1,history,one_to_five,8062,27,True,0.9510047134706028,0.9394727293140679
A,7,uniform_half_1,history,six,70542,27,True,0.9796716849536447,0.9787715344131771
A,7,uniform_half_1,current_points,1,0,0,False,,
A,7,uniform_half_1,current_points,2,0,0,False,,
A,7,uniform_half_1,current_points,ge3,80450,27,True,0.9753760099440646,0.9739649842326088
A,7,uniform_half_1,current_range,le20,26404,27,True,0.9764429631873959,0.9756983049448404
A,7,uniform_half_1,current_range,20to40,36863,27,True,0.9793017388709546,0.9785757118940246
A,7,uniform_half_1,current_range,gt40,17183,27,True,0.9653145550835128,0.9576217256845083
A,7,uniform_half_2,retained_N,1-2,1615,27,True,0.9139318885448916,0.9043148979084694
A,7,uniform_half_2,retained_N,3-4,1566,27,True,0.9425287356321839,0.9342391355063876
A,7,uniform_half_2,retained_N,5-8,3392,27,True,0.9507665094339622,0.9442841384614855
A,7,uniform_half_2,retained_N,9-16,37944,27,True,0.9770978283786633,0.9769936775791359
A,7,uniform_half_2,retained_N,17-32,26522,27,True,0.9808460900384587,0.9793674698029491
A,7,uniform_half_2,retained_N,33-64,8842,23,True,0.9869938927844379,0.9737626945475053
A,7,uniform_half_2,retained_N,65-511,569,14,True,0.9789103690685413,0.8581519029416653
A,7,uniform_half_2,original_shape,compact,4336,26,True,0.9709409594095941,0.9625123509650221
A,7,uniform_half_2,original_shape,elongated,45116,27,True,0.98151431864527,0.974238930380679
A,7,uniform_half_2,original_shape,intermediate,30998,27,True,0.9696754629330925,0.9693409249848399
A,7,uniform_half_2,N_x_original_shape,1-2:elongated,1081,26,True,0.9121184088806661,0.9061783684473546
A,7,uniform_half_2,N_x_original_shape,1-2:intermediate,484,27,True,0.9214876033057852,0.899596025767005
A,7,uniform_half_2,N_x_original_shape,1-2:compact,50,14,False,0.88,0.8697916666666667
A,7,uniform_half_2,N_x_original_shape,3-4:elongated,932,27,True,0.9452789699570815,0.9348425965907923
A,7,uniform_half_2,N_x_original_shape,3-4:intermediate,568,25,True,0.9401408450704225,0.9344021739130435
A,7,uniform_half_2,N_x_original_shape,3-4:compact,66,17,False,0.9242424242424242,0.9201161946259986
A,7,uniform_half_2,N_x_original_shape,5-8:elongated,2275,26,True,0.9591208791208791,0.9508764915540999
A,7,uniform_half_2,N_x_original_shape,5-8:intermediate,996,27,True,0.9357429718875502,0.9323837527526381
A,7,uniform_half_2,N_x_original_shape,5-8:compact,121,18,True,0.9173553719008265,0.9173045379989064
A,7,uniform_half_2,N_x_original_shape,9-16:elongated,19967,27,True,0.9788150448239595,0.9755732403549986
A,7,uniform_half_2,N_x_original_shape,9-16:intermediate,15866,27,True,0.9742846338081432,0.973121868532479
A,7,uniform_half_2,N_x_original_shape,9-16:compact,2111,22,True,0.9819990525817148,0.9670843796674709
A,7,uniform_half_2,N_x_original_shape,17-32:elongated,14587,26,True,0.9904024131075615,0.9830234090046809
A,7,uniform_half_2,N_x_original_shape,17-32:intermediate,10253,25,True,0.9695698819857602,0.9686427519491091
A,7,uniform_half_2,N_x_original_shape,17-32:compact,1682,21,True,0.9667063020214031,0.9583333333333334
A,7,uniform_half_2,N_x_original_shape,33-64:elongated,5882,20,True,0.995239714382863,0.9802583095716081
A,7,uniform_half_2,N_x_original_shape,33-64:intermediate,2658,22,True,0.9710308502633559,0.9654159068984169
A,7,uniform_half_2,N_x_original_shape,33-64:compact,302,14,True,0.9668874172185431,0.9641108523078386
A,7,uniform_half_2,N_x_original_shape,65-511:elongated,392,12,True,0.9897959183673469,0.7474226804123711
A,7,uniform_half_2,N_x_original_shape,65-511:intermediate,173,12,True,0.9595375722543352,0.8887459807073955
A,7,uniform_half_2,N_x_original_shape,65-511:compact,4,3,False,0.75,
A,7,uniform_half_2,history,none,1846,27,True,0.9160346695557963,0.9033395210723763
A,7,uniform_half_2,history,one_to_five,8062,27,True,0.9542297196725378,0.9435472688614175
A,7,uniform_half_2,history,six,70542,27,True,0.9804938901647245,0.9796326291685622
A,7,uniform_half_2,current_points,1,0,0,False,,
A,7,uniform_half_2,current_points,2,0,0,False,,
A,7,uniform_half_2,current_points,ge3,80450,27,True,0.9763828464885022,0.975036685872827
A,7,uniform_half_2,current_range,le20,26404,27,True,0.9772382972276927,0.9765191013270111
A,7,uniform_half_2,current_range,20to40,36863,27,True,0.9812006619103166,0.9805516577818529
A,7,uniform_half_2,current_range,gt40,17183,27,True,0.9647325845312227,0.956895004093214
A,7,uniform_quarter_0,retained_N,1-2,3181,27,True,0.8604212511788746,0.8498241736929139
A,7,uniform_quarter_0,retained_N,3-4,3392,27,True,0.9318985849056604,0.9232096566538116
A,7,uniform_quarter_0,retained_N,5-8,37944,27,True,0.9656072106261859,0.9654035864843598
A,7,uniform_quarter_0,retained_N,9-16,26522,27,True,0.9680642485483749,0.9654689615768137
A,7,uniform_quarter_0,retained_N,17-32,8842,23,True,0.9675412802533363,0.93887813169146
A,7,uniform_quarter_0,retained_N,33-64,538,14,True,0.9702602230483272,0.8492997198879552
A,7,uniform_quarter_0,retained_N,65-511,31,3,False,1.0,
A,7,uniform_quarter_0,original_shape,compact,4336,26,True,0.9506457564575646,0.9372396664700695
A,7,uniform_quarter_0,original_shape,elongated,45116,27,True,0.9719611667701037,0.9610294129912986
A,7,uniform_quarter_0,original_shape,intermediate,30998,27,True,0.9467384992580167,0.9461809705420638
A,7,uniform_quarter_0,N_x_original_shape,1-2:elongated,2013,27,True,0.8643815201192251,0.8553115158868008
A,7,uniform_quarter_0,N_x_original_shape,1-2:intermediate,1052,27,True,0.8517110266159695,0.8370041952707856
A,7,uniform_quarter_0,N_x_original_shape,1-2:compact,116,19,True,0.8706896551724138,0.8643909282207154
A,7,uniform_quarter_0,N_x_original_shape,3-4:elongated,2275,26,True,0.9446153846153846,0.9334167375897069
A,7,uniform_quarter_0,N_x_original_shape,3-4:intermediate,996,27,True,0.9046184738955824,0.9002251314145318
A,7,uniform_quarter_0,N_x_original_shape,3-4:compact,121,18,True,0.9173553719008265,0.9173497267759563
A,7,uniform_quarter_0,N_x_original_shape,5-8:elongated,19967,27,True,0.9708519056443131,0.966223944570967
A,7,uniform_quarter_0,N_x_original_shape,5-8:intermediate,15866,27,True,0.9589058363796799,0.9572638039064512
A,7,uniform_quarter_0,N_x_original_shape,5-8:compact,2111,22,True,0.9663666508763619,0.9418935489786273
A,7,uniform_quarter_0,N_x_original_shape,9-16:elongated,14587,26,True,0.9847809693562761,0.9730108742795402
A,7,uniform_quarter_0,N_x_original_shape,9-16:intermediate,10253,25,True,0.9485028772066713,0.9471726305484711
A,7,uniform_quarter_0,N_x_original_shape,9-16:compact,1682,21,True,0.9423305588585018,0.9287194410937311
A,7,uniform_quarter_0,N_x_original_shape,17-32:elongated,5882,20,True,0.9897993879632778,0.9609376556483672
A,7,uniform_quarter_0,N_x_original_shape,17-32:intermediate,2658,22,True,0.9224981188863808,0.911792338543385
A,7,uniform_quarter_0,N_x_original_shape,17-32:compact,302,14,True,0.9304635761589404,0.9261484716157204
A,7,uniform_quarter_0,N_x_original_shape,33-64:elongated,361,12,True,0.9944598337950139,0.9271589991928975
A,7,uniform_quarter_0,N_x_original_shape,33-64:intermediate,173,12,True,0.9190751445086706,0.8103070175438596
A,7,uniform_quarter_0,N_x_original_shape,33-64:compact,4,3,False,1.0,
A,7,uniform_quarter_0,N_x_original_shape,65-511:elongated,31,3,False,1.0,
A,7,uniform_quarter_0,N_x_original_shape,65-511:intermediate,0,0,False,,
A,7,uniform_quarter_0,N_x_original_shape,65-511:compact,0,0,False,,
A,7,uniform_quarter_0,history,none,1846,27,True,0.8158179848320694,0.8038490146197551
A,7,uniform_quarter_0,history,one_to_five,8062,27,True,0.9379806499627884,0.9236982227799893
A,7,uniform_quarter_0,history,six,70542,27,True,0.9675370701142582,0.9660440194851336
A,7,uniform_quarter_0,current_points,1,0,0,False,,
A,7,uniform_quarter_0,current_points,2,0,0,False,,
A,7,uniform_quarter_0,current_points,ge3,80450,27,True,0.9610938471100062,0.958862649828436
A,7,uniform_quarter_0,current_range,le20,26404,27,True,0.9566732313285866,0.9553580566264279
A,7,uniform_quarter_0,current_range,20to40,36863,27,True,0.967636925914874,0.9664470019882399
A,7,uniform_quarter_0,current_range,gt40,17183,27,True,0.9538497352033987,0.9438141848316983
A,7,uniform_quarter_1,retained_N,1-2,3181,27,True,0.8623074504872682,0.8514768337298846
A,7,uniform_quarter_1,retained_N,3-4,3392,27,True,0.9310141509433962,0.9221251079731579
A,7,uniform_quarter_1,retained_N,5-8,37944,27,True,0.9679000632511069,0.9677171682626539
A,7,uniform_quarter_1,retained_N,9-16,26522,27,True,0.9690822713219214,0.96653142605287
A,7,uniform_quarter_1,retained_N,17-32,8842,23,True,0.9725175299705949,0.9478831727663632
A,7,uniform_quarter_1,retained_N,33-64,538,14,True,0.9702602230483272,0.8440240632021454
A,7,uniform_quarter_1,retained_N,65-511,31,3,False,1.0,
A,7,uniform_quarter_1,original_shape,compact,4336,26,True,0.9499538745387454,0.9362038500000711
A,7,uniform_quarter_1,original_shape,elongated,45116,27,True,0.9728699352779502,0.9622221382805156
A,7,uniform_quarter_1,original_shape,intermediate,30998,27,True,0.9507064971933673,0.9501881882272649
A,7,uniform_quarter_1,N_x_original_shape,1-2:elongated,2013,27,True,0.8648782911077993,0.8553359683794466
A,7,uniform_quarter_1,N_x_original_shape,1-2:intermediate,1052,27,True,0.8536121673003803,0.8392949961710452
A,7,uniform_quarter_1,N_x_original_shape,1-2:compact,116,19,True,0.896551724137931,0.8901515151515151
A,7,uniform_quarter_1,N_x_original_shape,3-4:elongated,2275,26,True,0.9437362637362637,0.9322421338515693
A,7,uniform_quarter_1,N_x_original_shape,3-4:intermediate,996,27,True,0.9106425702811245,0.9065267020620351
A,7,uniform_quarter_1,N_x_original_shape,3-4:compact,121,18,True,0.859504132231405,0.859504132231405
A,7,uniform_quarter_1,N_x_original_shape,5-8:elongated,19967,27,True,0.9722542194621124,0.9678599504201963
A,7,uniform_quarter_1,N_x_original_shape,5-8:intermediate,15866,27,True,0.9627505357367957,0.9612351171365092
A,7,uniform_quarter_1,N_x_original_shape,5-8:compact,2111,22,True,0.965419232591189,0.9389502741637916
A,7,uniform_quarter_1,N_x_original_shape,9-16:elongated,14587,26,True,0.9855350654692534,0.9741778157113612
A,7,uniform_quarter_1,N_x_original_shape,9-16:intermediate,10253,25,True,0.9493806690724665,0.9480747453752816
A,7,uniform_quarter_1,N_x_original_shape,9-16:compact,1682,21,True,0.9464922711058263,0.934241162651691
A,7,uniform_quarter_1,N_x_original_shape,17-32:elongated,5882,20,True,0.9903094185651139,0.9626818316549615
A,7,uniform_quarter_1,N_x_original_shape,17-32:intermediate,2658,22,True,0.9394281414597442,0.9306213932691381
A,7,uniform_quarter_1,N_x_original_shape,17-32:compact,302,14,True,0.9172185430463576,0.9123753815442823
A,7,uniform_quarter_1,N_x_original_shape,33-64:elongated,361,12,True,0.9944598337950139,0.9152582159624414
A,7,uniform_quarter_1,N_x_original_shape,33-64:intermediate,173,12,True,0.9190751445086706,0.8103070175438596
A,7,uniform_quarter_1,N_x_original_shape,33-64:compact,4,3,False,1.0,
A,7,uniform_quarter_1,N_x_original_shape,65-511:elongated,31,3,False,1.0,
A,7,uniform_quarter_1,N_x_original_shape,65-511:intermediate,0,0,False,,
A,7,uniform_quarter_1,N_x_original_shape,65-511:compact,0,0,False,,
A,7,uniform_quarter_1,history,none,1846,27,True,0.8244853737811484,0.8122082355290474
A,7,uniform_quarter_1,history,one_to_five,8062,27,True,0.9373604564624163,0.9229657083108147
A,7,uniform_quarter_1,history,six,70542,27,True,0.9696634629015338,0.9682626790250278
A,7,uniform_quarter_1,current_points,1,0,0,False,,
A,7,uniform_quarter_1,current_points,2,0,0,False,,
A,7,uniform_quarter_1,current_points,ge3,80450,27,True,0.9630950901180858,0.9609688533405496
A,7,uniform_quarter_1,current_range,le20,26404,27,True,0.9601196788365399,0.9589063663840335
A,7,uniform_quarter_1,current_range,20to40,36863,27,True,0.9684236226026096,0.9672511488180202
A,7,uniform_quarter_1,current_range,gt40,17183,27,True,0.9562358144677879,0.9467095497213274
A,7,uniform_quarter_2,retained_N,1-2,3181,27,True,0.8673373153096511,0.8564240817178688
A,7,uniform_quarter_2,retained_N,3-4,3392,27,True,0.9310141509433962,0.9224707524711393
A,7,uniform_quarter_2,retained_N,5-8,37944,27,True,0.9665559772296015,0.9663582439010716
A,7,uniform_quarter_2,retained_N,9-16,26522,27,True,0.9691199758690898,0.9666283572539592
A,7,uniform_quarter_2,retained_N,17-32,8842,23,True,0.9700294051119657,0.9434313444184526
A,7,uniform_quarter_2,retained_N,33-64,538,14,True,0.9646840148698885,0.8179681239426587
A,7,uniform_quarter_2,retained_N,65-511,31,3,False,1.0,
A,7,uniform_quarter_2,original_shape,compact,4336,26,True,0.9504151291512916,0.936826305205575
A,7,uniform_quarter_2,original_shape,elongated,45116,27,True,0.972847770192393,0.9622666094730357
A,7,uniform_quarter_2,original_shape,intermediate,30998,27,True,0.9487708884444158,0.9482384059072139
A,7,uniform_quarter_2,N_x_original_shape,1-2:elongated,2013,27,True,0.8728266269249876,0.8634690179205392
A,7,uniform_quarter_2,N_x_original_shape,1-2:intermediate,1052,27,True,0.8545627376425855,0.8392174843344031
A,7,uniform_quarter_2,N_x_original_shape,1-2:compact,116,19,True,0.8879310344827587,0.8824721377912867
A,7,uniform_quarter_2,N_x_original_shape,3-4:elongated,2275,26,True,0.9446153846153846,0.9337590562797293
A,7,uniform_quarter_2,N_x_original_shape,3-4:intermediate,996,27,True,0.9006024096385542,0.8962944109582702
A,7,uniform_quarter_2,N_x_original_shape,3-4:compact,121,18,True,0.9256198347107438,0.9255995080959214
A,7,uniform_quarter_2,N_x_original_shape,5-8:elongated,19967,27,True,0.9718535583713127,0.9673902364488536
A,7,uniform_quarter_2,N_x_original_shape,5-8:intermediate,15866,27,True,0.9606706164124543,0.9591158665910794
A,7,uniform_quarter_2,N_x_original_shape,5-8:compact,2111,22,True,0.9606821411653245,0.9310419876695535
A,7,uniform_quarter_2,N_x_original_shape,9-16:elongated,14587,26,True,0.9856721738534311,0.9746198350687171
A,7,uniform_quarter_2,N_x_original_shape,9-16:intermediate,10253,25,True,0.9494782015019995,0.9481433456061779
A,7,uniform_quarter_2,N_x_original_shape,9-16:compact,1682,21,True,0.9453032104637337,0.9324370581496073
A,7,uniform_quarter_2,N_x_original_shape,17-32:elongated,5882,20,True,0.9880992859571575,0.954731082355259
A,7,uniform_quarter_2,N_x_original_shape,17-32:intermediate,2658,22,True,0.9334085778781038,0.9239588847251372
A,7,uniform_quarter_2,N_x_original_shape,17-32:compact,302,14,True,0.9403973509933775,0.9363674673409186
A,7,uniform_quarter_2,N_x_original_shape,33-64:elongated,361,12,True,0.9944598337950139,0.9152582159624414
A,7,uniform_quarter_2,N_x_original_shape,33-64:intermediate,173,12,True,0.9017341040462428,0.7742727761148207
A,7,uniform_quarter_2,N_x_original_shape,33-64:compact,4,3,False,1.0,
A,7,uniform_quarter_2,N_x_original_shape,65-511:elongated,31,3,False,1.0,
A,7,uniform_quarter_2,N_x_original_shape,65-511:intermediate,0,0,False,,
A,7,uniform_quarter_2,N_x_original_shape,65-511:compact,0,0,False,,
A,7,uniform_quarter_2,history,none,1846,27,True,0.8293607800650055,0.816931671680275
A,7,uniform_quarter_2,history,one_to_five,8062,27,True,0.9398412304639048,0.9260555564727528
A,7,uniform_quarter_2,history,six,70542,27,True,0.9684159791329988,0.9669670469729456
A,7,uniform_quarter_2,current_points,1,0,0,False,,
A,7,uniform_quarter_2,current_points,2,0,0,False,,
A,7,uniform_quarter_2,current_points,ge3,80450,27,True,0.9623617153511498,0.9602032280129408
A,7,uniform_quarter_2,current_range,le20,26404,27,True,0.957847295864263,0.9565660135664
A,7,uniform_quarter_2,current_range,20to40,36863,27,True,0.9688305346824729,0.9676865501757375
A,7,uniform_quarter_2,current_range,gt40,17183,27,True,0.9554210556945818,0.94571744027465
A,7,central_half,retained_N,1-2,1615,27,True,0.9021671826625387,0.8932403846475682
A,7,central_half,retained_N,3-4,1566,27,True,0.9233716475095786,0.9140386990531082
A,7,central_half,retained_N,5-8,3392,27,True,0.9351415094339622,0.9278246498009917
A,7,central_half,retained_N,9-16,37944,27,True,0.97269660552393,0.9726321092901034
A,7,central_half,retained_N,17-32,26522,27,True,0.9497398386245381,0.9469471851136184
A,7,central_half,retained_N,33-64,8842,23,True,0.9152906582221217,0.8605118470691115
A,7,central_half,retained_N,65-511,569,14,True,0.9384885764499121,0.7673943258932221
A,7,central_half,original_shape,compact,4336,26,True,0.944880073800738,0.9255120710877905
A,7,central_half,original_shape,elongated,45116,27,True,0.9667302065785974,0.9551770789247909
A,7,central_half,original_shape,intermediate,30998,27,True,0.9383508613458933,0.9369159825231014
A,7,central_half,N_x_original_shape,1-2:elongated,1081,26,True,0.9019426456984274,0.896991348373595
A,7,central_half,N_x_original_shape,1-2:intermediate,484,27,True,0.8987603305785123,0.8738718615547436
A,7,central_half,N_x_original_shape,1-2:compact,50,14,False,0.94,0.9340659340659341
A,7,central_half,N_x_original_shape,3-4:elongated,932,27,True,0.9356223175965666,0.9246247412008282
A,7,central_half,N_x_original_shape,3-4:intermediate,568,25,True,0.9119718309859155,0.905559989358872
A,7,central_half,N_x_original_shape,3-4:compact,66,17,False,0.8484848484848485,0.8433048433048433
A,7,central_half,N_x_original_shape,5-8:elongated,2275,26,True,0.9481318681318681,0.9386343894298907
A,7,central_half,N_x_original_shape,5-8:intermediate,996,27,True,0.9116465863453815,0.9083823922932834
A,7,central_half,N_x_original_shape,5-8:compact,121,18,True,0.8842975206611571,0.8842263531984691
A,7,central_half,N_x_original_shape,9-16:elongated,19967,27,True,0.9730555416437121,0.9693713542282176
A,7,central_half,N_x_original_shape,9-16:intermediate,15866,27,True,0.9707550737425942,0.9691283855086434
A,7,central_half,N_x_original_shape,9-16:compact,2111,22,True,0.9838938891520607,0.9698408296356058
A,7,central_half,N_x_original_shape,17-32:elongated,14587,26,True,0.9679851922945089,0.9467314569414287
A,7,central_half,N_x_original_shape,17-32:intermediate,10253,25,True,0.925387691407393,0.9213832700408893
A,7,central_half,N_x_original_shape,17-32:compact,1682,21,True,0.9399524375743162,0.9215289027340305
A,7,central_half,N_x_original_shape,33-64:elongated,5882,20,True,0.9651479088745325,0.8855848224752889
A,7,central_half,N_x_original_shape,33-64:intermediate,2658,22,True,0.8231753197893152,0.813139106257894
A,7,central_half,N_x_original_shape,33-64:compact,302,14,True,0.7549668874172185,0.753887493942998
A,7,central_half,N_x_original_shape,65-511:elongated,392,12,True,0.9821428571428571,0.8112143102855177
A,7,central_half,N_x_original_shape,65-511:intermediate,173,12,True,0.8554913294797688,0.7445815862516979
A,7,central_half,N_x_original_shape,65-511:compact,4,3,False,0.25,
A,7,central_half,history,none,1846,27,True,0.9024918743228603,0.8902736224762735
A,7,central_half,history,one_to_five,8062,27,True,0.9280575539568345,0.9141998043092912
A,7,central_half,history,six,70542,27,True,0.9590173230132404,0.9577616015451791
A,7,central_half,current_points,1,0,0,False,,
A,7,central_half,current_points,2,0,0,False,,
A,7,central_half,current_points,ge3,80450,27,True,0.9546177750155376,0.9527441876944598
A,7,central_half,current_range,le20,26404,27,True,0.9358809271322527,0.9349377997509479
A,7,central_half,current_range,20to40,36863,27,True,0.9695629764262268,0.9687785661688875
A,7,central_half,current_range,gt40,17183,27,True,0.9513472618285514,0.9416762688761574
A,7,xy_fraction6,retained_N,1-2,0,0,False,,
A,7,xy_fraction6,retained_N,3-4,1615,27,True,0.9325077399380804,0.9238698103913481
A,7,xy_fraction6,retained_N,5-8,1566,27,True,0.9533844189016603,0.9465772533442374
A,7,xy_fraction6,retained_N,9-16,3392,27,True,0.9516509433962265,0.945710945292082
A,7,xy_fraction6,retained_N,17-32,37944,27,True,0.9825005270925574,0.9824348609752771
A,7,xy_fraction6,retained_N,33-64,26522,27,True,0.9860870220948647,0.9849543529273292
A,7,xy_fraction6,retained_N,65-511,9411,23,True,0.9862926362766975,0.9711509705728584
A,7,xy_fraction6,original_shape,compact,4336,26,True,0.9831642066420664,0.9783600886768191
A,7,xy_fraction6,original_shape,elongated,45116,27,True,0.9837751573721074,0.9773969838701299
A,7,xy_fraction6,original_shape,intermediate,30998,27,True,0.977321117491451,0.9770638439933846
A,7,xy_fraction6,N_x_original_shape,1-2:elongated,0,0,False,,
A,7,xy_fraction6,N_x_original_shape,1-2:intermediate,0,0,False,,
A,7,xy_fraction6,N_x_original_shape,1-2:compact,0,0,False,,
A,7,xy_fraction6,N_x_original_shape,3-4:elongated,1081,26,True,0.9324699352451434,0.9270758923414577
A,7,xy_fraction6,N_x_original_shape,3-4:intermediate,484,27,True,0.9338842975206612,0.913715877437326
A,7,xy_fraction6,N_x_original_shape,3-4:compact,50,14,False,0.92,0.910873440285205
A,7,xy_fraction6,N_x_original_shape,5-8:elongated,932,27,True,0.9613733905579399,0.9539593933705478
A,7,xy_fraction6,N_x_original_shape,5-8:intermediate,568,25,True,0.9436619718309859,0.9382608695652175
A,7,xy_fraction6,N_x_original_shape,5-8:compact,66,17,False,0.9242424242424242,0.9188591099090239
A,7,xy_fraction6,N_x_original_shape,9-16:elongated,2275,26,True,0.9569230769230769,0.9486533568429334
A,7,xy_fraction6,N_x_original_shape,9-16:intermediate,996,27,True,0.9447791164658634,0.9422356023978868
A,7,xy_fraction6,N_x_original_shape,9-16:compact,121,18,True,0.9090909090909091,0.9090909090909091
A,7,xy_fraction6,N_x_original_shape,17-32:elongated,19967,27,True,0.9815695898232083,0.9788210727192777
A,7,xy_fraction6,N_x_original_shape,17-32:intermediate,15866,27,True,0.9827933946804488,0.9819430735434997
A,7,xy_fraction6,N_x_original_shape,17-32:compact,2111,22,True,0.9891046897205116,0.9798653988664774
A,7,xy_fraction6,N_x_original_shape,33-64:elongated,14587,26,True,0.99108795502845,0.9840621232182416
A,7,xy_fraction6,N_x_original_shape,33-64:intermediate,10253,25,True,0.9791280600799765,0.9785613422506124
A,7,xy_fraction6,N_x_original_shape,33-64:compact,1682,21,True,0.9851367419738407,0.9815573653654778
A,7,xy_fraction6,N_x_original_shape,65-511:elongated,6274,20,True,0.995696525342684,0.9812530440646094
A,7,xy_fraction6,N_x_original_shape,65-511:intermediate,2831,22,True,0.9657364888731896,0.9579848544310237
A,7,xy_fraction6,N_x_original_shape,65-511:compact,306,14,True,0.9836601307189542,0.9819172448026852
A,7,xy_fraction6,history,none,1846,27,True,0.9344528710725893,0.9232601468173709
A,7,xy_fraction6,history,one_to_five,8062,27,True,0.9573306871743984,0.9477650531863278
A,7,xy_fraction6,history,six,70542,27,True,0.9852144821524765,0.9845636232780264
A,7,xy_fraction6,current_points,1,0,0,False,,
A,7,xy_fraction6,current_points,2,0,0,False,,
A,7,xy_fraction6,current_points,ge3,80450,27,True,0.981255438160348,0.980192082524668
A,7,xy_fraction6,current_range,le20,26404,27,True,0.9834494773519163,0.9829209145451125
A,7,xy_fraction6,current_range,20to40,36863,27,True,0.9863548815885848,0.9858915952621186
A,7,xy_fraction6,current_range,gt40,17183,27,True,0.9669440726299249,0.9596273223068299
A,7,xy_fraction4,retained_N,1-2,0,0,False,,
A,7,xy_fraction4,retained_N,3-4,1615,27,True,0.9356037151702786,0.9271899373337541
A,7,xy_fraction4,retained_N,5-8,1566,27,True,0.9540229885057471,0.9472815038274586
A,7,xy_fraction4,retained_N,9-16,3392,27,True,0.9519457547169812,0.9460537848339301
A,7,xy_fraction4,retained_N,17-32,37944,27,True,0.9825268817204301,0.9824611441794936
A,7,xy_fraction4,retained_N,33-64,26522,27,True,0.986124726642033,0.9849934476132559
A,7,xy_fraction4,retained_N,65-511,9411,23,True,0.9867176708107533,0.9720455141209867
A,7,xy_fraction4,original_shape,compact,4336,26,True,0.9836254612546126,0.9789647094354268
A,7,xy_fraction4,original_shape,elongated,45116,27,True,0.9837086621154357,0.9772991347607726
A,7,xy_fraction4,original_shape,intermediate,30998,27,True,0.9777727595328731,0.9775212305594211
A,7,xy_fraction4,N_x_original_shape,1-2:elongated,0,0,False,,
A,7,xy_fraction4,N_x_original_shape,1-2:intermediate,0,0,False,,
A,7,xy_fraction4,N_x_original_shape,1-2:compact,0,0,False,,
A,7,xy_fraction4,N_x_original_shape,3-4:elongated,1081,26,True,0.937095282146161,0.9319592132934451
A,7,xy_fraction4,N_x_original_shape,3-4:intermediate,484,27,True,0.9338842975206612,0.9132616487455197
A,7,xy_fraction4,N_x_original_shape,3-4:compact,50,14,False,0.92,0.910873440285205
A,7,xy_fraction4,N_x_original_shape,5-8:elongated,932,27,True,0.9603004291845494,0.9527289426246924
A,7,xy_fraction4,N_x_original_shape,5-8:intermediate,568,25,True,0.9471830985915493,0.9419863545369123
A,7,xy_fraction4,N_x_original_shape,5-8:compact,66,17,False,0.9242424242424242,0.9188591099090239
A,7,xy_fraction4,N_x_original_shape,9-16:elongated,2275,26,True,0.9573626373626374,0.9491986543830275
A,7,xy_fraction4,N_x_original_shape,9-16:intermediate,996,27,True,0.9447791164658634,0.9422356023978868
A,7,xy_fraction4,N_x_original_shape,9-16:compact,121,18,True,0.9090909090909091,0.9090909090909091
A,7,xy_fraction4,N_x_original_shape,17-32:elongated,19967,27,True,0.9814193419141584,0.9786475329757198
A,7,xy_fraction4,N_x_original_shape,17-32:intermediate,15866,27,True,0.9829824782553889,0.9821420138731867
A,7,xy_fraction4,N_x_original_shape,17-32:compact,2111,22,True,0.9895783988630981,0.9807636231091672
A,7,xy_fraction4,N_x_original_shape,33-64:elongated,14587,26,True,0.9907451840680057,0.9834356412022163
A,7,xy_fraction4,N_x_original_shape,33-64:intermediate,10253,25,True,0.9796157222276407,0.9790615631728526
A,7,xy_fraction4,N_x_original_shape,33-64:compact,1682,21,True,0.985731272294887,0.9823065635075503
A,7,xy_fraction4,N_x_original_shape,65-511:elongated,6274,20,True,0.995696525342684,0.9812530440646094
A,7,xy_fraction4,N_x_original_shape,65-511:intermediate,2831,22,True,0.9671494171670788,0.9597174377534557
A,7,xy_fraction4,N_x_original_shape,65-511:compact,306,14,True,0.9836601307189542,0.9819172448026852
A,7,xy_fraction4,history,none,1846,27,True,0.9366197183098591,0.9256525308645163
A,7,xy_fraction4,history,one_to_five,8062,27,True,0.9578268419746961,0.9483590098934542
A,7,xy_fraction4,history,six,70542,27,True,0.9852853619120524,0.984636969371353
A,7,xy_fraction4,current_points,1,0,0,False,,
A,7,xy_fraction4,current_points,2,0,0,False,,
A,7,xy_fraction4,current_points,ge3,80450,27,True,0.9814170292106899,0.9803612859181086
A,7,xy_fraction4,current_range,le20,26404,27,True,0.9836388425996061,0.983116095229341
A,7,xy_fraction4,current_range,20to40,36863,27,True,0.9863820090605756,0.9859183545989226
A,7,xy_fraction4,current_range,gt40,17183,27,True,0.967351452016528,0.9601176306239287
A,7,kept_single,retained_N,1-2,0,0,False,,
A,7,kept_single,retained_N,3-4,40406,27,True,0.9591892293223778,0.9587610978941685
A,7,kept_single,retained_N,5-8,26553,27,True,0.9604564455993673,0.9579825657634375
A,7,kept_single,retained_N,9-16,12049,26,True,0.9499543530583451,0.9212802919532619
A,7,kept_single,retained_N,17-32,1357,21,True,0.9012527634487841,0.7331875807019603
A,7,kept_single,retained_N,33-64,85,8,False,1.0,
A,7,kept_single,retained_N,65-511,0,0,False,,
A,7,kept_single,original_shape,compact,4336,26,True,0.9400369003690037,0.924158270903298
A,7,kept_single,original_shape,elongated,45116,27,True,0.9709637379200283,0.9597832179657593
A,7,kept_single,original_shape,intermediate,30998,27,True,0.939802567907607,0.939303790397662
A,7,kept_single,N_x_original_shape,1-2:elongated,0,0,False,,
A,7,kept_single,N_x_original_shape,1-2:intermediate,0,0,False,,
A,7,kept_single,N_x_original_shape,1-2:compact,0,0,False,,
A,7,kept_single,N_x_original_shape,3-4:elongated,21829,27,True,0.9693526959549223,0.9651151970353548
A,7,kept_single,N_x_original_shape,3-4:intermediate,16401,27,True,0.9464057069690872,0.9453533393255914
A,7,kept_single,N_x_original_shape,3-4:compact,2176,24,True,0.9535845588235294,0.9325582101854362
A,7,kept_single,N_x_original_shape,5-8:elongated,14358,27,True,0.9748572224543808,0.9602011259654075
A,7,kept_single,N_x_original_shape,5-8:intermediate,10581,27,True,0.9447122200170116,0.9435503668715225
A,7,kept_single,N_x_original_shape,5-8:compact,1614,24,True,0.9355638166047088,0.9176971520358992
A,7,kept_single,N_x_original_shape,9-16:elongated,8030,25,True,0.9712328767123287,0.9076475264460416
A,7,kept_single,N_x_original_shape,9-16:intermediate,3517,26,True,0.9081603639465453,0.9047657970356946
A,7,kept_single,N_x_original_shape,9-16:compact,502,19,True,0.9023904382470119,0.9012045192566441
A,7,kept_single,N_x_original_shape,17-32:elongated,816,17,True,0.9399509803921569,0.7261651200219156
A,7,kept_single,N_x_original_shape,17-32:intermediate,497,19,True,0.8410462776659959,0.7308633512698358
A,7,kept_single,N_x_original_shape,17-32:compact,44,9,False,0.8636363636363636,
A,7,kept_single,N_x_original_shape,33-64:elongated,83,8,False,1.0,
A,7,kept_single,N_x_original_shape,33-64:intermediate,2,1,False,1.0,
A,7,kept_single,N_x_original_shape,33-64:compact,0,0,False,,
A,7,kept_single,N_x_original_shape,65-511:elongated,0,0,False,,
A,7,kept_single,N_x_original_shape,65-511:intermediate,0,0,False,,
A,7,kept_single,N_x_original_shape,65-511:compact,0,0,False,,
A,7,kept_single,history,none,1846,27,True,0.9344528710725893,0.9232601468173709
A,7,kept_single,history,one_to_five,8062,27,True,0.9503845199702307,0.9395739868636755
A,7,kept_single,history,six,70542,27,True,0.9586771001672763,0.9567530915292708
A,7,kept_single,current_points,1,0,0,False,,
A,7,kept_single,current_points,2,0,0,False,,
A,7,kept_single,current_points,ge3,80450,27,True,0.9572902423865756,0.9547689854890248
A,7,kept_single,current_range,le20,26404,27,True,0.9438342675352219,0.9423077407299897
A,7,kept_single,current_range,20to40,36863,27,True,0.9648699237718037,0.9634474506804385
A,7,kept_single,current_range,gt40,17183,27,True,0.9617063376593145,0.952908613401453
A,7,sparse_single,retained_N,1-2,97734,27,True,0.917899605050443,0.9172959226362207
A,7,sparse_single,retained_N,3-4,0,0,False,,
A,7,sparse_single,retained_N,5-8,0,0,False,,
A,7,sparse_single,retained_N,9-16,0,0,False,,
A,7,sparse_single,retained_N,17-32,0,0,False,,
A,7,sparse_single,retained_N,33-64,0,0,False,,
A,7,sparse_single,retained_N,65-511,0,0,False,,
A,7,sparse_single,original_shape,undefined_low_support,97734,27,True,0.917899605050443,0.9172959226362207
A,7,sparse_single,N_x_original_shape,1-2:elongated,0,0,False,,
A,7,sparse_single,N_x_original_shape,1-2:intermediate,0,0,False,,
A,7,sparse_single,N_x_original_shape,1-2:compact,0,0,False,,
A,7,sparse_single,N_x_original_shape,3-4:elongated,0,0,False,,
A,7,sparse_single,N_x_original_shape,3-4:intermediate,0,0,False,,
A,7,sparse_single,N_x_original_shape,3-4:compact,0,0,False,,
A,7,sparse_single,N_x_original_shape,5-8:elongated,0,0,False,,
A,7,sparse_single,N_x_original_shape,5-8:intermediate,0,0,False,,
A,7,sparse_single,N_x_original_shape,5-8:compact,0,0,False,,
A,7,sparse_single,N_x_original_shape,9-16:elongated,0,0,False,,
A,7,sparse_single,N_x_original_shape,9-16:intermediate,0,0,False,,
A,7,sparse_single,N_x_original_shape,9-16:compact,0,0,False,,
A,7,sparse_single,N_x_original_shape,17-32:elongated,0,0,False,,
A,7,sparse_single,N_x_original_shape,17-32:intermediate,0,0,False,,
A,7,sparse_single,N_x_original_shape,17-32:compact,0,0,False,,
A,7,sparse_single,N_x_original_shape,33-64:elongated,0,0,False,,
A,7,sparse_single,N_x_original_shape,33-64:intermediate,0,0,False,,
A,7,sparse_single,N_x_original_shape,33-64:compact,0,0,False,,
A,7,sparse_single,N_x_original_shape,65-511:elongated,0,0,False,,
A,7,sparse_single,N_x_original_shape,65-511:intermediate,0,0,False,,
A,7,sparse_single,N_x_original_shape,65-511:compact,0,0,False,,
A,7,sparse_single,history,none,97734,27,True,0.917899605050443,0.9172959226362207
A,7,sparse_single,history,one_to_five,0,0,False,,
A,7,sparse_single,history,six,0,0,False,,
A,7,sparse_single,current_points,1,58612,27,True,0.8993209581655633,0.8969300096582797
A,7,sparse_single,current_points,2,39122,27,True,0.9457338581872092,0.9457220513668769
A,7,sparse_single,current_points,ge3,0,0,False,,
A,7,sparse_single,current_range,le20,11734,27,True,0.9350605079256861,0.9273260385418658
A,7,sparse_single,current_range,20to40,33802,26,True,0.9387906041062659,0.9285497742597648
A,7,sparse_single,current_range,gt40,52198,27,True,0.9005134296333193,0.8979486683148088
A,7,sparse_context,retained_N,1-2,29596,27,True,0.9001554264089742,0.8995213919953436
A,7,sparse_context,retained_N,3-4,4536,26,True,0.9572310405643739,0.957142648418194
A,7,sparse_context,retained_N,5-8,7975,27,True,0.9443260188087774,0.9442401275310437
A,7,sparse_context,retained_N,9-16,6694,26,True,0.9614580221093516,0.9609837950495959
A,7,sparse_context,retained_N,17-32,47667,27,True,0.9802379004342627,0.9795162468574341
A,7,sparse_context,retained_N,33-64,1126,25,True,0.9893428063943162,0.9829937623657701
A,7,sparse_context,retained_N,65-511,140,16,True,1.0,1.0
A,7,sparse_context,original_shape,compact,2856,24,True,0.9880952380952381,0.9792941626017231
A,7,sparse_context,original_shape,elongated,44205,27,True,0.9705236964144327,0.9703867593230465
A,7,sparse_context,original_shape,intermediate,21077,27,True,0.9756606727712672,0.9744927922582389
A,7,sparse_context,original_shape,undefined_low_support,29596,27,True,0.9001554264089742,0.8995213919953436
A,7,sparse_context,N_x_original_shape,1-2:elongated,0,0,False,,
A,7,sparse_context,N_x_original_shape,1-2:intermediate,0,0,False,,
A,7,sparse_context,N_x_original_shape,1-2:compact,0,0,False,,
A,7,sparse_context,N_x_original_shape,3-4:elongated,3285,25,True,0.9567732115677321,0.9567339156682828
A,7,sparse_context,N_x_original_shape,3-4:intermediate,1146,26,True,0.9581151832460733,0.9580287682395705
A,7,sparse_context,N_x_original_shape,3-4:compact,105,18,True,0.9619047619047619,0.9475
A,7,sparse_context,N_x_original_shape,5-8:elongated,5663,26,True,0.9440226028606745,0.9440022359539715
A,7,sparse_context,N_x_original_shape,5-8:intermediate,2084,27,True,0.9433781190019194,0.941676153612629
A,7,sparse_context,N_x_original_shape,5-8:compact,228,20,True,0.9605263157894737,0.9570342762620658
A,7,sparse_context,N_x_original_shape,9-16:elongated,4896,26,True,0.9644607843137255,0.9642195634194025
A,7,sparse_context,N_x_original_shape,9-16:intermediate,1577,26,True,0.9524413443246671,0.9504518713922867
A,7,sparse_context,N_x_original_shape,9-16:compact,221,19,True,0.9592760180995475,0.958939741128383
A,7,sparse_context,N_x_original_shape,17-32:elongated,29532,27,True,0.9774481917919545,0.9771545725812387
A,7,sparse_context,N_x_original_shape,17-32:intermediate,15880,25,True,0.9833753148614609,0.9823198380566802
A,7,sparse_context,N_x_original_shape,17-32:compact,2255,22,True,0.9946784922394678,0.9872961563596212
A,7,sparse_context,N_x_original_shape,33-64:elongated,725,21,True,0.9944827586206897,0.9772484780016318
A,7,sparse_context,N_x_original_shape,33-64:intermediate,355,22,True,0.9774647887323944,0.9767791732077447
A,7,sparse_context,N_x_original_shape,33-64:compact,46,12,False,1.0,1.0
A,7,sparse_context,N_x_original_shape,65-511:elongated,104,10,False,1.0,
A,7,sparse_context,N_x_original_shape,65-511:intermediate,35,13,False,1.0,1.0
A,7,sparse_context,N_x_original_shape,65-511:compact,1,1,False,1.0,
A,7,sparse_context,history,none,29596,27,True,0.9001554264089742,0.8995213919953436
A,7,sparse_context,history,one_to_five,20891,27,True,0.9550524149155138,0.9548565696999869
A,7,sparse_context,history,six,47247,27,True,0.9807183524879887,0.9801489328011317
A,7,sparse_context,current_points,1,58612,27,True,0.9389886030164472,0.9380758381097354
A,7,sparse_context,current_points,2,39122,27,True,0.9685854506415827,0.9685852880601309
A,7,sparse_context,current_points,ge3,0,0,False,,
A,7,sparse_context,current_range,le20,11734,27,True,0.9743480484063406,0.971601754114918
A,7,sparse_context,current_range,20to40,33802,26,True,0.9638187089521331,0.9578553590514083
A,7,sparse_context,current_range,gt40,52198,27,True,0.9371431855626652,0.9350654868027561
A,17,clean,retained_N,1-2,0,0,False,,
A,17,clean,retained_N,3-4,1615,27,True,0.9380804953560371,0.9297887140248674
A,17,clean,retained_N,5-8,1566,27,True,0.9527458492975734,0.9455875199320853
A,17,clean,retained_N,9-16,3392,27,True,0.9581367924528302,0.9525924246146481
A,17,clean,retained_N,17-32,37944,27,True,0.9852414083913135,0.9851814300289917
A,17,clean,retained_N,33-64,26522,27,True,0.9866525903023905,0.9855441938952262
A,17,clean,retained_N,65-511,9411,23,True,0.9824673254701944,0.9629800327984014
A,17,clean,original_shape,compact,4336,26,True,0.9861623616236163,0.9822779243264099
A,17,clean,original_shape,elongated,45116,27,True,0.9855261991311286,0.9797464291879598
A,17,clean,original_shape,intermediate,30998,27,True,0.9779985805535841,0.9777612875427404
A,17,clean,N_x_original_shape,1-2:elongated,0,0,False,,
A,17,clean,N_x_original_shape,1-2:intermediate,0,0,False,,
A,17,clean,N_x_original_shape,1-2:compact,0,0,False,,
A,17,clean,N_x_original_shape,3-4:elongated,1081,26,True,0.9426456984273821,0.9378251512115476
A,17,clean,N_x_original_shape,3-4:intermediate,484,27,True,0.9297520661157025,0.9078405017921147
A,17,clean,N_x_original_shape,3-4:compact,50,14,False,0.92,0.9080882352941176
A,17,clean,N_x_original_shape,5-8:elongated,932,27,True,0.9603004291845494,0.9524347467457858
A,17,clean,N_x_original_shape,5-8:intermediate,568,25,True,0.9419014084507042,0.9361108176002018
A,17,clean,N_x_original_shape,5-8:compact,66,17,False,0.9393939393939394,0.9345238095238095
A,17,clean,N_x_original_shape,9-16:elongated,2275,26,True,0.9626373626373627,0.9549455094040691
A,17,clean,N_x_original_shape,9-16:intermediate,996,27,True,0.9518072289156626,0.9493823134552755
A,17,clean,N_x_original_shape,9-16:compact,121,18,True,0.9256198347107438,0.9255995080959214
A,17,clean,N_x_original_shape,17-32:elongated,19967,27,True,0.9849251264586568,0.9826329045580122
A,17,clean,N_x_original_shape,17-32:intermediate,15866,27,True,0.9850623975797302,0.9843385266171789
A,17,clean,N_x_original_shape,17-32:compact,2111,22,True,0.9895783988630981,0.9807636231091672
A,17,clean,N_x_original_shape,33-64:elongated,14587,26,True,0.9915678343730719,0.9848734817351694
A,17,clean,N_x_original_shape,33-64:intermediate,10253,25,True,0.9792255925095094,0.9786909869504641
A,17,clean,N_x_original_shape,33-64:compact,1682,21,True,0.9892984542211652,0.9867641735608728
A,17,clean,N_x_original_shape,65-511:elongated,6274,20,True,0.9928275422378068,0.9681326821788969
A,17,clean,N_x_original_shape,65-511:intermediate,2831,22,True,0.9586718474037442,0.9494718545933158
A,17,clean,N_x_original_shape,65-511:compact,306,14,True,0.9901960784313726,0.9891008821399314
A,17,clean,history,none,1846,27,True,0.9393282773564464,0.9285845543788385
A,17,clean,history,one_to_five,8062,27,True,0.962788389977673,0.9540114573952831
A,17,clean,history,six,70542,27,True,0.9860650392673868,0.9854386352050685
A,17,clean,current_points,1,0,0,False,,
A,17,clean,current_points,2,0,0,False,,
A,17,clean,current_points,ge3,80450,27,True,0.9826600372902424,0.9816506290333396
A,17,clean,current_range,le20,26404,27,True,0.9840175730949856,0.9834987242030616
A,17,clean,current_range,20to40,36863,27,True,0.9864905189485392,0.986019969194511
A,17,clean,current_range,gt40,17183,27,True,0.9723563987662224,0.9660117649928232
A,17,uniform_half_0,retained_N,1-2,1615,27,True,0.9238390092879257,0.914568675998333
A,17,uniform_half_0,retained_N,3-4,1566,27,True,0.934227330779055,0.9241420015378718
A,17,uniform_half_0,retained_N,5-8,3392,27,True,0.9419221698113207,0.9339105518072917
A,17,uniform_half_0,retained_N,9-16,37944,27,True,0.976201771030993,0.976085035524421
A,17,uniform_half_0,retained_N,17-32,26522,27,True,0.982241158283689,0.9808656523227367
A,17,uniform_half_0,retained_N,33-64,8842,23,True,0.9850712508482243,0.9697368661239093
A,17,uniform_half_0,retained_N,65-511,569,14,True,0.9806678383128296,0.8463558926774186
A,17,uniform_half_0,original_shape,compact,4336,26,True,0.9753228782287823,0.9682634862842692
A,17,uniform_half_0,original_shape,elongated,45116,27,True,0.9805833850518663,0.972863066204215
A,17,uniform_half_0,original_shape,intermediate,30998,27,True,0.9691270404542228,0.9688055235294186
A,17,uniform_half_0,N_x_original_shape,1-2:elongated,1081,26,True,0.9232192414431082,0.9175268061089893
A,17,uniform_half_0,N_x_original_shape,1-2:intermediate,484,27,True,0.9276859504132231,0.9068283694964663
A,17,uniform_half_0,N_x_original_shape,1-2:compact,50,14,False,0.9,0.8831229546517064
A,17,uniform_half_0,N_x_original_shape,3-4:elongated,932,27,True,0.944206008583691,0.9327979056197724
A,17,uniform_half_0,N_x_original_shape,3-4:intermediate,568,25,True,0.9172535211267606,0.9092167324688927
A,17,uniform_half_0,N_x_original_shape,3-4:compact,66,17,False,0.9393939393939394,0.9345238095238095
A,17,uniform_half_0,N_x_original_shape,5-8:elongated,2275,26,True,0.949010989010989,0.9383240597398907
A,17,uniform_half_0,N_x_original_shape,5-8:intermediate,996,27,True,0.929718875502008,0.9256129569169708
A,17,uniform_half_0,N_x_original_shape,5-8:compact,121,18,True,0.9090909090909091,0.9090909090909091
A,17,uniform_half_0,N_x_original_shape,9-16:elongated,19967,27,True,0.9772624830971103,0.9737175921013186
A,17,uniform_half_0,N_x_original_shape,9-16:intermediate,15866,27,True,0.9737804109416363,0.9726187413994032
A,17,uniform_half_0,N_x_original_shape,9-16:compact,2111,22,True,0.984367598294647,0.9716462651485088
A,17,uniform_half_0,N_x_original_shape,17-32:elongated,14587,26,True,0.9904024131075615,0.9830450875902241
A,17,uniform_half_0,N_x_original_shape,17-32:intermediate,10253,25,True,0.9724958548717448,0.9716831311203049
A,17,uniform_half_0,N_x_original_shape,17-32:compact,1682,21,True,0.9708680142687277,0.963369826618009
A,17,uniform_half_0,N_x_original_shape,33-64:elongated,5882,20,True,0.995749744984699,0.982438190611735
A,17,uniform_half_0,N_x_original_shape,33-64:intermediate,2658,22,True,0.9616252821670429,0.9539693998615938
A,17,uniform_half_0,N_x_original_shape,33-64:compact,302,14,True,0.9834437086092715,0.9818690489055389
A,17,uniform_half_0,N_x_original_shape,65-511:elongated,392,12,True,0.9846938775510204,0.4961439588688946
A,17,uniform_half_0,N_x_original_shape,65-511:intermediate,173,12,True,0.9710982658959537,0.9114183307731695
A,17,uniform_half_0,N_x_original_shape,65-511:compact,4,3,False,1.0,
A,17,uniform_half_0,history,none,1846,27,True,0.9257854821235103,0.9136922465263024
A,17,uniform_half_0,history,one_to_five,8062,27,True,0.9472835524683701,0.9345944697732953
A,17,uniform_half_0,history,six,70542,27,True,0.9804655382608942,0.9795875509721594
A,17,uniform_half_0,current_points,1,0,0,False,,
A,17,uniform_half_0,current_points,2,0,0,False,,
A,17,uniform_half_0,current_points,ge3,80450,27,True,0.9758856432566811,0.9744814059662947
A,17,uniform_half_0,current_range,le20,26404,27,True,0.9789425844569005,0.9782769413976388
A,17,uniform_half_0,current_range,20to40,36863,27,True,0.9786506795431734,0.9778954038813632
A,17,uniform_half_0,current_range,gt40,17183,27,True,0.9652563580282838,0.9572504106941904
A,17,uniform_half_1,retained_N,1-2,1615,27,True,0.9195046439628483,0.9099118814192344
A,17,uniform_half_1,retained_N,3-4,1566,27,True,0.9361430395913155,0.9261522790934555
A,17,uniform_half_1,retained_N,5-8,3392,27,True,0.9487028301886793,0.9416402063666092
A,17,uniform_half_1,retained_N,9-16,37944,27,True,0.9763598987982289,0.9762453412231089
A,17,uniform_half_1,retained_N,17-32,26522,27,True,0.9820149310006787,0.9806049547000838
A,17,uniform_half_1,retained_N,33-64,8842,23,True,0.9830355123275277,0.9656325064715988
A,17,uniform_half_1,retained_N,65-511,569,14,True,0.9736379613356766,0.8008679218870303
A,17,uniform_half_1,original_shape,compact,4336,26,True,0.974169741697417,0.9667897607597915
A,17,uniform_half_1,original_shape,elongated,45116,27,True,0.9813148328752549,0.9738689342740067
A,17,uniform_half_1,original_shape,intermediate,30998,27,True,0.9681269759339313,0.9677948309619029
A,17,uniform_half_1,N_x_original_shape,1-2:elongated,1081,26,True,0.9259944495837188,0.9204661668518287
A,17,uniform_half_1,N_x_original_shape,1-2:intermediate,484,27,True,0.9090909090909091,0.8848690612633263
A,17,uniform_half_1,N_x_original_shape,1-2:compact,50,14,False,0.88,0.8571428571428572
A,17,uniform_half_1,N_x_original_shape,3-4:elongated,932,27,True,0.944206008583691,0.9325089126559715
A,17,uniform_half_1,N_x_original_shape,3-4:intermediate,568,25,True,0.9278169014084507,0.9204359486837834
A,17,uniform_half_1,N_x_original_shape,3-4:compact,66,17,False,0.8939393939393939,0.888162672476398
A,17,uniform_half_1,N_x_original_shape,5-8:elongated,2275,26,True,0.9556043956043956,0.946227877724148
A,17,uniform_half_1,N_x_original_shape,5-8:intermediate,996,27,True,0.9357429718875502,0.9321895424836601
A,17,uniform_half_1,N_x_original_shape,5-8:compact,121,18,True,0.9256198347107438,0.9255995080959214
A,17,uniform_half_1,N_x_original_shape,9-16:elongated,19967,27,True,0.9774628136425101,0.9739513701159244
A,17,uniform_half_1,N_x_original_shape,9-16:intermediate,15866,27,True,0.9738434387999496,0.9726778850750446
A,17,uniform_half_1,N_x_original_shape,9-16:compact,2111,22,True,0.9848413074372335,0.9723460348130804
A,17,uniform_half_1,N_x_original_shape,17-32:elongated,14587,26,True,0.9910194008363612,0.9841020482216443
A,17,uniform_half_1,N_x_original_shape,17-32:intermediate,10253,25,True,0.9715205305764166,0.9707007787143478
A,17,uniform_half_1,N_x_original_shape,17-32:compact,1682,21,True,0.9678953626634959,0.9597676812598224
A,17,uniform_half_1,N_x_original_shape,33-64:elongated,5882,20,True,0.9960897653859232,0.9838431353627961
A,17,uniform_half_1,N_x_original_shape,33-64:intermediate,2658,22,True,0.95372460496614,0.9445536541515225
A,17,uniform_half_1,N_x_original_shape,33-64:compact,302,14,True,0.9867549668874173,0.9854639969195225
A,17,uniform_half_1,N_x_original_shape,65-511:elongated,392,12,True,0.9846938775510204,0.4961439588688946
A,17,uniform_half_1,N_x_original_shape,65-511:intermediate,173,12,True,0.9479768786127167,0.8492593668312518
A,17,uniform_half_1,N_x_original_shape,65-511:compact,4,3,False,1.0,
A,17,uniform_half_1,history,none,1846,27,True,0.9214517876489707,0.9089937634871433
A,17,uniform_half_1,history,one_to_five,8062,27,True,0.9532374100719424,0.941949950207055
A,17,uniform_half_1,history,six,70542,27,True,0.9798559723285418,0.9789476103192649
A,17,uniform_half_1,current_points,1,0,0,False,,
A,17,uniform_half_1,current_points,2,0,0,False,,
A,17,uniform_half_1,current_points,ge3,80450,27,True,0.9758483530142946,0.9744389455588499
A,17,uniform_half_1,current_range,le20,26404,27,True,0.9793213149522799,0.9786740461418616
A,17,uniform_half_1,current_range,20to40,36863,27,True,0.9778097279114559,0.9770168073862475
A,17,uniform_half_1,current_range,gt40,17183,27,True,0.9663039050224058,0.958518765032296
A,17,uniform_half_2,retained_N,1-2,1615,27,True,0.9238390092879257,0.9143321426214894
A,17,uniform_half_2,retained_N,3-4,1566,27,True,0.9386973180076629,0.9294108366686513
A,17,uniform_half_2,retained_N,5-8,3392,27,True,0.9460495283018868,0.9384046203679255
A,17,uniform_half_2,retained_N,9-16,37944,27,True,0.9766234450769555,0.9765127415240789
A,17,uniform_half_2,retained_N,17-32,26522,27,True,0.9814493627931529,0.9800077341037203
A,17,uniform_half_2,retained_N,33-64,8842,23,True,0.9859760235240895,0.9717001693537888
A,17,uniform_half_2,retained_N,65-511,569,14,True,0.9701230228471002,0.7494366014764926
A,17,uniform_half_2,original_shape,compact,4336,26,True,0.9704797047970479,0.9621089046750246
A,17,uniform_half_2,original_shape,elongated,45116,27,True,0.9812040074474687,0.9737564581862388
A,17,uniform_half_2,original_shape,intermediate,30998,27,True,0.9694819020581973,0.9691626504647635
A,17,uniform_half_2,N_x_original_shape,1-2:elongated,1081,26,True,0.9259944495837188,0.9202125696571577
A,17,uniform_half_2,N_x_original_shape,1-2:intermediate,484,27,True,0.9214876033057852,0.8985862061359977
A,17,uniform_half_2,N_x_original_shape,1-2:compact,50,14,False,0.9,0.8869289914066034
A,17,uniform_half_2,N_x_original_shape,3-4:elongated,932,27,True,0.9420600858369099,0.930796647086001
A,17,uniform_half_2,N_x_original_shape,3-4:intermediate,568,25,True,0.9313380281690141,0.9241367264956386
A,17,uniform_half_2,N_x_original_shape,3-4:compact,66,17,False,0.9545454545454546,0.9513154659454144
A,17,uniform_half_2,N_x_original_shape,5-8:elongated,2275,26,True,0.9538461538461539,0.9440982887231242
A,17,uniform_half_2,N_x_original_shape,5-8:intermediate,996,27,True,0.9307228915662651,0.9264145791730688
A,17,uniform_half_2,N_x_original_shape,5-8:compact,121,18,True,0.9256198347107438,0.9255384615384616
A,17,uniform_half_2,N_x_original_shape,9-16:elongated,19967,27,True,0.9779636400060099,0.9745668995557137
A,17,uniform_half_2,N_x_original_shape,9-16:intermediate,15866,27,True,0.9742846338081432,0.9731350841459658
A,17,uniform_half_2,N_x_original_shape,9-16:compact,2111,22,True,0.9815253434391283,0.9666443969158354
A,17,uniform_half_2,N_x_original_shape,17-32:elongated,14587,26,True,0.9905395214917392,0.9832819651859299
A,17,uniform_half_2,N_x_original_shape,17-32:intermediate,10253,25,True,0.9716180630059494,0.9707823809165724
A,17,uniform_half_2,N_x_original_shape,17-32:compact,1682,21,True,0.9625445897740785,0.9530936891211939
A,17,uniform_half_2,N_x_original_shape,33-64:elongated,5882,20,True,0.995749744984699,0.9823951144497141
A,17,uniform_half_2,N_x_original_shape,33-64:intermediate,2658,22,True,0.9657637321294206,0.9591278899708564
A,17,uniform_half_2,N_x_original_shape,33-64:compact,302,14,True,0.9735099337748344,0.971172203130966
A,17,uniform_half_2,N_x_original_shape,65-511:elongated,392,12,True,0.9846938775510204,0.4961439588688946
A,17,uniform_half_2,N_x_original_shape,65-511:intermediate,173,12,True,0.9421965317919075,0.8057053009883199
A,17,uniform_half_2,N_x_original_shape,65-511:compact,4,3,False,0.75,
A,17,uniform_half_2,history,none,1846,27,True,0.9241603466955579,0.9115930626346938
A,17,uniform_half_2,history,one_to_five,8062,27,True,0.9517489456710494,0.9401022032640435
A,17,uniform_half_2,history,six,70542,27,True,0.9802528989821666,0.9793702913633704
A,17,uniform_half_2,current_points,1,0,0,False,,
A,17,uniform_half_2,current_points,2,0,0,False,,
A,17,uniform_half_2,current_points,ge3,80450,27,True,0.9761093847110006,0.9747228524950546
A,17,uniform_half_2,current_range,le20,26404,27,True,0.9784502348129072,0.9777711549358243
A,17,uniform_half_2,current_range,20to40,36863,27,True,0.9791389740390093,0.978403661400528
A,17,uniform_half_2,current_range,gt40,17183,27,True,0.9660129197462608,0.9582097753941883
A,17,uniform_quarter_0,retained_N,1-2,3181,27,True,0.8770826784030179,0.8660215342173878
A,17,uniform_quarter_0,retained_N,3-4,3392,27,True,0.926002358490566,0.9156364636621511
A,17,uniform_quarter_0,retained_N,5-8,37944,27,True,0.9611532785157073,0.9608764070024562
A,17,uniform_quarter_0,retained_N,9-16,26522,27,True,0.9668954075861549,0.9642250916486452
A,17,uniform_quarter_0,retained_N,17-32,8842,23,True,0.966523410992988,0.9372720230699615
A,17,uniform_quarter_0,retained_N,33-64,538,14,True,0.9739776951672863,0.8764435695538058
A,17,uniform_quarter_0,retained_N,65-511,31,3,False,1.0,
A,17,uniform_quarter_0,original_shape,compact,4336,26,True,0.9504151291512916,0.9370656105052311
A,17,uniform_quarter_0,original_shape,elongated,45116,27,True,0.9689688802198777,0.9565355424638097
A,17,uniform_quarter_0,original_shape,intermediate,30998,27,True,0.945512613717014,0.9449817117673065
A,17,uniform_quarter_0,N_x_original_shape,1-2:elongated,2013,27,True,0.8822652757078987,0.8728416400909947
A,17,uniform_quarter_0,N_x_original_shape,1-2:intermediate,1052,27,True,0.8640684410646388,0.8483176259322855
A,17,uniform_quarter_0,N_x_original_shape,1-2:compact,116,19,True,0.9051724137931034,0.8997407087294729
A,17,uniform_quarter_0,N_x_original_shape,3-4:elongated,2275,26,True,0.9380219780219781,0.9245949424368687
A,17,uniform_quarter_0,N_x_original_shape,3-4:intermediate,996,27,True,0.9026104417670683,0.8972744971488176
A,17,uniform_quarter_0,N_x_original_shape,3-4:compact,121,18,True,0.8925619834710744,0.8925326228052197
A,17,uniform_quarter_0,N_x_original_shape,5-8:elongated,19967,27,True,0.9651925677367656,0.959385617224028
A,17,uniform_quarter_0,N_x_original_shape,5-8:intermediate,15866,27,True,0.9555023320307576,0.9538524367383809
A,17,uniform_quarter_0,N_x_original_shape,5-8:compact,2111,22,True,0.965419232591189,0.9410054602384159
A,17,uniform_quarter_0,N_x_original_shape,9-16:elongated,14587,26,True,0.9826557894015219,0.9691876688959266
A,17,uniform_quarter_0,N_x_original_shape,9-16:intermediate,10253,25,True,0.9488930069248025,0.9475393169119843
A,17,uniform_quarter_0,N_x_original_shape,9-16:compact,1682,21,True,0.9399524375743162,0.9250009822866132
A,17,uniform_quarter_0,N_x_original_shape,17-32:elongated,5882,20,True,0.9880992859571575,0.9546303009734198
A,17,uniform_quarter_0,N_x_original_shape,17-32:intermediate,2658,22,True,0.9213694507148231,0.9110070542739352
A,17,uniform_quarter_0,N_x_original_shape,17-32:compact,302,14,True,0.9437086092715232,0.9395736967856596
A,17,uniform_quarter_0,N_x_original_shape,33-64:elongated,361,12,True,0.9889196675900277,0.8721671388101984
A,17,uniform_quarter_0,N_x_original_shape,33-64:intermediate,173,12,True,0.9421965317919075,0.8698073449729079
A,17,uniform_quarter_0,N_x_original_shape,33-64:compact,4,3,False,1.0,
A,17,uniform_quarter_0,N_x_original_shape,65-511:elongated,31,3,False,1.0,
A,17,uniform_quarter_0,N_x_original_shape,65-511:intermediate,0,0,False,,
A,17,uniform_quarter_0,N_x_original_shape,65-511:compact,0,0,False,,
A,17,uniform_quarter_0,history,none,1846,27,True,0.8439869989165764,0.8307640396503536
A,17,uniform_quarter_0,history,one_to_five,8062,27,True,0.9368643016621185,0.9217731618463622
A,17,uniform_quarter_0,history,six,70542,27,True,0.9644608885486661,0.9627705779821798
A,17,uniform_quarter_0,current_points,1,0,0,False,,
A,17,uniform_quarter_0,current_points,2,0,0,False,,
A,17,uniform_quarter_0,current_points,ge3,80450,27,True,0.9589310130515848,0.9564811239470961
A,17,uniform_quarter_0,current_range,le20,26404,27,True,0.9603469171337676,0.9591828495959998
A,17,uniform_quarter_0,current_range,20to40,36863,27,True,0.9612890974690068,0.9597448588975928
A,17,uniform_quarter_0,current_range,gt40,17183,27,True,0.9516964441599255,0.9406650067052138
A,17,uniform_quarter_1,retained_N,1-2,3181,27,True,0.8755108456460232,0.864281515473301
A,17,uniform_quarter_1,retained_N,3-4,3392,27,True,0.9301297169811321,0.9199616327506728
A,17,uniform_quarter_1,retained_N,5-8,37944,27,True,0.9610742146320894,0.9607959035510649
A,17,uniform_quarter_1,retained_N,9-16,26522,27,True,0.9678003167181962,0.965148415254835
A,17,uniform_quarter_1,retained_N,17-32,8842,23,True,0.9681067631757521,0.9400652746723406
A,17,uniform_quarter_1,retained_N,33-64,538,14,True,0.9739776951672863,0.8635210553018772
A,17,uniform_quarter_1,retained_N,65-511,31,3,False,1.0,
A,17,uniform_quarter_1,original_shape,compact,4336,26,True,0.9511070110701108,0.9377247676886802
A,17,uniform_quarter_1,original_shape,elongated,45116,27,True,0.9687915595354198,0.9562260650709886
A,17,uniform_quarter_1,original_shape,intermediate,30998,27,True,0.9470933608619911,0.9466058362452046
A,17,uniform_quarter_1,N_x_original_shape,1-2:elongated,2013,27,True,0.879284649776453,0.8699987376170196
A,17,uniform_quarter_1,N_x_original_shape,1-2:intermediate,1052,27,True,0.8650190114068441,0.8484334415584416
A,17,uniform_quarter_1,N_x_original_shape,1-2:compact,116,19,True,0.9051724137931034,0.8988505747126436
A,17,uniform_quarter_1,N_x_original_shape,3-4:elongated,2275,26,True,0.9389010989010989,0.9251192680927927
A,17,uniform_quarter_1,N_x_original_shape,3-4:intermediate,996,27,True,0.9176706827309237,0.9128608923884515
A,17,uniform_quarter_1,N_x_original_shape,3-4:compact,121,18,True,0.8677685950413223,0.86775956284153
A,17,uniform_quarter_1,N_x_original_shape,5-8:elongated,19967,27,True,0.9633395101918165,0.957156990562337
A,17,uniform_quarter_1,N_x_original_shape,5-8:intermediate,15866,27,True,0.957582251355099,0.9559974892838894
A,17,uniform_quarter_1,N_x_original_shape,5-8:compact,2111,22,True,0.9658929417337755,0.9406325775566833
A,17,uniform_quarter_1,N_x_original_shape,9-16:elongated,14587,26,True,0.9846438609720984,0.9726975279068637
A,17,uniform_quarter_1,N_x_original_shape,9-16:intermediate,10253,25,True,0.947527552911343,0.9462295572237869
A,17,uniform_quarter_1,N_x_original_shape,9-16:compact,1682,21,True,0.9453032104637337,0.9321751601122759
A,17,uniform_quarter_1,N_x_original_shape,17-32:elongated,5882,20,True,0.9886093165589935,0.9569103048262396
A,17,uniform_quarter_1,N_x_original_shape,17-32:intermediate,2658,22,True,0.927012791572611,0.9168809983590649
A,17,uniform_quarter_1,N_x_original_shape,17-32:compact,302,14,True,0.9304635761589404,0.9258930345061288
A,17,uniform_quarter_1,N_x_original_shape,33-64:elongated,361,12,True,0.9916897506925207,0.8824997287620702
A,17,uniform_quarter_1,N_x_original_shape,33-64:intermediate,173,12,True,0.9364161849710982,0.8478208716513395
A,17,uniform_quarter_1,N_x_original_shape,33-64:compact,4,3,False,1.0,
A,17,uniform_quarter_1,N_x_original_shape,65-511:elongated,31,3,False,1.0,
A,17,uniform_quarter_1,N_x_original_shape,65-511:intermediate,0,0,False,,
A,17,uniform_quarter_1,N_x_original_shape,65-511:compact,0,0,False,,
A,17,uniform_quarter_1,history,none,1846,27,True,0.847237269772481,0.8342897888243046
A,17,uniform_quarter_1,history,one_to_five,8062,27,True,0.936120069461672,0.9206577385625734
A,17,uniform_quarter_1,history,six,70542,27,True,0.9650846304329336,0.9634021468319347
A,17,uniform_quarter_1,current_points,1,0,0,False,,
A,17,uniform_quarter_1,current_points,2,0,0,False,,
A,17,uniform_quarter_1,current_points,ge3,80450,27,True,0.959477936606588,0.9570305047257237
A,17,uniform_quarter_1,current_range,le20,26404,27,True,0.9612179972731404,0.9600716019713904
A,17,uniform_quarter_1,current_range,20to40,36863,27,True,0.9613704798849795,0.9598094402141218
A,17,uniform_quarter_1,current_range,gt40,17183,27,True,0.9527439911540476,0.9417644471843962
A,17,uniform_quarter_2,retained_N,1-2,3181,27,True,0.8792832442628105,0.8675982057149695
A,17,uniform_quarter_2,retained_N,3-4,3392,27,True,0.9318985849056604,0.9223951996173005
A,17,uniform_quarter_2,retained_N,5-8,37944,27,True,0.9607579590976175,0.9604691949085732
A,17,uniform_quarter_2,retained_N,9-16,26522,27,True,0.9677249076238594,0.9651137291625327
A,17,uniform_quarter_2,retained_N,17-32,8842,23,True,0.9692377290205836,0.9419200737387943
A,17,uniform_quarter_2,retained_N,33-64,538,14,True,0.9758364312267658,0.8834391613752646
A,17,uniform_quarter_2,retained_N,65-511,31,3,False,1.0,
A,17,uniform_quarter_2,original_shape,compact,4336,26,True,0.9462638376383764,0.9314999864056064
A,17,uniform_quarter_2,original_shape,elongated,45116,27,True,0.9698333185566096,0.9577421277104439
A,17,uniform_quarter_2,original_shape,intermediate,30998,27,True,0.9467384992580167,0.9462632944701512
A,17,uniform_quarter_2,N_x_original_shape,1-2:elongated,2013,27,True,0.8822652757078987,0.8721583852138357
A,17,uniform_quarter_2,N_x_original_shape,1-2:intermediate,1052,27,True,0.873574144486692,0.8577370887531609
A,17,uniform_quarter_2,N_x_original_shape,1-2:compact,116,19,True,0.8793103448275862,0.8718434343434344
A,17,uniform_quarter_2,N_x_original_shape,3-4:elongated,2275,26,True,0.9476923076923077,0.9363027127550567
A,17,uniform_quarter_2,N_x_original_shape,3-4:intermediate,996,27,True,0.8995983935742972,0.8942495540643847
A,17,uniform_quarter_2,N_x_original_shape,3-4:compact,121,18,True,0.9008264462809917,0.9008196721311476
A,17,uniform_quarter_2,N_x_original_shape,5-8:elongated,19967,27,True,0.9649922371913657,0.959141026849972
A,17,uniform_quarter_2,N_x_original_shape,5-8:intermediate,15866,27,True,0.9551871927391907,0.9535926281203786
A,17,uniform_quarter_2,N_x_original_shape,5-8:compact,2111,22,True,0.9625769777356703,0.9352085929065086
A,17,uniform_quarter_2,N_x_original_shape,9-16:elongated,14587,26,True,0.9845067525879208,0.9725245837260184
A,17,uniform_quarter_2,N_x_original_shape,9-16:intermediate,10253,25,True,0.9493806690724665,0.9480747453752816
A,17,uniform_quarter_2,N_x_original_shape,9-16:compact,1682,21,True,0.9340071343638525,0.9175753369684561
A,17,uniform_quarter_2,N_x_original_shape,17-32:elongated,5882,20,True,0.9867392043522611,0.9502200406228842
A,17,uniform_quarter_2,N_x_original_shape,17-32:intermediate,2658,22,True,0.9334085778781038,0.9236797054294175
A,17,uniform_quarter_2,N_x_original_shape,17-32:compact,302,14,True,0.9437086092715232,0.9397947815889769
A,17,uniform_quarter_2,N_x_original_shape,33-64:elongated,361,12,True,0.9944598337950139,0.9271589991928975
A,17,uniform_quarter_2,N_x_original_shape,33-64:intermediate,173,12,True,0.9364161849710982,0.8595053525286083
A,17,uniform_quarter_2,N_x_original_shape,33-64:compact,4,3,False,1.0,
A,17,uniform_quarter_2,N_x_original_shape,65-511:elongated,31,3,False,1.0,
A,17,uniform_quarter_2,N_x_original_shape,65-511:intermediate,0,0,False,,
A,17,uniform_quarter_2,N_x_original_shape,65-511:compact,0,0,False,,
A,17,uniform_quarter_2,history,none,1846,27,True,0.8510292524377031,0.8378108279682951
A,17,uniform_quarter_2,history,one_to_five,8062,27,True,0.9387248821632349,0.9238619714001682
A,17,uniform_quarter_2,history,six,70542,27,True,0.9649003430580363,0.9632110882222442
A,17,uniform_quarter_2,current_points,1,0,0,False,,
A,17,uniform_quarter_2,current_points,2,0,0,False,,
A,17,uniform_quarter_2,current_points,ge3,80450,27,True,0.9596643878185208,0.9572268714361469
A,17,uniform_quarter_2,current_range,le20,26404,27,True,0.9609907589759128,0.9598216654759182
A,17,uniform_quarter_2,current_range,20to40,36863,27,True,0.9611805875810433,0.9596195020931131
A,17,uniform_quarter_2,current_range,gt40,17183,27,True,0.9543735087004598,0.9438005562427798
A,17,central_half,retained_N,1-2,1615,27,True,0.9058823529411765,0.8968872968241219
A,17,central_half,retained_N,3-4,1566,27,True,0.9246487867177522,0.914734219269103
A,17,central_half,retained_N,5-8,3392,27,True,0.9372051886792453,0.9297197578066217
A,17,central_half,retained_N,9-16,37944,27,True,0.9745677841028885,0.9745009214097518
A,17,central_half,retained_N,17-32,26522,27,True,0.9506447477565795,0.9478718306089428
A,17,central_half,retained_N,33-64,8842,23,True,0.9080524768152002,0.8506048764824984
A,17,central_half,retained_N,65-511,569,14,True,0.9349736379613357,0.7595728887112431
A,17,central_half,original_shape,compact,4336,26,True,0.9494926199261993,0.9320467948997312
A,17,central_half,original_shape,elongated,45116,27,True,0.9671513432041847,0.9556136331613987
A,17,central_half,original_shape,intermediate,30998,27,True,0.9385121620749726,0.9370916667816607
A,17,central_half,N_x_original_shape,1-2:elongated,1081,26,True,0.9000925069380203,0.8949578924638307
A,17,central_half,N_x_original_shape,1-2:intermediate,484,27,True,0.9173553719008265,0.8953355102393876
A,17,central_half,N_x_original_shape,1-2:compact,50,14,False,0.92,0.910873440285205
A,17,central_half,N_x_original_shape,3-4:elongated,932,27,True,0.9324034334763949,0.9203153944805966
A,17,central_half,N_x_original_shape,3-4:intermediate,568,25,True,0.9137323943661971,0.9067913824225802
A,17,central_half,N_x_original_shape,3-4:compact,66,17,False,0.9090909090909091,0.9034146341463415
A,17,central_half,N_x_original_shape,5-8:elongated,2275,26,True,0.945054945054945,0.9346983286675887
A,17,central_half,N_x_original_shape,5-8:intermediate,996,27,True,0.9226907630522089,0.9194085843539667
A,17,central_half,N_x_original_shape,5-8:compact,121,18,True,0.9090909090909091,0.9090909090909091
A,17,central_half,N_x_original_shape,9-16:elongated,19967,27,True,0.9752090950067611,0.9717261419257612
A,17,central_half,N_x_original_shape,9-16:intermediate,15866,27,True,0.9723307702004286,0.9708086241215235
A,17,central_half,N_x_original_shape,9-16:compact,2111,22,True,0.98531501657982,0.972468580626406
A,17,central_half,N_x_original_shape,17-32:elongated,14587,26,True,0.9684650716391308,0.9474313679774471
A,17,central_half,N_x_original_shape,17-32:intermediate,10253,25,True,0.9260704184141227,0.9221494531951947
A,17,central_half,N_x_original_shape,17-32:compact,1682,21,True,0.9458977407847801,0.9296151138370758
A,17,central_half,N_x_original_shape,33-64:elongated,5882,20,True,0.9620877252635158,0.8775859051968917
A,17,central_half,N_x_original_shape,33-64:intermediate,2658,22,True,0.8058690744920993,0.7963033261510001
A,17,central_half,N_x_original_shape,33-64:compact,302,14,True,0.7549668874172185,0.753887493942998
A,17,central_half,N_x_original_shape,65-511:elongated,392,12,True,0.9795918367346939,0.7947643979057591
A,17,central_half,N_x_original_shape,65-511:intermediate,173,12,True,0.8439306358381503,0.7313201035375323
A,17,central_half,N_x_original_shape,65-511:compact,4,3,False,0.5,
A,17,central_half,history,none,1846,27,True,0.9073672806067172,0.8951998207215957
A,17,central_half,history,one_to_five,8062,27,True,0.9310344827586207,0.9171738449166873
A,17,central_half,history,six,70542,27,True,0.9591732584843072,0.957910199171651
A,17,central_half,current_points,1,0,0,False,,
A,17,central_half,current_points,2,0,0,False,,
A,17,central_half,current_points,ge3,80450,27,True,0.9551646985705408,0.9532827449747974
A,17,central_half,current_range,le20,26404,27,True,0.9369792455688533,0.9360433747299262
A,17,central_half,current_range,20to40,36863,27,True,0.9687491522665003,0.9679352610575095
A,17,central_half,current_range,gt40,17183,27,True,0.9539661293138567,0.9445526720005066
A,17,xy_fraction6,retained_N,1-2,0,0,False,,
A,17,xy_fraction6,retained_N,3-4,1615,27,True,0.9386996904024768,0.9304572376275995
A,17,xy_fraction6,retained_N,5-8,1566,27,True,0.9533844189016603,0.9462941517761716
A,17,xy_fraction6,retained_N,9-16,3392,27,True,0.9584316037735849,0.9529370227435828
A,17,xy_fraction6,retained_N,17-32,37944,27,True,0.9852414083913135,0.9851815297750728
A,17,xy_fraction6,retained_N,33-64,26522,27,True,0.986614885755222,0.9855036860957144
A,17,xy_fraction6,retained_N,65-511,9411,23,True,0.9825735841037084,0.9631924120378673
A,17,xy_fraction6,original_shape,compact,4336,26,True,0.9863929889298892,0.9825781093846353
A,17,xy_fraction6,original_shape,elongated,45116,27,True,0.9855705293022431,0.9798084615641071
A,17,xy_fraction6,original_shape,intermediate,30998,27,True,0.9779985805535841,0.9777609878170193
A,17,xy_fraction6,N_x_original_shape,1-2:elongated,0,0,False,,
A,17,xy_fraction6,N_x_original_shape,1-2:intermediate,0,0,False,,
A,17,xy_fraction6,N_x_original_shape,1-2:compact,0,0,False,,
A,17,xy_fraction6,N_x_original_shape,3-4:elongated,1081,26,True,0.9435707678075855,0.9387937331822227
A,17,xy_fraction6,N_x_original_shape,3-4:intermediate,484,27,True,0.9297520661157025,0.9078405017921147
A,17,xy_fraction6,N_x_original_shape,3-4:compact,50,14,False,0.92,0.9080882352941176
A,17,xy_fraction6,N_x_original_shape,5-8:elongated,932,27,True,0.9613733905579399,0.9536717921527041
A,17,xy_fraction6,N_x_original_shape,5-8:intermediate,568,25,True,0.9419014084507042,0.9361108176002018
A,17,xy_fraction6,N_x_original_shape,5-8:compact,66,17,False,0.9393939393939394,0.9345238095238095
A,17,xy_fraction6,N_x_original_shape,9-16:elongated,2275,26,True,0.9626373626373627,0.9549455094040691
A,17,xy_fraction6,N_x_original_shape,9-16:intermediate,996,27,True,0.9528112449799196,0.9504596651381536
A,17,xy_fraction6,N_x_original_shape,9-16:compact,121,18,True,0.9256198347107438,0.9255995080959214
A,17,xy_fraction6,N_x_original_shape,17-32:elongated,19967,27,True,0.9849752090950068,0.9826913281360796
A,17,xy_fraction6,N_x_original_shape,17-32:intermediate,15866,27,True,0.9849363418631035,0.9842054644577674
A,17,xy_fraction6,N_x_original_shape,17-32:compact,2111,22,True,0.9900521080056846,0.9816597073314421
A,17,xy_fraction6,N_x_original_shape,33-64:elongated,14587,26,True,0.9914992801809831,0.9847529965685585
A,17,xy_fraction6,N_x_original_shape,33-64:intermediate,10253,25,True,0.9792255925095094,0.9786909869504641
A,17,xy_fraction6,N_x_original_shape,33-64:compact,1682,21,True,0.9892984542211652,0.9867641735608728
A,17,xy_fraction6,N_x_original_shape,65-511:elongated,6274,20,True,0.9928275422378068,0.9681326821788969
A,17,xy_fraction6,N_x_original_shape,65-511:intermediate,2831,22,True,0.9590250794772165,0.9498852412984825
A,17,xy_fraction6,N_x_original_shape,65-511:compact,306,14,True,0.9901960784313726,0.9891008821399314
A,17,xy_fraction6,history,none,1846,27,True,0.9404117009750813,0.9297902767174517
A,17,xy_fraction6,history,one_to_five,8062,27,True,0.9630364673778219,0.9543302780601947
A,17,xy_fraction6,history,six,70542,27,True,0.9860508633154716,0.9854239115795391
A,17,xy_fraction6,current_points,1,0,0,False,,
A,17,xy_fraction6,current_points,2,0,0,False,,
A,17,xy_fraction6,current_points,ge3,80450,27,True,0.982697327532629,0.9816902030184333
A,17,xy_fraction6,current_range,le20,26404,27,True,0.9841690652931374,0.9836546809674243
A,17,xy_fraction6,current_range,20to40,36863,27,True,0.9864905189485392,0.9860202571480696
A,17,xy_fraction6,current_range,gt40,17183,27,True,0.9722982017109935,0.9659423164815193
A,17,xy_fraction4,retained_N,1-2,0,0,False,,
A,17,xy_fraction4,retained_N,3-4,1615,27,True,0.939938080495356,0.9317960468657007
A,17,xy_fraction4,retained_N,5-8,1566,27,True,0.9527458492975734,0.9455293082442128
A,17,xy_fraction4,retained_N,9-16,3392,27,True,0.9590212264150944,0.9535833895384044
A,17,xy_fraction4,retained_N,17-32,37944,27,True,0.9851096352519503,0.9850490710184128
A,17,xy_fraction4,retained_N,33-64,26522,27,True,0.9868034084910641,0.985710765638811
A,17,xy_fraction4,retained_N,65-511,9411,23,True,0.9823610668366805,0.962792002419075
A,17,xy_fraction4,original_shape,compact,4336,26,True,0.9861623616236163,0.9822779243264099
A,17,xy_fraction4,original_shape,elongated,45116,27,True,0.9855705293022431,0.9798084615641071
A,17,xy_fraction4,original_shape,intermediate,30998,27,True,0.9780631008452159,0.9778256065840064
A,17,xy_fraction4,N_x_original_shape,1-2:elongated,0,0,False,,
A,17,xy_fraction4,N_x_original_shape,1-2:intermediate,0,0,False,,
A,17,xy_fraction4,N_x_original_shape,1-2:compact,0,0,False,,
A,17,xy_fraction4,N_x_original_shape,3-4:elongated,1081,26,True,0.9444958371877891,0.9397632881109114
A,17,xy_fraction4,N_x_original_shape,3-4:intermediate,484,27,True,0.9318181818181818,0.9103134984586185
A,17,xy_fraction4,N_x_original_shape,3-4:compact,50,14,False,0.92,0.9080882352941176
A,17,xy_fraction4,N_x_original_shape,5-8:elongated,932,27,True,0.9603004291845494,0.9523348118701302
A,17,xy_fraction4,N_x_original_shape,5-8:intermediate,568,25,True,0.9419014084507042,0.9361108176002018
A,17,xy_fraction4,N_x_original_shape,5-8:compact,66,17,False,0.9393939393939394,0.9345238095238095
A,17,xy_fraction4,N_x_original_shape,9-16:elongated,2275,26,True,0.963956043956044,0.9565166110974364
A,17,xy_fraction4,N_x_original_shape,9-16:intermediate,996,27,True,0.9518072289156626,0.9493823134552755
A,17,xy_fraction4,N_x_original_shape,9-16:compact,121,18,True,0.9256198347107438,0.9255995080959214
A,17,xy_fraction4,N_x_original_shape,17-32:elongated,19967,27,True,0.984574548004207,0.9822297635530417
A,17,xy_fraction4,N_x_original_shape,17-32:intermediate,15866,27,True,0.985188453296357,0.9844715731324576
A,17,xy_fraction4,N_x_original_shape,17-32:compact,2111,22,True,0.9895783988630981,0.9807636231091672
A,17,xy_fraction4,N_x_original_shape,33-64:elongated,14587,26,True,0.9918420511414273,0.9853701881299448
A,17,xy_fraction4,N_x_original_shape,33-64:intermediate,10253,25,True,0.9792255925095094,0.9786855696754024
A,17,xy_fraction4,N_x_original_shape,33-64:compact,1682,21,True,0.9892984542211652,0.9867641735608728
A,17,xy_fraction4,N_x_original_shape,65-511:elongated,6274,20,True,0.9928275422378068,0.9682119339513502
A,17,xy_fraction4,N_x_original_shape,65-511:intermediate,2831,22,True,0.958318615330272,0.9490587570786884
A,17,xy_fraction4,N_x_original_shape,65-511:compact,306,14,True,0.9901960784313726,0.9891008821399314
A,17,xy_fraction4,history,none,1846,27,True,0.9414951245937161,0.9309982016504945
A,17,xy_fraction4,history,one_to_five,8062,27,True,0.9631605060778963,0.9544530335702044
A,17,xy_fraction4,history,six,70542,27,True,0.9860225114116413,0.9853953617653752
A,17,xy_fraction4,current_points,1,0,0,False,,
A,17,xy_fraction4,current_points,2,0,0,False,,
A,17,xy_fraction4,current_points,ge3,80450,27,True,0.9827097576134245,0.9817039209531038
A,17,xy_fraction4,current_range,le20,26404,27,True,0.9843584305408272,0.9838517662232316
A,17,xy_fraction4,current_range,20to40,36863,27,True,0.9863820090605756,0.9859079700568893
A,17,xy_fraction4,current_range,gt40,17183,27,True,0.9722982017109935,0.9659381046021123
A,17,kept_single,retained_N,1-2,0,0,False,,
A,17,kept_single,retained_N,3-4,40406,27,True,0.9540167301885859,0.953460335530171
A,17,kept_single,retained_N,5-8,26553,27,True,0.9585734191993371,0.9559301468014378
A,17,kept_single,retained_N,9-16,12049,26,True,0.9522781973607768,0.9245303130099188
A,17,kept_single,retained_N,17-32,1357,21,True,0.9204126750184229,0.7718702912718081
A,17,kept_single,retained_N,33-64,85,8,False,1.0,
A,17,kept_single,retained_N,65-511,0,0,False,,
A,17,kept_single,original_shape,compact,4336,26,True,0.9342712177121771,0.9171523569737441
A,17,kept_single,original_shape,elongated,45116,27,True,0.9688802198776487,0.9565008077216395
A,17,kept_single,original_shape,intermediate,30998,27,True,0.9370281953674431,0.9365503732108929
A,17,kept_single,N_x_original_shape,1-2:elongated,0,0,False,,
A,17,kept_single,N_x_original_shape,1-2:intermediate,0,0,False,,
A,17,kept_single,N_x_original_shape,1-2:compact,0,0,False,,
A,17,kept_single,N_x_original_shape,3-4:elongated,21829,27,True,0.9651839296348894,0.9601283112552541
A,17,kept_single,N_x_original_shape,3-4:intermediate,16401,27,True,0.9402475458813487,0.9392077157498273
A,17,kept_single,N_x_original_shape,3-4:compact,2176,24,True,0.9457720588235294,0.9214987055455481
A,17,kept_single,N_x_original_shape,5-8:elongated,14358,27,True,0.9726981473742861,0.9563077529204675
A,17,kept_single,N_x_original_shape,5-8:intermediate,10581,27,True,0.9444286929401758,0.9432340131328326
A,17,kept_single,N_x_original_shape,5-8:compact,1614,24,True,0.9256505576208178,0.9047534743737276
A,17,kept_single,N_x_original_shape,9-16:elongated,8030,25,True,0.9737235367372353,0.9140432254014792
A,17,kept_single,N_x_original_shape,9-16:intermediate,3517,26,True,0.9090133636622121,0.9056817557085064
A,17,kept_single,N_x_original_shape,9-16:compact,502,19,True,0.9123505976095617,0.9116084005634524
A,17,kept_single,N_x_original_shape,17-32:elongated,816,17,True,0.9497549019607843,0.7563771144785802
A,17,kept_single,N_x_original_shape,17-32:intermediate,497,19,True,0.8712273641851107,0.7729297544260423
A,17,kept_single,N_x_original_shape,17-32:compact,44,9,False,0.9318181818181818,
A,17,kept_single,N_x_original_shape,33-64:elongated,83,8,False,1.0,
A,17,kept_single,N_x_original_shape,33-64:intermediate,2,1,False,1.0,
A,17,kept_single,N_x_original_shape,33-64:compact,0,0,False,,
A,17,kept_single,N_x_original_shape,65-511:elongated,0,0,False,,
A,17,kept_single,N_x_original_shape,65-511:intermediate,0,0,False,,
A,17,kept_single,N_x_original_shape,65-511:compact,0,0,False,,
A,17,kept_single,history,none,1846,27,True,0.9393282773564464,0.9285845543788385
A,17,kept_single,history,one_to_five,8062,27,True,0.9512527908707517,0.9400821313274059
A,17,kept_single,history,six,70542,27,True,0.9555442147940234,0.9533766799515608
A,17,kept_single,current_points,1,0,0,False,,
A,17,kept_single,current_points,2,0,0,False,,
A,17,kept_single,current_points,ge3,80450,27,True,0.9547420758234928,0.9519456902134202
A,17,kept_single,current_range,le20,26404,27,True,0.9488335100742312,0.9474107314190365
A,17,kept_single,current_range,20to40,36863,27,True,0.9573013590863467,0.9554498502656865
A,17,kept_single,current_range,gt40,17183,27,True,0.9583309084560321,0.9483647680087146
A,17,sparse_single,retained_N,1-2,97734,27,True,0.9151779319377085,0.9144420488493233
A,17,sparse_single,retained_N,3-4,0,0,False,,
A,17,sparse_single,retained_N,5-8,0,0,False,,
A,17,sparse_single,retained_N,9-16,0,0,False,,
A,17,sparse_single,retained_N,17-32,0,0,False,,
A,17,sparse_single,retained_N,33-64,0,0,False,,
A,17,sparse_single,retained_N,65-511,0,0,False,,
A,17,sparse_single,original_shape,undefined_low_support,97734,27,True,0.9151779319377085,0.9144420488493233
A,17,sparse_single,N_x_original_shape,1-2:elongated,0,0,False,,
A,17,sparse_single,N_x_original_shape,1-2:intermediate,0,0,False,,
A,17,sparse_single,N_x_original_shape,1-2:compact,0,0,False,,
A,17,sparse_single,N_x_original_shape,3-4:elongated,0,0,False,,
A,17,sparse_single,N_x_original_shape,3-4:intermediate,0,0,False,,
A,17,sparse_single,N_x_original_shape,3-4:compact,0,0,False,,
A,17,sparse_single,N_x_original_shape,5-8:elongated,0,0,False,,
A,17,sparse_single,N_x_original_shape,5-8:intermediate,0,0,False,,
A,17,sparse_single,N_x_original_shape,5-8:compact,0,0,False,,
A,17,sparse_single,N_x_original_shape,9-16:elongated,0,0,False,,
A,17,sparse_single,N_x_original_shape,9-16:intermediate,0,0,False,,
A,17,sparse_single,N_x_original_shape,9-16:compact,0,0,False,,
A,17,sparse_single,N_x_original_shape,17-32:elongated,0,0,False,,
A,17,sparse_single,N_x_original_shape,17-32:intermediate,0,0,False,,
A,17,sparse_single,N_x_original_shape,17-32:compact,0,0,False,,
A,17,sparse_single,N_x_original_shape,33-64:elongated,0,0,False,,
A,17,sparse_single,N_x_original_shape,33-64:intermediate,0,0,False,,
A,17,sparse_single,N_x_original_shape,33-64:compact,0,0,False,,
A,17,sparse_single,N_x_original_shape,65-511:elongated,0,0,False,,
A,17,sparse_single,N_x_original_shape,65-511:intermediate,0,0,False,,
A,17,sparse_single,N_x_original_shape,65-511:compact,0,0,False,,
A,17,sparse_single,history,none,97734,27,True,0.9151779319377085,0.9144420488493233
A,17,sparse_single,history,one_to_five,0,0,False,,
A,17,sparse_single,history,six,0,0,False,,
A,17,sparse_single,current_points,1,58612,27,True,0.8954139084146591,0.8924160771671799
A,17,sparse_single,current_points,2,39122,27,True,0.9447880987679567,0.9447693918293545
A,17,sparse_single,current_points,ge3,0,0,False,,
A,17,sparse_single,current_range,le20,11734,27,True,0.9430714163967956,0.9371416079527857
A,17,sparse_single,current_range,20to40,33802,26,True,0.9315129282290989,0.9201420414585125
A,17,sparse_single,current_range,gt40,52198,27,True,0.8983294379094985,0.8963040668954988
A,17,sparse_context,retained_N,1-2,29596,27,True,0.8859305311528585,0.8854644319968428
A,17,sparse_context,retained_N,3-4,4536,26,True,0.9268077601410935,0.9267995632331942
A,17,sparse_context,retained_N,5-8,7975,27,True,0.9263949843260189,0.926363079938771
A,17,sparse_context,retained_N,9-16,6694,26,True,0.9547355841051688,0.9542565809775647
A,17,sparse_context,retained_N,17-32,47667,27,True,0.9816854427591415,0.9810416446850168
A,17,sparse_context,retained_N,33-64,1126,25,True,0.9902309058614565,0.9843838846127175
A,17,sparse_context,retained_N,65-511,140,16,True,1.0,1.0
A,17,sparse_context,original_shape,compact,2856,24,True,0.9828431372549019,0.9706005373431199
A,17,sparse_context,original_shape,elongated,44205,27,True,0.9660219432190928,0.965904081665527
A,17,sparse_context,original_shape,intermediate,21077,27,True,0.9736679793139441,0.9724601410662705
A,17,sparse_context,original_shape,undefined_low_support,29596,27,True,0.8859305311528585,0.8854644319968428
A,17,sparse_context,N_x_original_shape,1-2:elongated,0,0,False,,
A,17,sparse_context,N_x_original_shape,1-2:intermediate,0,0,False,,
A,17,sparse_context,N_x_original_shape,1-2:compact,0,0,False,,
A,17,sparse_context,N_x_original_shape,3-4:elongated,3285,25,True,0.9254185692541856,0.9254152240332707
A,17,sparse_context,N_x_original_shape,3-4:intermediate,1146,26,True,0.9284467713787086,0.928429114571909
A,17,sparse_context,N_x_original_shape,3-4:compact,105,18,True,0.9523809523809523,0.9369066218002644
A,17,sparse_context,N_x_original_shape,5-8:elongated,5663,26,True,0.92318559067632,0.9230652186317211
A,17,sparse_context,N_x_original_shape,5-8:intermediate,2084,27,True,0.9337811900191939,0.9320991851675563
A,17,sparse_context,N_x_original_shape,5-8:compact,228,20,True,0.9385964912280702,0.933693394266722
A,17,sparse_context,N_x_original_shape,9-16:elongated,4896,26,True,0.9564950980392157,0.9562546271249853
A,17,sparse_context,N_x_original_shape,9-16:intermediate,1577,26,True,0.953709575142676,0.951823852258865
A,17,sparse_context,N_x_original_shape,9-16:compact,221,19,True,0.9230769230769231,0.9229191030138897
A,17,sparse_context,N_x_original_shape,17-32:elongated,29532,27,True,0.9795476093728837,0.9793021545897256
A,17,sparse_context,N_x_original_shape,17-32:intermediate,15880,25,True,0.9838790931989925,0.9828712394911232
A,17,sparse_context,N_x_original_shape,17-32:compact,2255,22,True,0.9942350332594235,0.9863037635099369
A,17,sparse_context,N_x_original_shape,33-64:elongated,725,21,True,0.993103448275862,0.9718391920761313
A,17,sparse_context,N_x_original_shape,33-64:intermediate,355,22,True,0.9830985915492958,0.9825489939044374
A,17,sparse_context,N_x_original_shape,33-64:compact,46,12,False,1.0,1.0
A,17,sparse_context,N_x_original_shape,65-511:elongated,104,10,False,1.0,
A,17,sparse_context,N_x_original_shape,65-511:intermediate,35,13,False,1.0,1.0
A,17,sparse_context,N_x_original_shape,65-511:compact,1,1,False,1.0,
A,17,sparse_context,history,none,29596,27,True,0.8859305311528585,0.8854644319968428
A,17,sparse_context,history,one_to_five,20891,27,True,0.9395912115264946,0.9394505255332513
A,17,sparse_context,history,six,47247,27,True,0.9821364319427689,0.981629438174481
A,17,sparse_context,current_points,1,58612,27,True,0.927557496758343,0.9264128709561361
A,17,sparse_context,current_points,2,39122,27,True,0.9684065231838863,0.9684041086087352
A,17,sparse_context,current_points,ge3,0,0,False,,
A,17,sparse_context,current_range,le20,11734,27,True,0.9773308334753708,0.9749550654696107
A,17,sparse_context,current_range,20to40,33802,26,True,0.9568664576060588,0.9498621978725162
A,17,sparse_context,current_range,gt40,52198,27,True,0.9280049044024675,0.9256550570068789
A,37,clean,retained_N,1-2,0,0,False,,
A,37,clean,retained_N,3-4,1615,27,True,0.9380804953560371,0.9295837286527515
A,37,clean,retained_N,5-8,1566,27,True,0.9533844189016603,0.9464649733280197
A,37,clean,retained_N,9-16,3392,27,True,0.953125,0.9471914672578148
A,37,clean,retained_N,17-32,37944,27,True,0.9827377187434113,0.9826766430771001
A,37,clean,retained_N,33-64,26522,27,True,0.985823090264686,0.9847133377095447
A,37,clean,retained_N,65-511,9411,23,True,0.9889491021145468,0.9771185874842827
A,37,clean,original_shape,compact,4336,26,True,0.9748616236162362,0.9673007639374107
A,37,clean,original_shape,elongated,45116,27,True,0.9859030055856015,0.980372899381769
A,37,clean,original_shape,intermediate,30998,27,True,0.9767081747209497,0.9764184326029648
A,37,clean,N_x_original_shape,1-2:elongated,0,0,False,,
A,37,clean,N_x_original_shape,1-2:intermediate,0,0,False,,
A,37,clean,N_x_original_shape,1-2:compact,0,0,False,,
A,37,clean,N_x_original_shape,3-4:elongated,1081,26,True,0.940795559666975,0.935674863509915
A,37,clean,N_x_original_shape,3-4:intermediate,484,27,True,0.9338842975206612,0.9123267819943846
A,37,clean,N_x_original_shape,3-4:compact,50,14,False,0.92,0.910873440285205
A,37,clean,N_x_original_shape,5-8:elongated,932,27,True,0.9645922746781116,0.9575769362867819
A,37,clean,N_x_original_shape,5-8:intermediate,568,25,True,0.9419014084507042,0.9362585568398608
A,37,clean,N_x_original_shape,5-8:compact,66,17,False,0.8939393939393939,0.888162672476398
A,37,clean,N_x_original_shape,9-16:elongated,2275,26,True,0.9595604395604396,0.9515093496831543
A,37,clean,N_x_original_shape,9-16:intermediate,996,27,True,0.9407630522088354,0.9380345552995513
A,37,clean,N_x_original_shape,9-16:compact,121,18,True,0.9338842975206612,0.9338797814207651
A,37,clean,N_x_original_shape,17-32:elongated,19967,27,True,0.9840737216407072,0.9816956075380527
A,37,clean,N_x_original_shape,17-32:intermediate,15866,27,True,0.9812176982226144,0.9802592431799964
A,37,clean,N_x_original_shape,17-32:compact,2111,22,True,0.9815253434391283,0.9651091681404228
A,37,clean,N_x_original_shape,33-64:elongated,14587,26,True,0.9923904846781381,0.9864728311352702
A,37,clean,N_x_original_shape,33-64:intermediate,10253,25,True,0.9782502682141813,0.9776037669712084
A,37,clean,N_x_original_shape,33-64:compact,1682,21,True,0.9750297265160524,0.9686239187323786
A,37,clean,N_x_original_shape,65-511:elongated,6274,20,True,0.9971310168951227,0.9877261327340949
A,37,clean,N_x_original_shape,65-511:intermediate,2831,22,True,0.9728011303426352,0.967035124052865
A,37,clean,N_x_original_shape,65-511:compact,306,14,True,0.9705882352941176,0.967734754847402
A,37,clean,history,none,1846,27,True,0.9414951245937161,0.9308599846022597
A,37,clean,history,one_to_five,8062,27,True,0.9575787645745473,0.9479330201916558
A,37,clean,history,six,70542,27,True,0.985583056902271,0.9849712414100191
A,37,clean,current_points,1,0,0,False,,
A,37,clean,current_points,2,0,0,False,,
A,37,clean,current_points,ge3,80450,27,True,0.9817650714729645,0.9807554344046521
A,37,clean,current_range,le20,26404,27,True,0.9846614149371308,0.9841968733917699
A,37,clean,current_range,20to40,36863,27,True,0.9864362640045574,0.9859908565361253
A,37,clean,current_range,gt40,17183,27,True,0.9672932549612989,0.9600247397696142
A,37,uniform_half_0,retained_N,1-2,1615,27,True,0.920123839009288,0.9099009682613203
A,37,uniform_half_0,retained_N,3-4,1566,27,True,0.9329501915708812,0.9223329861627734
A,37,uniform_half_0,retained_N,5-8,3392,27,True,0.9442806603773585,0.9364152338502234
A,37,uniform_half_0,retained_N,9-16,37944,27,True,0.9777830487033523,0.9776848558445046
A,37,uniform_half_0,retained_N,17-32,26522,27,True,0.9799411809064174,0.9784447883369773
A,37,uniform_half_0,retained_N,33-64,8842,23,True,0.9869938927844379,0.9743414484688002
A,37,uniform_half_0,retained_N,65-511,569,14,True,0.9859402460456942,0.9193936818246211
A,37,uniform_half_0,original_shape,compact,4336,26,True,0.9665590405904059,0.9566506639366716
A,37,uniform_half_0,original_shape,elongated,45116,27,True,0.9820462806986435,0.97496381038946
A,37,uniform_half_0,original_shape,intermediate,30998,27,True,0.9688366991418801,0.9684626203087112
A,37,uniform_half_0,N_x_original_shape,1-2:elongated,1081,26,True,0.9185938945420906,0.9122338266228733
A,37,uniform_half_0,N_x_original_shape,1-2:intermediate,484,27,True,0.9256198347107438,0.9024193548387096
A,37,uniform_half_0,N_x_original_shape,1-2:compact,50,14,False,0.9,0.8869289914066034
A,37,uniform_half_0,N_x_original_shape,3-4:elongated,932,27,True,0.9409871244635193,0.9285378703281598
A,37,uniform_half_0,N_x_original_shape,3-4:intermediate,568,25,True,0.9225352112676056,0.9145128408608918
A,37,uniform_half_0,N_x_original_shape,3-4:compact,66,17,False,0.9090909090909091,0.9034146341463415
A,37,uniform_half_0,N_x_original_shape,5-8:elongated,2275,26,True,0.9503296703296703,0.9395689964210365
A,37,uniform_half_0,N_x_original_shape,5-8:intermediate,996,27,True,0.9357429718875502,0.9321234011559807
A,37,uniform_half_0,N_x_original_shape,5-8:compact,121,18,True,0.9008264462809917,0.9007654455986878
A,37,uniform_half_0,N_x_original_shape,9-16:elongated,19967,27,True,0.9795162017328592,0.9763657632613103
A,37,uniform_half_0,N_x_original_shape,9-16:intermediate,15866,27,True,0.9753561073994705,0.9742040232994046
A,37,uniform_half_0,N_x_original_shape,9-16:compact,2111,22,True,0.9796305068687826,0.9627967462880971
A,37,uniform_half_0,N_x_original_shape,17-32:elongated,14587,26,True,0.9911565092205389,0.9844491060469165
A,37,uniform_half_0,N_x_original_shape,17-32:intermediate,10253,25,True,0.9672291036769726,0.9661665415469975
A,37,uniform_half_0,N_x_original_shape,17-32:compact,1682,21,True,0.960166468489893,0.9494305359795988
A,37,uniform_half_0,N_x_original_shape,33-64:elongated,5882,20,True,0.9974498469908194,0.98966486542713
A,37,uniform_half_0,N_x_original_shape,33-64:intermediate,2658,22,True,0.9668924003009782,0.9611486127351971
A,37,uniform_half_0,N_x_original_shape,33-64:compact,302,14,True,0.9602649006622517,0.9571022727272727
A,37,uniform_half_0,N_x_original_shape,65-511:elongated,392,12,True,0.9974489795918368,0.9538986240150535
A,37,uniform_half_0,N_x_original_shape,65-511:intermediate,173,12,True,0.9595375722543352,0.9031587365053978
A,37,uniform_half_0,N_x_original_shape,65-511:compact,4,3,False,1.0,
A,37,uniform_half_0,history,none,1846,27,True,0.9225352112676056,0.9093951035641925
A,37,uniform_half_0,history,one_to_five,8062,27,True,0.9491441329694865,0.9368772167508757
A,37,uniform_half_0,history,six,70542,27,True,0.980607297780046,0.9797774372439934
A,37,uniform_half_0,current_points,1,0,0,False,,
A,37,uniform_half_0,current_points,2,0,0,False,,
A,37,uniform_half_0,current_points,ge3,80450,27,True,0.9761218147917962,0.9747814749424573
A,37,uniform_half_0,current_range,le20,26404,27,True,0.9766323284350856,0.9759252635650761
A,37,uniform_half_0,current_range,20to40,36863,27,True,0.9813091717982801,0.9806698463910473
A,37,uniform_half_0,current_range,gt40,17183,27,True,0.9642088110341617,0.9562786859781037
A,37,uniform_half_1,retained_N,1-2,1615,27,True,0.923219814241486,0.9131051312491756
A,37,uniform_half_1,retained_N,3-4,1566,27,True,0.9329501915708812,0.9225019571284012
A,37,uniform_half_1,retained_N,5-8,3392,27,True,0.9442806603773585,0.9366534803442772
A,37,uniform_half_1,retained_N,9-16,37944,27,True,0.9765180265654649,0.9764125793384206
A,37,uniform_half_1,retained_N,17-32,26522,27,True,0.9783198853781766,0.9767099947371978
A,37,uniform_half_1,retained_N,33-64,8842,23,True,0.9862022166930559,0.9728221878480923
A,37,uniform_half_1,retained_N,65-511,569,14,True,0.9806678383128296,0.8911572906703765
A,37,uniform_half_1,original_shape,compact,4336,26,True,0.9644833948339483,0.9539994362081665
A,37,uniform_half_1,original_shape,elongated,45116,27,True,0.9816694742441706,0.9744492776789555
A,37,uniform_half_1,original_shape,intermediate,30998,27,True,0.9665784889347699,0.9661763402529362
A,37,uniform_half_1,N_x_original_shape,1-2:elongated,1081,26,True,0.9278445883441259,0.922038656133499
A,37,uniform_half_1,N_x_original_shape,1-2:intermediate,484,27,True,0.9152892561983471,0.8885713162667686
A,37,uniform_half_1,N_x_original_shape,1-2:compact,50,14,False,0.9,0.8831229546517064
A,37,uniform_half_1,N_x_original_shape,3-4:elongated,932,27,True,0.9388412017167382,0.9264144278917077
A,37,uniform_half_1,N_x_original_shape,3-4:intermediate,568,25,True,0.9278169014084507,0.9202463022133638
A,37,uniform_half_1,N_x_original_shape,3-4:compact,66,17,False,0.8939393939393939,0.8864027538726333
A,37,uniform_half_1,N_x_original_shape,5-8:elongated,2275,26,True,0.9551648351648352,0.9455741626794258
A,37,uniform_half_1,N_x_original_shape,5-8:intermediate,996,27,True,0.9257028112449799,0.9218919560499186
A,37,uniform_half_1,N_x_original_shape,5-8:compact,121,18,True,0.8925619834710744,0.8925326228052197
A,37,uniform_half_1,N_x_original_shape,9-16:elongated,19967,27,True,0.9783643010968097,0.9750293195637916
A,37,uniform_half_1,N_x_original_shape,9-16:intermediate,15866,27,True,0.9736543552250094,0.972429625368981
A,37,uniform_half_1,N_x_original_shape,9-16:compact,2111,22,True,0.9805779251539555,0.9646912920471675
A,37,uniform_half_1,N_x_original_shape,17-32:elongated,14587,26,True,0.9905395214917392,0.9833878224337307
A,37,uniform_half_1,N_x_original_shape,17-32:intermediate,10253,25,True,0.9649858577977177,0.963849270201692
A,37,uniform_half_1,N_x_original_shape,17-32:compact,1682,21,True,0.9536266349583828,0.9409219695918989
A,37,uniform_half_1,N_x_original_shape,33-64:elongated,5882,20,True,0.9969398163889833,0.9876715257377686
A,37,uniform_half_1,N_x_original_shape,33-64:intermediate,2658,22,True,0.964635063957863,0.9585277872390434
A,37,uniform_half_1,N_x_original_shape,33-64:compact,302,14,True,0.9668874172185431,0.9641108523078386
A,37,uniform_half_1,N_x_original_shape,65-511:elongated,392,12,True,0.9948979591836735,0.8987080103359173
A,37,uniform_half_1,N_x_original_shape,65-511:intermediate,173,12,True,0.9479768786127167,0.8804973520607875
A,37,uniform_half_1,N_x_original_shape,65-511:compact,4,3,False,1.0,
A,37,uniform_half_1,history,none,1846,27,True,0.9257854821235103,0.9129435617815276
A,37,uniform_half_1,history,one_to_five,8062,27,True,0.9491441329694865,0.9369796957411696
A,37,uniform_half_1,history,six,70542,27,True,0.9791613506846985,0.9782706554118339
A,37,uniform_half_1,current_points,1,0,0,False,,
A,37,uniform_half_1,current_points,2,0,0,False,,
A,37,uniform_half_1,current_points,ge3,80450,27,True,0.9749285270354258,0.9735234479054979
A,37,uniform_half_1,current_range,le20,26404,27,True,0.9759506135434025,0.9752262307096129
A,37,uniform_half_1,current_range,20to40,36863,27,True,0.9797086509508179,0.9790156495150478
A,37,uniform_half_1,current_range,gt40,17183,27,True,0.9631030669848105,0.954925216558782
A,37,uniform_half_2,retained_N,1-2,1615,27,True,0.9195046439628483,0.9092451897140802
A,37,uniform_half_2,retained_N,3-4,1566,27,True,0.938058748403576,0.928250472931324
A,37,uniform_half_2,retained_N,5-8,3392,27,True,0.9487028301886793,0.9415581715065192
A,37,uniform_half_2,retained_N,9-16,37944,27,True,0.9767815728441914,0.976676647518536
A,37,uniform_half_2,retained_N,17-32,26522,27,True,0.9794133172460598,0.9778944932100384
A,37,uniform_half_2,retained_N,33-64,8842,23,True,0.988577244967202,0.977450964276912
A,37,uniform_half_2,retained_N,65-511,569,14,True,0.9824253075571178,0.9060932136255611
A,37,uniform_half_2,original_shape,compact,4336,26,True,0.9681734317343174,0.9585650784646543
A,37,uniform_half_2,original_shape,elongated,45116,27,True,0.9819132901853002,0.9747833311372056
A,37,uniform_half_2,original_shape,intermediate,30998,27,True,0.9682237563713788,0.96784300560651
A,37,uniform_half_2,N_x_original_shape,1-2:elongated,1081,26,True,0.9195189639222942,0.9130904470370798
A,37,uniform_half_2,N_x_original_shape,1-2:intermediate,484,27,True,0.9214876033057852,0.8980668617540126
A,37,uniform_half_2,N_x_original_shape,1-2:compact,50,14,False,0.9,0.8869289914066034
A,37,uniform_half_2,N_x_original_shape,3-4:elongated,932,27,True,0.9420600858369099,0.9303611457036114
A,37,uniform_half_2,N_x_original_shape,3-4:intermediate,568,25,True,0.9313380281690141,0.9237670476249471
A,37,uniform_half_2,N_x_original_shape,3-4:compact,66,17,False,0.9393939393939394,0.9345238095238095
A,37,uniform_half_2,N_x_original_shape,5-8:elongated,2275,26,True,0.9564835164835165,0.94729267222466
A,37,uniform_half_2,N_x_original_shape,5-8:intermediate,996,27,True,0.9347389558232931,0.9309607167117935
A,37,uniform_half_2,N_x_original_shape,5-8:compact,121,18,True,0.9173553719008265,0.9173045379989064
A,37,uniform_half_2,N_x_original_shape,9-16:elongated,19967,27,True,0.9786647969149096,0.9753678046799197
A,37,uniform_half_2,N_x_original_shape,9-16:intermediate,15866,27,True,0.9737173830833228,0.9725055015514303
A,37,uniform_half_2,N_x_original_shape,9-16:compact,2111,22,True,0.9819990525817148,0.966773530824925
A,37,uniform_half_2,N_x_original_shape,17-32:elongated,14587,26,True,0.9906766298759169,0.9836130420833552
A,37,uniform_half_2,N_x_original_shape,17-32:intermediate,10253,25,True,0.9666439090997757,0.9655301582583093
A,37,uniform_half_2,N_x_original_shape,17-32:compact,1682,21,True,0.9595719381688466,0.9484235209235209
A,37,uniform_half_2,N_x_original_shape,33-64:elongated,5882,20,True,0.9976198571914315,0.9903883504211253
A,37,uniform_half_2,N_x_original_shape,33-64:intermediate,2658,22,True,0.9717832957110609,0.9668315797967966
A,37,uniform_half_2,N_x_original_shape,33-64:compact,302,14,True,0.9602649006622517,0.9571022727272727
A,37,uniform_half_2,N_x_original_shape,65-511:elongated,392,12,True,1.0,1.0
A,37,uniform_half_2,N_x_original_shape,65-511:intermediate,173,12,True,0.9479768786127167,0.8804973520607875
A,37,uniform_half_2,N_x_original_shape,65-511:compact,4,3,False,0.75,
A,37,uniform_half_2,history,none,1846,27,True,0.9219934994582882,0.9088054802340517
A,37,uniform_half_2,history,one_to_five,8062,27,True,0.9516249069709749,0.9399237396171848
A,37,uniform_half_2,history,six,70542,27,True,0.9800827875591847,0.9792330919404337
A,37,uniform_half_2,current_points,1,0,0,False,,
A,37,uniform_half_2,current_points,2,0,0,False,,
A,37,uniform_half_2,current_points,ge3,80450,27,True,0.9758980733374767,0.9745479460959907
A,37,uniform_half_2,current_range,le20,26404,27,True,0.9762157248901682,0.9754970370937679
A,37,uniform_half_2,current_range,20to40,36863,27,True,0.9810378970783713,0.9803992560798411
A,37,uniform_half_2,current_range,gt40,17183,27,True,0.9643834021998486,0.9563993331699207
A,37,uniform_quarter_0,retained_N,1-2,3181,27,True,0.8333857277585665,0.8224043197781963
A,37,uniform_quarter_0,retained_N,3-4,3392,27,True,0.9271816037735849,0.916783993107711
A,37,uniform_quarter_0,retained_N,5-8,37944,27,True,0.963314358001265,0.9630678438658486
A,37,uniform_quarter_0,retained_N,9-16,26522,27,True,0.9660659075484503,0.9633368387520752
A,37,uniform_quarter_0,retained_N,17-32,8842,23,True,0.9668627007464374,0.9386683615153537
A,37,uniform_quarter_0,retained_N,33-64,538,14,True,0.9646840148698885,0.8444495168530777
A,37,uniform_quarter_0,retained_N,65-511,31,3,False,1.0,
A,37,uniform_quarter_0,original_shape,compact,4336,26,True,0.9441881918819188,0.9283621479012185
A,37,uniform_quarter_0,original_shape,elongated,45116,27,True,0.9683482578242752,0.955798120133849
A,37,uniform_quarter_0,original_shape,intermediate,30998,27,True,0.9448028905090651,0.9442169284374056
A,37,uniform_quarter_0,N_x_original_shape,1-2:elongated,2013,27,True,0.8390461997019374,0.8296402712331916
A,37,uniform_quarter_0,N_x_original_shape,1-2:intermediate,1052,27,True,0.8165399239543726,0.8011118131370273
A,37,uniform_quarter_0,N_x_original_shape,1-2:compact,116,19,True,0.8879310344827587,0.8824721377912867
A,37,uniform_quarter_0,N_x_original_shape,3-4:elongated,2275,26,True,0.9371428571428572,0.9233170590050275
A,37,uniform_quarter_0,N_x_original_shape,3-4:intermediate,996,27,True,0.9096385542168675,0.9045485328755979
A,37,uniform_quarter_0,N_x_original_shape,3-4:compact,121,18,True,0.8842975206611571,0.8842263531984691
A,37,uniform_quarter_0,N_x_original_shape,5-8:elongated,19967,27,True,0.9664947162818651,0.9609257097309628
A,37,uniform_quarter_0,N_x_original_shape,5-8:intermediate,15866,27,True,0.9587167528047397,0.9571163940327067
A,37,uniform_quarter_0,N_x_original_shape,5-8:compact,2111,22,True,0.9677877783041212,0.9441706414767936
A,37,uniform_quarter_0,N_x_original_shape,9-16:elongated,14587,26,True,0.9845753067800096,0.9725888999457829
A,37,uniform_quarter_0,N_x_original_shape,9-16:intermediate,10253,25,True,0.9463571637569492,0.9449469110600832
A,37,uniform_quarter_0,N_x_original_shape,9-16:compact,1682,21,True,0.9256837098692033,0.9060445632535706
A,37,uniform_quarter_0,N_x_original_shape,17-32:elongated,5882,20,True,0.9892893573614416,0.9596607666485635
A,37,uniform_quarter_0,N_x_original_shape,17-32:intermediate,2658,22,True,0.9217456734386757,0.9120629103679951
A,37,uniform_quarter_0,N_x_original_shape,17-32:compact,302,14,True,0.9271523178807947,0.9227621483375958
A,37,uniform_quarter_0,N_x_original_shape,33-64:elongated,361,12,True,0.9889196675900277,0.8721671388101984
A,37,uniform_quarter_0,N_x_original_shape,33-64:intermediate,173,12,True,0.9132947976878613,0.8216862502576788
A,37,uniform_quarter_0,N_x_original_shape,33-64:compact,4,3,False,1.0,
A,37,uniform_quarter_0,N_x_original_shape,65-511:elongated,31,3,False,1.0,
A,37,uniform_quarter_0,N_x_original_shape,65-511:intermediate,0,0,False,,
A,37,uniform_quarter_0,N_x_original_shape,65-511:compact,0,0,False,,
A,37,uniform_quarter_0,history,none,1846,27,True,0.7751895991332611,0.7652964469260051
A,37,uniform_quarter_0,history,one_to_five,8062,27,True,0.936988340362193,0.9215328422401452
A,37,uniform_quarter_0,history,six,70542,27,True,0.9651555101925094,0.9635356480047763
A,37,uniform_quarter_0,current_points,1,0,0,False,,
A,37,uniform_quarter_0,current_points,2,0,0,False,,
A,37,uniform_quarter_0,current_points,ge3,80450,27,True,0.9579738968303294,0.9555394950102237
A,37,uniform_quarter_0,current_range,le20,26404,27,True,0.954173610059082,0.9527787619957458
A,37,uniform_quarter_0,current_range,20to40,36863,27,True,0.9645986490518949,0.9632641284386263
A,37,uniform_quarter_0,current_range,gt40,17183,27,True,0.9496013501716813,0.9386456464827553
A,37,uniform_quarter_1,retained_N,1-2,3181,27,True,0.8377868594781516,0.8263906340829418
A,37,uniform_quarter_1,retained_N,3-4,3392,27,True,0.9310141509433962,0.9209175906072901
A,37,uniform_quarter_1,retained_N,5-8,37944,27,True,0.9640522875816994,0.9638169660811868
A,37,uniform_quarter_1,retained_N,9-16,26522,27,True,0.9667822939446498,0.9641068481943338
A,37,uniform_quarter_1,retained_N,17-32,8842,23,True,0.9672019904998869,0.939140740875763
A,37,uniform_quarter_1,retained_N,33-64,538,14,True,0.9646840148698885,0.8349026891706371
A,37,uniform_quarter_1,retained_N,65-511,31,3,False,1.0,
A,37,uniform_quarter_1,original_shape,compact,4336,26,True,0.941420664206642,0.9247679669842047
A,37,uniform_quarter_1,original_shape,elongated,45116,27,True,0.9691018707332211,0.956799204681787
A,37,uniform_quarter_1,original_shape,intermediate,30998,27,True,0.9465771985289374,0.946003195408375
A,37,uniform_quarter_1,N_x_original_shape,1-2:elongated,2013,27,True,0.8390461997019374,0.829385716169186
A,37,uniform_quarter_1,N_x_original_shape,1-2:intermediate,1052,27,True,0.8298479087452472,0.8137819254506671
A,37,uniform_quarter_1,N_x_original_shape,1-2:compact,116,19,True,0.8879310344827587,0.881511746680286
A,37,uniform_quarter_1,N_x_original_shape,3-4:elongated,2275,26,True,0.9415384615384615,0.9281516566970635
A,37,uniform_quarter_1,N_x_original_shape,3-4:intermediate,996,27,True,0.9166666666666666,0.9120155389404784
A,37,uniform_quarter_1,N_x_original_shape,3-4:compact,121,18,True,0.8512396694214877,0.8512295081967213
A,37,uniform_quarter_1,N_x_original_shape,5-8:elongated,19967,27,True,0.9675965342815646,0.9622139962511252
A,37,uniform_quarter_1,N_x_original_shape,5-8:intermediate,15866,27,True,0.9596621706794403,0.9580654116211651
A,37,uniform_quarter_1,N_x_original_shape,5-8:compact,2111,22,True,0.9635243960208432,0.9363040627041355
A,37,uniform_quarter_1,N_x_original_shape,9-16:elongated,14587,26,True,0.9849180777404538,0.9731504216931781
A,37,uniform_quarter_1,N_x_original_shape,9-16:intermediate,10253,25,True,0.9471374231932117,0.9457232322271008
A,37,uniform_quarter_1,N_x_original_shape,9-16:compact,1682,21,True,0.9292508917954816,0.9110410075008789
A,37,uniform_quarter_1,N_x_original_shape,17-32:elongated,5882,20,True,0.9886093165589935,0.9570051521507297
A,37,uniform_quarter_1,N_x_original_shape,17-32:intermediate,2658,22,True,0.9262603461249059,0.9169017274655863
A,37,uniform_quarter_1,N_x_original_shape,17-32:compact,302,14,True,0.9105960264900662,0.9056719456751847
A,37,uniform_quarter_1,N_x_original_shape,33-64:elongated,361,12,True,0.9916897506925207,0.8824997287620702
A,37,uniform_quarter_1,N_x_original_shape,33-64:intermediate,173,12,True,0.9075144508670521,0.8064876957494407
A,37,uniform_quarter_1,N_x_original_shape,33-64:compact,4,3,False,1.0,
A,37,uniform_quarter_1,N_x_original_shape,65-511:elongated,31,3,False,1.0,
A,37,uniform_quarter_1,N_x_original_shape,65-511:intermediate,0,0,False,,
A,37,uniform_quarter_1,N_x_original_shape,65-511:compact,0,0,False,,
A,37,uniform_quarter_1,history,none,1846,27,True,0.781148429035753,0.7709238435982622
A,37,uniform_quarter_1,history,one_to_five,8062,27,True,0.9390969982634582,0.9238758504140178
A,37,uniform_quarter_1,history,six,70542,27,True,0.9658501318363528,0.9642676968488727
A,37,uniform_quarter_1,current_points,1,0,0,False,,
A,37,uniform_quarter_1,current_points,2,0,0,False,,
A,37,uniform_quarter_1,current_points,ge3,80450,27,True,0.9589310130515848,0.956548040347954
A,37,uniform_quarter_1,current_range,le20,26404,27,True,0.9561430086350553,0.954831033099131
A,37,uniform_quarter_1,current_range,20to40,36863,27,True,0.9651411984917125,0.9638138961048859
A,37,uniform_quarter_1,current_range,gt40,17183,27,True,0.9498923354478264,0.9389303195994401
A,37,uniform_quarter_2,retained_N,1-2,3181,27,True,0.8374724929267526,0.8255990199643453
A,37,uniform_quarter_2,retained_N,3-4,3392,27,True,0.9301297169811321,0.9202289345748542
A,37,uniform_quarter_2,retained_N,5-8,37944,27,True,0.9627345561880666,0.9624844711692707
A,37,uniform_quarter_2,retained_N,9-16,26522,27,True,0.9673101576050072,0.9647069844590823
A,37,uniform_quarter_2,retained_N,17-32,8842,23,True,0.9674281836688532,0.9394914565556767
A,37,uniform_quarter_2,retained_N,33-64,538,14,True,0.9684014869888475,0.856688447014212
A,37,uniform_quarter_2,retained_N,65-511,31,3,False,1.0,
A,37,uniform_quarter_2,original_shape,compact,4336,26,True,0.941420664206642,0.9245147699221505
A,37,uniform_quarter_2,original_shape,elongated,45116,27,True,0.9695673375299229,0.957515985712295
A,37,uniform_quarter_2,original_shape,intermediate,30998,27,True,0.9447383702174333,0.9441665544599933
A,37,uniform_quarter_2,N_x_original_shape,1-2:elongated,2013,27,True,0.8430203676105316,0.832917273420706
A,37,uniform_quarter_2,N_x_original_shape,1-2:intermediate,1052,27,True,0.8260456273764258,0.8091510654433524
A,37,uniform_quarter_2,N_x_original_shape,1-2:compact,116,19,True,0.8448275862068966,0.8390379278445883
A,37,uniform_quarter_2,N_x_original_shape,3-4:elongated,2275,26,True,0.9459340659340659,0.9341616274695125
A,37,uniform_quarter_2,N_x_original_shape,3-4:intermediate,996,27,True,0.9006024096385542,0.8949518193585503
A,37,uniform_quarter_2,N_x_original_shape,3-4:compact,121,18,True,0.8760330578512396,0.8759991801598688
A,37,uniform_quarter_2,N_x_original_shape,5-8:elongated,19967,27,True,0.9670957079180648,0.9616434978472359
A,37,uniform_quarter_2,N_x_original_shape,5-8:intermediate,15866,27,True,0.9573931677801588,0.9557560181898126
A,37,uniform_quarter_2,N_x_original_shape,5-8:compact,2111,22,True,0.9616295594504974,0.9331397019750634
A,37,uniform_quarter_2,N_x_original_shape,9-16:elongated,14587,26,True,0.9860834990059643,0.9753247162861225
A,37,uniform_quarter_2,N_x_original_shape,9-16:intermediate,10253,25,True,0.9466497610455477,0.9452207525462101
A,37,uniform_quarter_2,N_x_original_shape,9-16:compact,1682,21,True,0.9304399524375743,0.9118146437861709
A,37,uniform_quarter_2,N_x_original_shape,17-32:elongated,5882,20,True,0.9877592655559334,0.9542492584884918
A,37,uniform_quarter_2,N_x_original_shape,17-32:intermediate,2658,22,True,0.927012791572611,0.9175136290343222
A,37,uniform_quarter_2,N_x_original_shape,17-32:compact,302,14,True,0.9271523178807947,0.9227621483375958
A,37,uniform_quarter_2,N_x_original_shape,33-64:elongated,361,12,True,0.9944598337950139,0.9271589991928975
A,37,uniform_quarter_2,N_x_original_shape,33-64:intermediate,173,12,True,0.9190751445086706,0.8306767337807606
A,37,uniform_quarter_2,N_x_original_shape,33-64:compact,4,3,False,0.75,
A,37,uniform_quarter_2,N_x_original_shape,65-511:elongated,31,3,False,1.0,
A,37,uniform_quarter_2,N_x_original_shape,65-511:intermediate,0,0,False,,
A,37,uniform_quarter_2,N_x_original_shape,65-511:compact,0,0,False,,
A,37,uniform_quarter_2,history,none,1846,27,True,0.781148429035753,0.7705915284998001
A,37,uniform_quarter_2,history,one_to_five,8062,27,True,0.9376085338625652,0.9222090466441362
A,37,uniform_quarter_2,history,six,70542,27,True,0.9655099089903887,0.9639090039284802
A,37,uniform_quarter_2,current_points,1,0,0,False,,
A,37,uniform_quarter_2,current_points,2,0,0,False,,
A,37,uniform_quarter_2,current_points,ge3,80450,27,True,0.958483530142946,0.956074592845692
A,37,uniform_quarter_2,current_range,le20,26404,27,True,0.9550825632479927,0.953710409574148
A,37,uniform_quarter_2,current_range,20to40,36863,27,True,0.9643545018039769,0.9630135544446454
A,37,uniform_quarter_2,current_range,gt40,17183,27,True,0.9511144736076355,0.9404377167479449
A,37,central_half,retained_N,1-2,1615,27,True,0.9102167182662538,0.9009491203960427
A,37,central_half,retained_N,3-4,1566,27,True,0.933588761174968,0.9248504983388705
A,37,central_half,retained_N,5-8,3392,27,True,0.9425117924528302,0.9355194373158444
A,37,central_half,retained_N,9-16,37944,27,True,0.9752002951718322,0.9751364341653788
A,37,central_half,retained_N,17-32,26522,27,True,0.9466480657567302,0.9437894700078113
A,37,central_half,retained_N,33-64,8842,23,True,0.9036417100203574,0.8450211812104396
A,37,central_half,retained_N,65-511,569,14,True,0.9332161687170475,0.7557829583446283
A,37,central_half,original_shape,compact,4336,26,True,0.941190036900369,0.9200662499896077
A,37,central_half,original_shape,elongated,45116,27,True,0.9664198953807962,0.9547535221494419
A,37,central_half,original_shape,intermediate,30998,27,True,0.9380605200335506,0.9365979769231148
A,37,central_half,N_x_original_shape,1-2:elongated,1081,26,True,0.9093432007400555,0.9042636639676114
A,37,central_half,N_x_original_shape,1-2:intermediate,484,27,True,0.9173553719008265,0.8943116060705316
A,37,central_half,N_x_original_shape,1-2:compact,50,14,False,0.86,0.836372136512389
A,37,central_half,N_x_original_shape,3-4:elongated,932,27,True,0.9399141630901288,0.9290992870805077
A,37,central_half,N_x_original_shape,3-4:intermediate,568,25,True,0.9278169014084507,0.9220091159046078
A,37,central_half,N_x_original_shape,3-4:compact,66,17,False,0.8939393939393939,0.888162672476398
A,37,central_half,N_x_original_shape,5-8:elongated,2275,26,True,0.9542857142857143,0.9454176678810429
A,37,central_half,N_x_original_shape,5-8:intermediate,996,27,True,0.9206827309236948,0.9172450350071044
A,37,central_half,N_x_original_shape,5-8:compact,121,18,True,0.9008264462809917,0.9007654455986878
A,37,central_half,N_x_original_shape,9-16:elongated,19967,27,True,0.9753593429158111,0.9719345456742874
A,37,central_half,N_x_original_shape,9-16:intermediate,15866,27,True,0.9742846338081432,0.9728888503878603
A,37,central_half,N_x_original_shape,9-16:compact,2111,22,True,0.9805779251539555,0.9631386825563869
A,37,central_half,N_x_original_shape,17-32:elongated,14587,26,True,0.9659285665318434,0.943617598515831
A,37,central_half,N_x_original_shape,17-32:intermediate,10253,25,True,0.921583926655613,0.9171851303553216
A,37,central_half,N_x_original_shape,17-32:compact,1682,21,True,0.9322235434007135,0.9102681454443352
A,37,central_half,N_x_original_shape,33-64:elongated,5882,20,True,0.9563073784427065,0.8624255474792009
A,37,central_half,N_x_original_shape,33-64:intermediate,2658,22,True,0.8032355154251317,0.7941979787452171
A,37,central_half,N_x_original_shape,33-64:compact,302,14,True,0.7615894039735099,0.7603174603174603
A,37,central_half,N_x_original_shape,65-511:elongated,392,12,True,0.9719387755102041,0.7536422327600982
A,37,central_half,N_x_original_shape,65-511:intermediate,173,12,True,0.8554913294797688,0.7445815862516979
A,37,central_half,N_x_original_shape,65-511:compact,4,3,False,0.5,
A,37,central_half,history,none,1846,27,True,0.9138678223185266,0.901634597500264
A,37,central_half,history,one_to_five,8062,27,True,0.9359960307615977,0.9229820061922587
A,37,central_half,history,six,70542,27,True,0.9572595049757591,0.9559842966783412
A,37,central_half,current_points,1,0,0,False,,
A,37,central_half,current_points,2,0,0,False,,
A,37,central_half,current_points,ge3,80450,27,True,0.9541330018645121,0.9522509515595975
A,37,central_half,current_range,le20,26404,27,True,0.936449022875322,0.9355052781230866
A,37,central_half,current_range,20to40,36863,27,True,0.9670943764750562,0.9662784682363827
A,37,central_half,current_range,gt40,17183,27,True,0.9535005528720246,0.9441078254024131
A,37,xy_fraction6,retained_N,1-2,0,0,False,,
A,37,xy_fraction6,retained_N,3-4,1615,27,True,0.9374613003095975,0.9289143106172033
A,37,xy_fraction6,retained_N,5-8,1566,27,True,0.9521072796934866,0.9449982602685134
A,37,xy_fraction6,retained_N,9-16,3392,27,True,0.9534198113207547,0.9475119042722185
A,37,xy_fraction6,retained_N,17-32,37944,27,True,0.9827377187434113,0.9826764252450948
A,37,xy_fraction6,retained_N,33-64,26522,27,True,0.9856722720760124,0.9845520670245285
A,37,xy_fraction6,retained_N,65-511,9411,23,True,0.9889491021145468,0.9771185874842827
A,37,xy_fraction6,original_shape,compact,4336,26,True,0.9753228782287823,0.9679192521480593
A,37,xy_fraction6,original_shape,elongated,45116,27,True,0.9858143452433726,0.9802507524849449
A,37,xy_fraction6,original_shape,intermediate,30998,27,True,0.9765791341376863,0.9762877868002111
A,37,xy_fraction6,N_x_original_shape,1-2:elongated,0,0,False,,
A,37,xy_fraction6,N_x_original_shape,1-2:intermediate,0,0,False,,
A,37,xy_fraction6,N_x_original_shape,1-2:compact,0,0,False,,
A,37,xy_fraction6,N_x_original_shape,3-4:elongated,1081,26,True,0.940795559666975,0.935674863509915
A,37,xy_fraction6,N_x_original_shape,3-4:intermediate,484,27,True,0.9318181818181818,0.9098314844610044
A,37,xy_fraction6,N_x_original_shape,3-4:compact,50,14,False,0.92,0.910873440285205
A,37,xy_fraction6,N_x_original_shape,5-8:elongated,932,27,True,0.9635193133047211,0.9562455814775539
A,37,xy_fraction6,N_x_original_shape,5-8:intermediate,568,25,True,0.9401408450704225,0.9344021739130435
A,37,xy_fraction6,N_x_original_shape,5-8:compact,66,17,False,0.8939393939393939,0.888162672476398
A,37,xy_fraction6,N_x_original_shape,9-16:elongated,2275,26,True,0.9595604395604396,0.9515093496831543
A,37,xy_fraction6,N_x_original_shape,9-16:intermediate,996,27,True,0.9417670682730924,0.9390578912055498
A,37,xy_fraction6,N_x_original_shape,9-16:compact,121,18,True,0.9338842975206612,0.9338797814207651
A,37,xy_fraction6,N_x_original_shape,17-32:elongated,19967,27,True,0.9840737216407072,0.9816956075380527
A,37,xy_fraction6,N_x_original_shape,17-32:intermediate,15866,27,True,0.9810916425059877,0.9801279148062941
A,37,xy_fraction6,N_x_original_shape,17-32:compact,2111,22,True,0.9824727617243013,0.9669794390389806
A,37,xy_fraction6,N_x_original_shape,33-64:elongated,14587,26,True,0.9921848221018715,0.9861139465405171
A,37,xy_fraction6,N_x_original_shape,33-64:intermediate,10253,25,True,0.9781527357846483,0.9775025674441422
A,37,xy_fraction6,N_x_original_shape,33-64:compact,1682,21,True,0.9750297265160524,0.9686239187323786
A,37,xy_fraction6,N_x_original_shape,65-511:elongated,6274,20,True,0.9971310168951227,0.9877261327340949
A,37,xy_fraction6,N_x_original_shape,65-511:intermediate,2831,22,True,0.9728011303426352,0.967035124052865
A,37,xy_fraction6,N_x_original_shape,65-511:compact,306,14,True,0.9705882352941176,0.967734754847402
A,37,xy_fraction6,history,none,1846,27,True,0.9409534127843987,0.9302547983751747
A,37,xy_fraction6,history,one_to_five,8062,27,True,0.9574547258744729,0.9477602298631044
A,37,xy_fraction6,history,six,70542,27,True,0.9855263530946103,0.9849123111781795
A,37,xy_fraction6,current_points,1,0,0,False,,
A,37,xy_fraction6,current_points,2,0,0,False,,
A,37,xy_fraction6,current_points,ge3,80450,27,True,0.9816904909881914,0.9806767245249165
A,37,xy_fraction6,current_range,le20,26404,27,True,0.9846235418875928,0.984157217182176
A,37,xy_fraction6,current_range,20to40,36863,27,True,0.9864091365325666,0.9859629784938975
A,37,xy_fraction6,current_range,gt40,17183,27,True,0.9670604667403829,0.9597451015121432
A,37,xy_fraction4,retained_N,1-2,0,0,False,,
A,37,xy_fraction4,retained_N,3-4,1615,27,True,0.9393188854489164,0.9309920540796963
A,37,xy_fraction4,retained_N,5-8,1566,27,True,0.9527458492975734,0.945817101155999
A,37,xy_fraction4,retained_N,9-16,3392,27,True,0.9534198113207547,0.9475352730371149
A,37,xy_fraction4,retained_N,17-32,37944,27,True,0.9826323002319207,0.9825708515844412
A,37,xy_fraction4,retained_N,33-64,26522,27,True,0.9859362039061911,0.9848363021896729
A,37,xy_fraction4,retained_N,65-511,9411,23,True,0.9889491021145468,0.9771040967016598
A,37,xy_fraction4,original_shape,compact,4336,26,True,0.9748616236162362,0.9673196120012941
A,37,xy_fraction4,original_shape,elongated,45116,27,True,0.986035996098945,0.9805593344773675
A,37,xy_fraction4,original_shape,intermediate,30998,27,True,0.9765468739918705,0.9762542650366102
A,37,xy_fraction4,N_x_original_shape,1-2:elongated,0,0,False,,
A,37,xy_fraction4,N_x_original_shape,1-2:intermediate,0,0,False,,
A,37,xy_fraction4,N_x_original_shape,1-2:compact,0,0,False,,
A,37,xy_fraction4,N_x_original_shape,3-4:elongated,1081,26,True,0.940795559666975,0.935674863509915
A,37,xy_fraction4,N_x_original_shape,3-4:intermediate,484,27,True,0.9380165289256198,0.9178063581197355
A,37,xy_fraction4,N_x_original_shape,3-4:compact,50,14,False,0.92,0.910873440285205
A,37,xy_fraction4,N_x_original_shape,5-8:elongated,932,27,True,0.9635193133047211,0.9563369801857415
A,37,xy_fraction4,N_x_original_shape,5-8:intermediate,568,25,True,0.9419014084507042,0.9364038882385872
A,37,xy_fraction4,N_x_original_shape,5-8:compact,66,17,False,0.8939393939393939,0.888162672476398
A,37,xy_fraction4,N_x_original_shape,9-16:elongated,2275,26,True,0.96,0.9520570040542835
A,37,xy_fraction4,N_x_original_shape,9-16:intermediate,996,27,True,0.9407630522088354,0.9380345552995513
A,37,xy_fraction4,N_x_original_shape,9-16:compact,121,18,True,0.9338842975206612,0.9338797814207651
A,37,xy_fraction4,N_x_original_shape,17-32:elongated,19967,27,True,0.9840737216407072,0.9816940881154517
A,37,xy_fraction4,N_x_original_shape,17-32:intermediate,15866,27,True,0.9809025589310475,0.9799262636246722
A,37,xy_fraction4,N_x_original_shape,17-32:compact,2111,22,True,0.9819990525817148,0.9660454634727781
A,37,xy_fraction4,N_x_original_shape,33-64:elongated,14587,26,True,0.9928018098306711,0.987208153308032
A,37,xy_fraction4,N_x_original_shape,33-64:intermediate,10253,25,True,0.9780552033551155,0.9774013605646094
A,37,xy_fraction4,N_x_original_shape,33-64:compact,1682,21,True,0.974435196195006,0.9678985265705093
A,37,xy_fraction4,N_x_original_shape,65-511:elongated,6274,20,True,0.9971310168951227,0.9877261327340949
A,37,xy_fraction4,N_x_original_shape,65-511:intermediate,2831,22,True,0.9728011303426352,0.9670114778150308
A,37,xy_fraction4,N_x_original_shape,65-511:compact,306,14,True,0.9705882352941176,0.967734754847402
A,37,xy_fraction4,history,none,1846,27,True,0.9420368364030336,0.931534526845355
A,37,xy_fraction4,history,one_to_five,8062,27,True,0.9575787645745473,0.9479602846877078
A,37,xy_fraction4,history,six,70542,27,True,0.985583056902271,0.9849712414100191
A,37,xy_fraction4,current_points,1,0,0,False,,
A,37,xy_fraction4,current_points,2,0,0,False,,
A,37,xy_fraction4,current_points,ge3,80450,27,True,0.9817775015537601,0.9807691304767587
A,37,xy_fraction4,current_range,le20,26404,27,True,0.984509922738979,0.9840420733901551
A,37,xy_fraction4,current_range,20to40,36863,27,True,0.9864362640045574,0.985990576534304
A,37,xy_fraction4,current_range,gt40,17183,27,True,0.9675842402374439,0.960382794620795
A,37,kept_single,retained_N,1-2,0,0,False,,
A,37,kept_single,retained_N,3-4,40406,27,True,0.954140474187002,0.9535663391602325
A,37,kept_single,retained_N,5-8,26553,27,True,0.956502090159304,0.9537130136560557
A,37,kept_single,retained_N,9-16,12049,26,True,0.9516142418457963,0.9243194892667378
A,37,kept_single,retained_N,17-32,1357,21,True,0.9108327192336035,0.7551947519475195
A,37,kept_single,retained_N,33-64,85,8,False,0.9882352941176471,
A,37,kept_single,retained_N,65-511,0,0,False,,
A,37,kept_single,original_shape,compact,4336,26,True,0.9303505535055351,0.9126925305879375
A,37,kept_single,original_shape,elongated,45116,27,True,0.9685034134231758,0.9560423359532686
A,37,kept_single,original_shape,intermediate,30998,27,True,0.9358023098264404,0.9353267917720893
A,37,kept_single,N_x_original_shape,1-2:elongated,0,0,False,,
A,37,kept_single,N_x_original_shape,1-2:intermediate,0,0,False,,
A,37,kept_single,N_x_original_shape,1-2:compact,0,0,False,,
A,37,kept_single,N_x_original_shape,3-4:elongated,21829,27,True,0.9656878464428055,0.9606479162476362
A,37,kept_single,N_x_original_shape,3-4:intermediate,16401,27,True,0.9402475458813487,0.9392351426052754
A,37,kept_single,N_x_original_shape,3-4:compact,2176,24,True,0.9430147058823529,0.9179909135449453
A,37,kept_single,N_x_original_shape,5-8:elongated,14358,27,True,0.9739518038724057,0.9584612692665846
A,37,kept_single,N_x_original_shape,5-8:intermediate,10581,27,True,0.9393252055571307,0.9380689395976052
A,37,kept_single,N_x_original_shape,5-8:compact,1614,24,True,0.9138785625774474,0.8907200234589592
A,37,kept_single,N_x_original_shape,9-16:elongated,8030,25,True,0.9689912826899129,0.9018810415281289
A,37,kept_single,N_x_original_shape,9-16:intermediate,3517,26,True,0.915268694910435,0.9123573974060761
A,37,kept_single,N_x_original_shape,9-16:compact,502,19,True,0.9282868525896414,0.9276796004610065
A,37,kept_single,N_x_original_shape,17-32:elongated,816,17,True,0.9411764705882353,0.7394566692387516
A,37,kept_single,N_x_original_shape,17-32:intermediate,497,19,True,0.8591549295774648,0.7561676478833754
A,37,kept_single,N_x_original_shape,17-32:compact,44,9,False,0.9318181818181818,
A,37,kept_single,N_x_original_shape,33-64:elongated,83,8,False,0.9879518072289156,
A,37,kept_single,N_x_original_shape,33-64:intermediate,2,1,False,1.0,
A,37,kept_single,N_x_original_shape,33-64:compact,0,0,False,,
A,37,kept_single,N_x_original_shape,65-511:elongated,0,0,False,,
A,37,kept_single,N_x_original_shape,65-511:intermediate,0,0,False,,
A,37,kept_single,N_x_original_shape,65-511:compact,0,0,False,,
A,37,kept_single,history,none,1846,27,True,0.9414951245937161,0.9308599846022597
A,37,kept_single,history,one_to_five,8062,27,True,0.9537335648722401,0.9431164037983484
A,37,kept_single,history,six,70542,27,True,0.954183323410167,0.9519506675116731
A,37,kept_single,current_points,1,0,0,False,,
A,37,kept_single,current_points,2,0,0,False,,
A,37,kept_single,current_points,ge3,80450,27,True,0.953847110006215,0.950993553863388
A,37,kept_single,current_range,le20,26404,27,True,0.9448189668232087,0.9432641481614812
A,37,kept_single,current_range,20to40,36863,27,True,0.9585220953259366,0.9567280119753461
A,37,kept_single,current_range,gt40,17183,27,True,0.957690740848513,0.9476146047637433
A,37,sparse_single,retained_N,1-2,97734,27,True,0.8986330243313484,0.8975862118756761
A,37,sparse_single,retained_N,3-4,0,0,False,,
A,37,sparse_single,retained_N,5-8,0,0,False,,
A,37,sparse_single,retained_N,9-16,0,0,False,,
A,37,sparse_single,retained_N,17-32,0,0,False,,
A,37,sparse_single,retained_N,33-64,0,0,False,,
A,37,sparse_single,retained_N,65-511,0,0,False,,
A,37,sparse_single,original_shape,undefined_low_support,97734,27,True,0.8986330243313484,0.8975862118756761
A,37,sparse_single,N_x_original_shape,1-2:elongated,0,0,False,,
A,37,sparse_single,N_x_original_shape,1-2:intermediate,0,0,False,,
A,37,sparse_single,N_x_original_shape,1-2:compact,0,0,False,,
A,37,sparse_single,N_x_original_shape,3-4:elongated,0,0,False,,
A,37,sparse_single,N_x_original_shape,3-4:intermediate,0,0,False,,
A,37,sparse_single,N_x_original_shape,3-4:compact,0,0,False,,
A,37,sparse_single,N_x_original_shape,5-8:elongated,0,0,False,,
A,37,sparse_single,N_x_original_shape,5-8:intermediate,0,0,False,,
A,37,sparse_single,N_x_original_shape,5-8:compact,0,0,False,,
A,37,sparse_single,N_x_original_shape,9-16:elongated,0,0,False,,
A,37,sparse_single,N_x_original_shape,9-16:intermediate,0,0,False,,
A,37,sparse_single,N_x_original_shape,9-16:compact,0,0,False,,
A,37,sparse_single,N_x_original_shape,17-32:elongated,0,0,False,,
A,37,sparse_single,N_x_original_shape,17-32:intermediate,0,0,False,,
A,37,sparse_single,N_x_original_shape,17-32:compact,0,0,False,,
A,37,sparse_single,N_x_original_shape,33-64:elongated,0,0,False,,
A,37,sparse_single,N_x_original_shape,33-64:intermediate,0,0,False,,
A,37,sparse_single,N_x_original_shape,33-64:compact,0,0,False,,
A,37,sparse_single,N_x_original_shape,65-511:elongated,0,0,False,,
A,37,sparse_single,N_x_original_shape,65-511:intermediate,0,0,False,,
A,37,sparse_single,N_x_original_shape,65-511:compact,0,0,False,,
A,37,sparse_single,history,none,97734,27,True,0.8986330243313484,0.8975862118756761
A,37,sparse_single,history,one_to_five,0,0,False,,
A,37,sparse_single,history,six,0,0,False,,
A,37,sparse_single,current_points,1,58612,27,True,0.8734730089401488,0.8686279615914969
A,37,sparse_single,current_points,2,39122,27,True,0.9363273861254537,0.9362486357229978
A,37,sparse_single,current_points,ge3,0,0,False,,
A,37,sparse_single,current_range,le20,11734,27,True,0.9140957900119311,0.9058738084846465
A,37,sparse_single,current_range,20to40,33802,26,True,0.9288503638837938,0.9169984899568822
A,37,sparse_single,current_range,gt40,52198,27,True,0.8755891030307674,0.8737142779404876
A,37,sparse_context,retained_N,1-2,29596,27,True,0.8665022300310853,0.8662701228583605
A,37,sparse_context,retained_N,3-4,4536,26,True,0.941358024691358,0.9413271816257935
A,37,sparse_context,retained_N,5-8,7975,27,True,0.9334169278996866,0.9333671381353996
A,37,sparse_context,retained_N,9-16,6694,26,True,0.9580221093516582,0.9575376642742333
A,37,sparse_context,retained_N,17-32,47667,27,True,0.981979146998972,0.9813260996716046
A,37,sparse_context,retained_N,33-64,1126,25,True,0.9813499111900533,0.9706928925988585
A,37,sparse_context,retained_N,65-511,140,16,True,1.0,1.0
A,37,sparse_context,original_shape,compact,2856,24,True,0.9807422969187675,0.9667423721614938
A,37,sparse_context,original_shape,elongated,44205,27,True,0.9691890057685782,0.9690655128650332
A,37,sparse_context,original_shape,intermediate,21077,27,True,0.9743322104663852,0.9731131418194037
A,37,sparse_context,original_shape,undefined_low_support,29596,27,True,0.8665022300310853,0.8662701228583605
A,37,sparse_context,N_x_original_shape,1-2:elongated,0,0,False,,
A,37,sparse_context,N_x_original_shape,1-2:intermediate,0,0,False,,
A,37,sparse_context,N_x_original_shape,1-2:compact,0,0,False,,
A,37,sparse_context,N_x_original_shape,3-4:elongated,3285,25,True,0.9400304414003045,0.9400286407965377
A,37,sparse_context,N_x_original_shape,3-4:intermediate,1146,26,True,0.9476439790575916,0.9475978539202536
A,37,sparse_context,N_x_original_shape,3-4:compact,105,18,True,0.9142857142857143,0.8864319192404759
A,37,sparse_context,N_x_original_shape,5-8:elongated,5663,26,True,0.9304255694861381,0.9303575352453818
A,37,sparse_context,N_x_original_shape,5-8:intermediate,2084,27,True,0.940978886756238,0.9394324467819913
A,37,sparse_context,N_x_original_shape,5-8:compact,228,20,True,0.9385964912280702,0.933693394266722
A,37,sparse_context,N_x_original_shape,9-16:elongated,4896,26,True,0.9640522875816994,0.9638155706727136
A,37,sparse_context,N_x_original_shape,9-16:intermediate,1577,26,True,0.9441978440076094,0.9419997659528228
A,37,sparse_context,N_x_original_shape,9-16:compact,221,19,True,0.9230769230769231,0.9228494568453909
A,37,sparse_context,N_x_original_shape,17-32:elongated,29532,27,True,0.9799200866856291,0.9796672772490569
A,37,sparse_context,N_x_original_shape,17-32:intermediate,15880,25,True,0.9841309823677582,0.983113511403722
A,37,sparse_context,N_x_original_shape,17-32:compact,2255,22,True,0.9937915742793791,0.9850824270328915
A,37,sparse_context,N_x_original_shape,33-64:elongated,725,21,True,0.9972413793103448,0.9883940577575718
A,37,sparse_context,N_x_original_shape,33-64:intermediate,355,22,True,0.9492957746478873,0.9482272491573762
A,37,sparse_context,N_x_original_shape,33-64:compact,46,12,False,0.9782608695652174,0.9780009564801531
A,37,sparse_context,N_x_original_shape,65-511:elongated,104,10,False,1.0,
A,37,sparse_context,N_x_original_shape,65-511:intermediate,35,13,False,1.0,1.0
A,37,sparse_context,N_x_original_shape,65-511:compact,1,1,False,1.0,
A,37,sparse_context,history,none,29596,27,True,0.8665022300310853,0.8662701228583605
A,37,sparse_context,history,one_to_five,20891,27,True,0.9457661193815519,0.9456041409892961
A,37,sparse_context,history,six,47247,27,True,0.9825385738777065,0.9820239693386279
A,37,sparse_context,current_points,1,58612,27,True,0.9198287040196547,0.9182262032326776
A,37,sparse_context,current_points,2,39122,27,True,0.9690711108839016,0.9690692432333712
A,37,sparse_context,current_points,ge3,0,0,False,,
A,37,sparse_context,current_range,le20,11734,27,True,0.972387932503835,0.9694657425352737
A,37,sparse_context,current_range,20to40,33802,26,True,0.9623099224897935,0.9560990346004592
A,37,sparse_context,current_range,gt40,52198,27,True,0.9174106287597226,0.9151918004632003
B,7,clean,retained_N,1-2,0,0,False,,
B,7,clean,retained_N,3-4,1615,27,True,0.930030959752322,0.9215143120960295
B,7,clean,retained_N,5-8,1566,27,True,0.9476372924648787,0.9400845456835976
B,7,clean,retained_N,9-16,3392,27,True,0.953125,0.9467579359183631
B,7,clean,retained_N,17-32,37944,27,True,0.9815781151170145,0.9814837339814502
B,7,clean,retained_N,33-64,26522,27,True,0.9868788175854007,0.985739680843831
B,7,clean,retained_N,65-511,9411,23,True,0.9866114121772394,0.9714413222790181
B,7,clean,original_shape,compact,4336,26,True,0.981549815498155,0.9765509002566908
B,7,clean,original_shape,elongated,45116,27,True,0.9829328841209327,0.9759470108230738
B,7,clean,original_shape,intermediate,30998,27,True,0.9781598812826634,0.9779551851902566
B,7,clean,N_x_original_shape,1-2:elongated,0,0,False,,
B,7,clean,N_x_original_shape,1-2:intermediate,0,0,False,,
B,7,clean,N_x_original_shape,1-2:compact,0,0,False,,
B,7,clean,N_x_original_shape,3-4:elongated,1081,26,True,0.9343200740055504,0.929376636163292
B,7,clean,N_x_original_shape,3-4:intermediate,484,27,True,0.9214876033057852,0.8985862061359977
B,7,clean,N_x_original_shape,3-4:compact,50,14,False,0.92,0.910873440285205
B,7,clean,N_x_original_shape,5-8:elongated,932,27,True,0.9549356223175965,0.9462859589323058
B,7,clean,N_x_original_shape,5-8:intermediate,568,25,True,0.9419014084507042,0.9364038882385872
B,7,clean,N_x_original_shape,5-8:compact,66,17,False,0.8939393939393939,0.888162672476398
B,7,clean,N_x_original_shape,9-16:elongated,2275,26,True,0.9564835164835165,0.9471985641104028
B,7,clean,N_x_original_shape,9-16:intermediate,996,27,True,0.9528112449799196,0.9503676412118642
B,7,clean,N_x_original_shape,9-16:compact,121,18,True,0.8925619834710744,0.8925326228052197
B,7,clean,N_x_original_shape,17-32:elongated,19967,27,True,0.9803175239144588,0.9771501204048785
B,7,clean,N_x_original_shape,17-32:intermediate,15866,27,True,0.9824152275305685,0.9816135381384151
B,7,clean,N_x_original_shape,17-32:compact,2111,22,True,0.9872098531501659,0.9768547338824329
B,7,clean,N_x_original_shape,33-64:elongated,14587,26,True,0.9911565092205389,0.9840044019701351
B,7,clean,N_x_original_shape,33-64:intermediate,10253,25,True,0.9809811762411002,0.9805398717207452
B,7,clean,N_x_original_shape,33-64:compact,1682,21,True,0.985731272294887,0.9825949585397149
B,7,clean,N_x_original_shape,65-511:elongated,6274,20,True,0.9942620337902455,0.9748507170525287
B,7,clean,N_x_original_shape,65-511:intermediate,2831,22,True,0.9699752737548569,0.9626752175449976
B,7,clean,N_x_original_shape,65-511:compact,306,14,True,0.9836601307189542,0.9819172448026852
B,7,clean,history,none,1846,27,True,0.9344528710725893,0.9236274874850027
B,7,clean,history,one_to_five,8062,27,True,0.9591912676755148,0.949299593542005
B,7,clean,history,six,70542,27,True,0.9847324997873608,0.9840024952202497
B,7,clean,current_points,1,0,0,False,,
B,7,clean,current_points,2,0,0,False,,
B,7,clean,current_points,ge3,80450,27,True,0.9810192666252331,0.9798569849646367
B,7,clean,current_range,le20,26404,27,True,0.9813285865777912,0.9806510258852691
B,7,clean,current_range,20to40,36863,27,True,0.9844559585492227,0.9838915809767433
B,7,clean,current_range,gt40,17183,27,True,0.9731711575394285,0.9668901950493618
B,7,uniform_half_0,retained_N,1-2,1615,27,True,0.9244582043343653,0.9153790783650806
B,7,uniform_half_0,retained_N,3-4,1566,27,True,0.9348659003831418,0.9260017641129032
B,7,uniform_half_0,retained_N,5-8,3392,27,True,0.9407429245283019,0.9331525024229805
B,7,uniform_half_0,retained_N,9-16,37944,27,True,0.9785473329116593,0.9784378315332476
B,7,uniform_half_0,retained_N,17-32,26522,27,True,0.9833722946987407,0.9819383412396381
B,7,uniform_half_0,retained_N,33-64,8842,23,True,0.9848450576792581,0.9684706553573871
B,7,uniform_half_0,retained_N,65-511,569,14,True,0.9929701230228472,0.9527173009805551
B,7,uniform_half_0,original_shape,compact,4336,26,True,0.9693265682656826,0.961214389485175
B,7,uniform_half_0,original_shape,elongated,45116,27,True,0.9818689600141857,0.9745484766749822
B,7,uniform_half_0,original_shape,intermediate,30998,27,True,0.9720304535776502,0.9717791757977281
B,7,uniform_half_0,N_x_original_shape,1-2:elongated,1081,26,True,0.9269195189639223,0.921419074040846
B,7,uniform_half_0,N_x_original_shape,1-2:intermediate,484,27,True,0.9194214876033058,0.8966983532811243
B,7,uniform_half_0,N_x_original_shape,1-2:compact,50,14,False,0.92,0.910873440285205
B,7,uniform_half_0,N_x_original_shape,3-4:elongated,932,27,True,0.9474248927038627,0.9375252228848003
B,7,uniform_half_0,N_x_original_shape,3-4:intermediate,568,25,True,0.920774647887324,0.9142209916939341
B,7,uniform_half_0,N_x_original_shape,3-4:compact,66,17,False,0.8787878787878788,0.8730769230769231
B,7,uniform_half_0,N_x_original_shape,5-8:elongated,2275,26,True,0.9454945054945055,0.9343595671687077
B,7,uniform_half_0,N_x_original_shape,5-8:intermediate,996,27,True,0.9377510040160643,0.9348549871507602
B,7,uniform_half_0,N_x_original_shape,5-8:compact,121,18,True,0.8760330578512396,0.8758974358974358
B,7,uniform_half_0,N_x_original_shape,9-16:elongated,19967,27,True,0.9792157059147594,0.9759394383749771
B,7,uniform_half_0,N_x_original_shape,9-16:intermediate,15866,27,True,0.9776881381570655,0.9767021273683274
B,7,uniform_half_0,N_x_original_shape,9-16:compact,2111,22,True,0.9786830885836096,0.9619459997332074
B,7,uniform_half_0,N_x_original_shape,17-32:elongated,14587,26,True,0.9914992801809831,0.9846978650909897
B,7,uniform_half_0,N_x_original_shape,17-32:intermediate,10253,25,True,0.9746415683214669,0.9740492560458347
B,7,uniform_half_0,N_x_original_shape,17-32:compact,1682,21,True,0.9661117717003567,0.9589389763653067
B,7,uniform_half_0,N_x_original_shape,33-64:elongated,5882,20,True,0.9959197551853112,0.9830368678479144
B,7,uniform_half_0,N_x_original_shape,33-64:intermediate,2658,22,True,0.9601203912716328,0.950817543048702
B,7,uniform_half_0,N_x_original_shape,33-64:compact,302,14,True,0.9867549668874173,0.9854639969195225
B,7,uniform_half_0,N_x_original_shape,65-511:elongated,392,12,True,0.9923469387755102,0.8313978494623655
B,7,uniform_half_0,N_x_original_shape,65-511:intermediate,173,12,True,0.9942196531791907,0.984106568672485
B,7,uniform_half_0,N_x_original_shape,65-511:compact,4,3,False,1.0,
B,7,uniform_half_0,history,none,1846,27,True,0.9252437703141928,0.9132660565451871
B,7,uniform_half_0,history,one_to_five,8062,27,True,0.9491441329694865,0.9372830896773152
B,7,uniform_half_0,history,six,70542,27,True,0.9819965410677327,0.9811324828800045
B,7,uniform_half_0,current_points,1,0,0,False,,
B,7,uniform_half_0,current_points,2,0,0,False,,
B,7,uniform_half_0,current_points,ge3,80450,27,True,0.9774021131137353,0.9760239523178733
B,7,uniform_half_0,current_range,le20,26404,27,True,0.9782987426147554,0.9775171665206495
B,7,uniform_half_0,current_range,20to40,36863,27,True,0.9804410926945718,0.979729234557631
B,7,uniform_half_0,current_range,gt40,17183,27,True,0.9695047430600011,0.9624287790658859
B,7,uniform_half_1,retained_N,1-2,1615,27,True,0.9226006191950464,0.9133375775561605
B,7,uniform_half_1,retained_N,3-4,1566,27,True,0.9329501915708812,0.9238635442832834
B,7,uniform_half_1,retained_N,5-8,3392,27,True,0.9457547169811321,0.938847336250292
B,7,uniform_half_1,retained_N,9-16,37944,27,True,0.9783628505165507,0.9782536355787588
B,7,uniform_half_1,retained_N,17-32,26522,27,True,0.9828444310383833,0.9813554743253862
B,7,uniform_half_1,retained_N,33-64,8842,23,True,0.9843926713413255,0.9674853603700829
B,7,uniform_half_1,retained_N,65-511,569,14,True,0.9806678383128296,0.8727457558198637
B,7,uniform_half_1,original_shape,compact,4336,26,True,0.9711715867158671,0.9634496195152596
B,7,uniform_half_1,original_shape,elongated,45116,27,True,0.9822014362975441,0.9750076834951089
B,7,uniform_half_1,original_shape,intermediate,30998,27,True,0.9706110071617524,0.9703480688774726
B,7,uniform_half_1,N_x_original_shape,1-2:elongated,1081,26,True,0.9296947271045328,0.924363280156731
B,7,uniform_half_1,N_x_original_shape,1-2:intermediate,484,27,True,0.9090909090909091,0.8843111690569319
B,7,uniform_half_1,N_x_original_shape,1-2:compact,50,14,False,0.9,0.8869289914066034
B,7,uniform_half_1,N_x_original_shape,3-4:elongated,932,27,True,0.944206008583691,0.9339007092198581
B,7,uniform_half_1,N_x_original_shape,3-4:intermediate,568,25,True,0.926056338028169,0.9195087387812944
B,7,uniform_half_1,N_x_original_shape,3-4:compact,66,17,False,0.8333333333333334,0.8285714285714285
B,7,uniform_half_1,N_x_original_shape,5-8:elongated,2275,26,True,0.9525274725274725,0.9428293004372617
B,7,uniform_half_1,N_x_original_shape,5-8:intermediate,996,27,True,0.9367469879518072,0.9339488479364542
B,7,uniform_half_1,N_x_original_shape,5-8:compact,121,18,True,0.8925619834710744,0.8925326228052197
B,7,uniform_half_1,N_x_original_shape,9-16:elongated,19967,27,True,0.9789152100966595,0.9755832122842776
B,7,uniform_half_1,N_x_original_shape,9-16:intermediate,15866,27,True,0.9773729988654986,0.9763621516892942
B,7,uniform_half_1,N_x_original_shape,9-16:compact,2111,22,True,0.9805779251539555,0.9650931544252133
B,7,uniform_half_1,N_x_original_shape,17-32:elongated,14587,26,True,0.9917734969493385,0.9851768433982842
B,7,uniform_half_1,N_x_original_shape,17-32:intermediate,10253,25,True,0.9723007900126792,0.9716724641189007
B,7,uniform_half_1,N_x_original_shape,17-32:compact,1682,21,True,0.9696789536266349,0.9631274009292297
B,7,uniform_half_1,N_x_original_shape,33-64:elongated,5882,20,True,0.9964297857871472,0.9852480801138574
B,7,uniform_half_1,N_x_original_shape,33-64:intermediate,2658,22,True,0.9574868322046651,0.9474206528084981
B,7,uniform_half_1,N_x_original_shape,33-64:compact,302,14,True,0.9867549668874173,0.9854000483442107
B,7,uniform_half_1,N_x_original_shape,65-511:elongated,392,12,True,0.9872448979591837,0.6396396396396397
B,7,uniform_half_1,N_x_original_shape,65-511:intermediate,173,12,True,0.9653179190751445,0.9113123718386876
B,7,uniform_half_1,N_x_original_shape,65-511:compact,4,3,False,1.0,
B,7,uniform_half_1,history,none,1846,27,True,0.9252437703141928,0.9132660565451871
B,7,uniform_half_1,history,one_to_five,8062,27,True,0.950756636070454,0.9393281230359471
B,7,uniform_half_1,history,six,70542,27,True,0.9815145587026168,0.9806258893759019
B,7,uniform_half_1,current_points,1,0,0,False,,
B,7,uniform_half_1,current_points,2,0,0,False,,
B,7,uniform_half_1,current_points,ge3,80450,27,True,0.9771410814170292,0.9757462342985932
B,7,uniform_half_1,current_range,le20,26404,27,True,0.9773519163763066,0.976536583371852
B,7,uniform_half_1,current_range,20to40,36863,27,True,0.980630984998508,0.9799270952871282
B,7,uniform_half_1,current_range,gt40,17183,27,True,0.9693301518943142,0.9621877728060565
B,7,uniform_half_2,retained_N,1-2,1615,27,True,0.920123839009288,0.9108851175772352
B,7,uniform_half_2,retained_N,3-4,1566,27,True,0.9316730523627076,0.9221780955968171
B,7,uniform_half_2,retained_N,5-8,3392,27,True,0.9431014150943396,0.9358130993414688
B,7,uniform_half_2,retained_N,9-16,37944,27,True,0.9781256588656968,0.9780154941541503
B,7,uniform_half_2,retained_N,17-32,26522,27,True,0.9837493401704246,0.9823600920736435
B,7,uniform_half_2,retained_N,33-64,8842,23,True,0.9856367337706401,0.9700465649913177
B,7,uniform_half_2,retained_N,65-511,569,14,True,0.984182776801406,0.8912392481682064
B,7,uniform_half_2,original_shape,compact,4336,26,True,0.9688653136531366,0.960504345527331
B,7,uniform_half_2,original_shape,elongated,45116,27,True,0.9818911250997429,0.9745906120911726
B,7,uniform_half_2,original_shape,intermediate,30998,27,True,0.9718046325569392,0.9715479944469494
B,7,uniform_half_2,N_x_original_shape,1-2:elongated,1081,26,True,0.9222941720629048,0.9166629955947136
B,7,uniform_half_2,N_x_original_shape,1-2:intermediate,484,27,True,0.9152892561983471,0.892460181978789
B,7,uniform_half_2,N_x_original_shape,1-2:compact,50,14,False,0.92,0.910873440285205
B,7,uniform_half_2,N_x_original_shape,3-4:elongated,932,27,True,0.9356223175965666,0.9237315875613747
B,7,uniform_half_2,N_x_original_shape,3-4:intermediate,568,25,True,0.9295774647887324,0.9231726451333658
B,7,uniform_half_2,N_x_original_shape,3-4:compact,66,17,False,0.8939393939393939,0.888162672476398
B,7,uniform_half_2,N_x_original_shape,5-8:elongated,2275,26,True,0.9494505494505494,0.9390972212037811
B,7,uniform_half_2,N_x_original_shape,5-8:intermediate,996,27,True,0.9357429718875502,0.9327535351233653
B,7,uniform_half_2,N_x_original_shape,5-8:compact,121,18,True,0.8842975206611571,0.8840996168582376
B,7,uniform_half_2,N_x_original_shape,9-16:elongated,19967,27,True,0.9795662843692092,0.9763483145976077
B,7,uniform_half_2,N_x_original_shape,9-16:intermediate,15866,27,True,0.976427580990798,0.9753778478789306
B,7,uniform_half_2,N_x_original_shape,9-16:compact,2111,22,True,0.9772619611558503,0.9592718713523629
B,7,uniform_half_2,N_x_original_shape,17-32:elongated,14587,26,True,0.9917049427572496,0.9850803496257114
B,7,uniform_half_2,N_x_original_shape,17-32:intermediate,10253,25,True,0.9749341656100653,0.9743370222182057
B,7,uniform_half_2,N_x_original_shape,17-32:compact,1682,21,True,0.9684898929845422,0.9615875006194105
B,7,uniform_half_2,N_x_original_shape,33-64:elongated,5882,20,True,0.9959197551853112,0.9830368678479144
B,7,uniform_half_2,N_x_original_shape,33-64:intermediate,2658,22,True,0.9642588412340105,0.9558320621342187
B,7,uniform_half_2,N_x_original_shape,33-64:compact,302,14,True,0.9735099337748344,0.9708000966884216
B,7,uniform_half_2,N_x_original_shape,65-511:elongated,392,12,True,0.9872448979591837,0.6396396396396397
B,7,uniform_half_2,N_x_original_shape,65-511:intermediate,173,12,True,0.9826589595375722,0.9523197060174552
B,7,uniform_half_2,N_x_original_shape,65-511:compact,4,3,False,0.75,
B,7,uniform_half_2,history,none,1846,27,True,0.9203683640303358,0.9081619081172347
B,7,uniform_half_2,history,one_to_five,8062,27,True,0.9497643264698586,0.938039685335702
B,7,uniform_half_2,history,six,70542,27,True,0.9819398372600721,0.9810769038727235
B,7,uniform_half_2,current_points,1,0,0,False,,
B,7,uniform_half_2,current_points,2,0,0,False,,
B,7,uniform_half_2,current_points,ge3,80450,27,True,0.977302672467371,0.9759251382294554
B,7,uniform_half_2,current_range,le20,26404,27,True,0.9793591880018179,0.9786288810604511
B,7,uniform_half_2,current_range,20to40,36863,27,True,0.9798714157827632,0.9791390437144992
B,7,uniform_half_2,current_range,gt40,17183,27,True,0.9686317872315661,0.9613556717987903
B,7,uniform_quarter_0,retained_N,1-2,3181,27,True,0.9097767997485068,0.9001005727206643
B,7,uniform_quarter_0,retained_N,3-4,3392,27,True,0.9262971698113207,0.9174580505849772
B,7,uniform_quarter_0,retained_N,5-8,37944,27,True,0.9736190174994729,0.9735033494471487
B,7,uniform_quarter_0,retained_N,9-16,26522,27,True,0.9774526807933037,0.9755836166385947
B,7,uniform_quarter_0,retained_N,17-32,8842,23,True,0.9837140918344266,0.9667902811764957
B,7,uniform_quarter_0,retained_N,33-64,538,14,True,0.9851301115241635,0.9052149400986611
B,7,uniform_quarter_0,retained_N,65-511,31,3,False,1.0,
B,7,uniform_quarter_0,original_shape,compact,4336,26,True,0.959870848708487,0.9487473791643977
B,7,uniform_quarter_0,original_shape,elongated,45116,27,True,0.9780565652983421,0.9694122780849915
B,7,uniform_quarter_0,original_shape,intermediate,30998,27,True,0.9637395961029744,0.9633534370223249
B,7,uniform_quarter_0,N_x_original_shape,1-2:elongated,2013,27,True,0.9140586189766517,0.9055558282594587
B,7,uniform_quarter_0,N_x_original_shape,1-2:intermediate,1052,27,True,0.9039923954372624,0.8913382074260884
B,7,uniform_quarter_0,N_x_original_shape,1-2:compact,116,19,True,0.8879310344827587,0.881511746680286
B,7,uniform_quarter_0,N_x_original_shape,3-4:elongated,2275,26,True,0.9375824175824176,0.9251557353805206
B,7,uniform_quarter_0,N_x_original_shape,3-4:intermediate,996,27,True,0.9076305220883534,0.9042927868646988
B,7,uniform_quarter_0,N_x_original_shape,3-4:compact,121,18,True,0.8677685950413223,0.8676872607982504
B,7,uniform_quarter_0,N_x_original_shape,5-8:elongated,19967,27,True,0.9758100866429609,0.9721131437321902
B,7,uniform_quarter_0,N_x_original_shape,5-8:intermediate,15866,27,True,0.9707550737425942,0.9693836227793821
B,7,uniform_quarter_0,N_x_original_shape,5-8:compact,2111,22,True,0.9744197063003316,0.954077193050305
B,7,uniform_quarter_0,N_x_original_shape,9-16:elongated,14587,26,True,0.9887571124974293,0.9798872060977313
B,7,uniform_quarter_0,N_x_original_shape,9-16:intermediate,10253,25,True,0.9657661172339803,0.9648918110568754
B,7,uniform_quarter_0,N_x_original_shape,9-16:compact,1682,21,True,0.950653983353151,0.9391632164192991
B,7,uniform_quarter_0,N_x_original_shape,17-32:elongated,5882,20,True,0.995579734784087,0.9818906685764521
B,7,uniform_quarter_0,N_x_original_shape,17-32:intermediate,2658,22,True,0.9586155003762227,0.9498736812653269
B,7,uniform_quarter_0,N_x_original_shape,17-32:compact,302,14,True,0.9735099337748344,0.971052000958543
B,7,uniform_quarter_0,N_x_original_shape,33-64:elongated,361,12,True,0.9944598337950139,0.8985955056179775
B,7,uniform_quarter_0,N_x_original_shape,33-64:intermediate,173,12,True,0.9653179190751445,0.9021493212669682
B,7,uniform_quarter_0,N_x_original_shape,33-64:compact,4,3,False,1.0,
B,7,uniform_quarter_0,N_x_original_shape,65-511:elongated,31,3,False,1.0,
B,7,uniform_quarter_0,N_x_original_shape,65-511:intermediate,0,0,False,,
B,7,uniform_quarter_0,N_x_original_shape,65-511:compact,0,0,False,,
B,7,uniform_quarter_0,history,none,1846,27,True,0.8959913326110509,0.8829585306413583
B,7,uniform_quarter_0,history,one_to_five,8062,27,True,0.9397171917638303,0.9264883138368198
B,7,uniform_quarter_0,history,six,70542,27,True,0.9771767174165745,0.9761338344584887
B,7,uniform_quarter_0,current_points,1,0,0,False,,
B,7,uniform_quarter_0,current_points,2,0,0,False,,
B,7,uniform_quarter_0,current_points,ge3,80450,27,True,0.9715599751398384,0.9699205105693662
B,7,uniform_quarter_0,current_range,le20,26404,27,True,0.9745114376609605,0.973678500379717
B,7,uniform_quarter_0,current_range,20to40,36863,27,True,0.9743645389686135,0.9734757219382064
B,7,uniform_quarter_0,current_range,gt40,17183,27,True,0.9610079729965664,0.9523137143991366
B,7,uniform_quarter_1,retained_N,1-2,3181,27,True,0.9097767997485068,0.8999264147888626
B,7,uniform_quarter_1,retained_N,3-4,3392,27,True,0.9342570754716981,0.9263566604678668
B,7,uniform_quarter_1,retained_N,5-8,37944,27,True,0.974225173940544,0.9741147741270386
B,7,uniform_quarter_1,retained_N,9-16,26522,27,True,0.9786592263026921,0.9768671133886915
B,7,uniform_quarter_1,retained_N,17-32,8842,23,True,0.9850712508482243,0.9693963245508737
B,7,uniform_quarter_1,retained_N,33-64,538,14,True,0.9869888475836431,0.9251634441507859
B,7,uniform_quarter_1,retained_N,65-511,31,3,False,1.0,
B,7,uniform_quarter_1,original_shape,compact,4336,26,True,0.9644833948339483,0.9547129477032426
B,7,uniform_quarter_1,original_shape,elongated,45116,27,True,0.9792313148328753,0.971048851531781
B,7,uniform_quarter_1,original_shape,intermediate,30998,27,True,0.9644493193109233,0.9640774215773461
B,7,uniform_quarter_1,N_x_original_shape,1-2:elongated,2013,27,True,0.9155489319423745,0.9071020598742575
B,7,uniform_quarter_1,N_x_original_shape,1-2:intermediate,1052,27,True,0.8982889733840305,0.884713273377353
B,7,uniform_quarter_1,N_x_original_shape,1-2:compact,116,19,True,0.9137931034482759,0.9076138897738133
B,7,uniform_quarter_1,N_x_original_shape,3-4:elongated,2275,26,True,0.9428571428571428,0.9315978736710444
B,7,uniform_quarter_1,N_x_original_shape,3-4:intermediate,996,27,True,0.9216867469879518,0.9187292607300224
B,7,uniform_quarter_1,N_x_original_shape,3-4:compact,121,18,True,0.8760330578512396,0.8759991801598688
B,7,uniform_quarter_1,N_x_original_shape,5-8:elongated,19967,27,True,0.9760604998247108,0.9724053074000252
B,7,uniform_quarter_1,N_x_original_shape,5-8:intermediate,15866,27,True,0.9719526030505483,0.9706282718146091
B,7,uniform_quarter_1,N_x_original_shape,5-8:compact,2111,22,True,0.9739459971577451,0.9524144429266357
B,7,uniform_quarter_1,N_x_original_shape,9-16:elongated,14587,26,True,0.9908137382600946,0.9835395502235139
B,7,uniform_quarter_1,N_x_original_shape,9-16:intermediate,10253,25,True,0.9642055983614551,0.9633144570307586
B,7,uniform_quarter_1,N_x_original_shape,9-16:compact,1682,21,True,0.9613555291319857,0.9527739321435744
B,7,uniform_quarter_1,N_x_original_shape,17-32:elongated,5882,20,True,0.9959197551853112,0.9833642554924542
B,7,uniform_quarter_1,N_x_original_shape,17-32:intermediate,2658,22,True,0.9627539503386005,0.9545902514911986
B,7,uniform_quarter_1,N_x_original_shape,17-32:compact,302,14,True,0.9701986754966887,0.9672226041026012
B,7,uniform_quarter_1,N_x_original_shape,33-64:elongated,361,12,True,0.997229916897507,0.9538422196650045
B,7,uniform_quarter_1,N_x_original_shape,33-64:intermediate,173,12,True,0.9653179190751445,0.9113123718386876
B,7,uniform_quarter_1,N_x_original_shape,33-64:compact,4,3,False,1.0,
B,7,uniform_quarter_1,N_x_original_shape,65-511:elongated,31,3,False,1.0,
B,7,uniform_quarter_1,N_x_original_shape,65-511:intermediate,0,0,False,,
B,7,uniform_quarter_1,N_x_original_shape,65-511:compact,0,0,False,,
B,7,uniform_quarter_1,history,none,1846,27,True,0.9024918743228603,0.8900941879710886
B,7,uniform_quarter_1,history,one_to_five,8062,27,True,0.9404614239642769,0.9273211623475481
B,7,uniform_quarter_1,history,six,70542,27,True,0.9782682657140427,0.9772720175616854
B,7,uniform_quarter_1,current_points,1,0,0,False,,
B,7,uniform_quarter_1,current_points,2,0,0,False,,
B,7,uniform_quarter_1,current_points,ge3,80450,27,True,0.9727408328154133,0.9711632391694649
B,7,uniform_quarter_1,current_range,le20,26404,27,True,0.9753825178003332,0.9745670395091511
B,7,uniform_quarter_1,current_range,20to40,36863,27,True,0.9760464422320484,0.9752174664430424
B,7,uniform_quarter_1,current_range,gt40,17183,27,True,0.9615899435488564,0.9529968615336359
B,7,uniform_quarter_2,retained_N,1-2,3181,27,True,0.9063187676831185,0.8958849000385734
B,7,uniform_quarter_2,retained_N,3-4,3392,27,True,0.9313089622641509,0.9232524262558164
B,7,uniform_quarter_2,retained_N,5-8,37944,27,True,0.9742778831962893,0.9741648326935464
B,7,uniform_quarter_2,retained_N,9-16,26522,27,True,0.9776034989819772,0.9757578762403223
B,7,uniform_quarter_2,retained_N,17-32,8842,23,True,0.9864284098620222,0.9723069945979534
B,7,uniform_quarter_2,retained_N,33-64,538,14,True,0.9776951672862454,0.8637399746728578
B,7,uniform_quarter_2,retained_N,65-511,31,3,False,1.0,
B,7,uniform_quarter_2,original_shape,compact,4336,26,True,0.9584870848708487,0.9467452714320805
B,7,uniform_quarter_2,original_shape,elongated,45116,27,True,0.9790539941484174,0.9707978321517378
B,7,uniform_quarter_2,original_shape,intermediate,30998,27,True,0.9642557584360282,0.9638750962817936
B,7,uniform_quarter_2,N_x_original_shape,1-2:elongated,2013,27,True,0.9135618479880775,0.9047903039212275
B,7,uniform_quarter_2,N_x_original_shape,1-2:intermediate,1052,27,True,0.8944866920152091,0.8798660514498233
B,7,uniform_quarter_2,N_x_original_shape,1-2:compact,116,19,True,0.8879310344827587,0.8804597701149426
B,7,uniform_quarter_2,N_x_original_shape,3-4:elongated,2275,26,True,0.9459340659340659,0.9353086700599994
B,7,uniform_quarter_2,N_x_original_shape,3-4:intermediate,996,27,True,0.9026104417670683,0.8992843404517048
B,7,uniform_quarter_2,N_x_original_shape,3-4:compact,121,18,True,0.8925619834710744,0.8924444444444444
B,7,uniform_quarter_2,N_x_original_shape,5-8:elongated,19967,27,True,0.975509590824861,0.9717572184149165
B,7,uniform_quarter_2,N_x_original_shape,5-8:intermediate,15866,27,True,0.9732131602168158,0.9719577651892749
B,7,uniform_quarter_2,N_x_original_shape,5-8:compact,2111,22,True,0.97063003315964,0.9469124685649388
B,7,uniform_quarter_2,N_x_original_shape,9-16:elongated,14587,26,True,0.9903338589154727,0.982727589639038
B,7,uniform_quarter_2,N_x_original_shape,9-16:intermediate,10253,25,True,0.9635228713547255,0.9625900931064861
B,7,uniform_quarter_2,N_x_original_shape,9-16:compact,1682,21,True,0.9530321046373365,0.9416453125171547
B,7,uniform_quarter_2,N_x_original_shape,17-32:elongated,5882,20,True,0.9976198571914315,0.9902488215411664
B,7,uniform_quarter_2,N_x_original_shape,17-32:intermediate,2658,22,True,0.9650112866817155,0.9576043328325881
B,7,uniform_quarter_2,N_x_original_shape,17-32:compact,302,14,True,0.956953642384106,0.9528595271544013
B,7,uniform_quarter_2,N_x_original_shape,33-64:elongated,361,12,True,0.9889196675900277,0.7471988795518207
B,7,uniform_quarter_2,N_x_original_shape,33-64:intermediate,173,12,True,0.953757225433526,0.8817498291182502
B,7,uniform_quarter_2,N_x_original_shape,33-64:compact,4,3,False,1.0,
B,7,uniform_quarter_2,N_x_original_shape,65-511:elongated,31,3,False,1.0,
B,7,uniform_quarter_2,N_x_original_shape,65-511:intermediate,0,0,False,,
B,7,uniform_quarter_2,N_x_original_shape,65-511:compact,0,0,False,,
B,7,uniform_quarter_2,history,none,1846,27,True,0.8921993499458288,0.878443122688881
B,7,uniform_quarter_2,history,one_to_five,8062,27,True,0.9399652691639792,0.926772030651341
B,7,uniform_quarter_2,history,six,70542,27,True,0.9780272745314847,0.9770258180779533
B,7,uniform_quarter_2,current_points,1,0,0,False,,
B,7,uniform_quarter_2,current_points,2,0,0,False,,
B,7,uniform_quarter_2,current_points,ge3,80450,27,True,0.9722436295835923,0.9706455567441683
B,7,uniform_quarter_2,current_range,le20,26404,27,True,0.9754582638994092,0.9746530905132105
B,7,uniform_quarter_2,current_range,20to40,36863,27,True,0.9753411279602854,0.9744950592374706
B,7,uniform_quarter_2,current_range,gt40,17183,27,True,0.9606587906651923,0.9518456577388528
B,7,central_half,retained_N,1-2,1615,27,True,0.9164086687306502,0.9075469897910504
B,7,central_half,retained_N,3-4,1566,27,True,0.9265644955300127,0.9175814746183983
B,7,central_half,retained_N,5-8,3392,27,True,0.9389740566037735,0.9321602556280223
B,7,central_half,retained_N,9-16,37944,27,True,0.9779148218427156,0.977849152183218
B,7,central_half,retained_N,17-32,26522,27,True,0.9777166126234824,0.9761024097106061
B,7,central_half,retained_N,33-64,8842,23,True,0.9785116489482018,0.958675217980981
B,7,central_half,retained_N,65-511,569,14,True,0.9701230228471002,0.857172388335179
B,7,central_half,original_shape,compact,4336,26,True,0.9732472324723247,0.9651907678466383
B,7,central_half,original_shape,elongated,45116,27,True,0.9789210036350741,0.9710569378074341
B,7,central_half,original_shape,intermediate,30998,27,True,0.9669010903929286,0.9664100225119966
B,7,central_half,N_x_original_shape,1-2:elongated,1081,26,True,0.9213691026827012,0.9162196588607843
B,7,central_half,N_x_original_shape,1-2:intermediate,484,27,True,0.9028925619834711,0.8784614809234534
B,7,central_half,N_x_original_shape,1-2:compact,50,14,False,0.94,0.9340659340659341
B,7,central_half,N_x_original_shape,3-4:elongated,932,27,True,0.9356223175965666,0.9247687365129933
B,7,central_half,N_x_original_shape,3-4:intermediate,568,25,True,0.9190140845070423,0.9129426503711799
B,7,central_half,N_x_original_shape,3-4:compact,66,17,False,0.8636363636363636,0.8581323143061859
B,7,central_half,N_x_original_shape,5-8:elongated,2275,26,True,0.9481318681318681,0.9388337188552096
B,7,central_half,N_x_original_shape,5-8:intermediate,996,27,True,0.9226907630522089,0.9198029896632315
B,7,central_half,N_x_original_shape,5-8:compact,121,18,True,0.9008264462809917,0.9008196721311476
B,7,central_half,N_x_original_shape,9-16:elongated,19967,27,True,0.97761306155156,0.9744308474747547
B,7,central_half,N_x_original_shape,9-16:intermediate,15866,27,True,0.9773729988654986,0.9761882751535307
B,7,central_half,N_x_original_shape,9-16:compact,2111,22,True,0.9848413074372335,0.9716834339369551
B,7,central_half,N_x_original_shape,17-32:elongated,14587,26,True,0.9869061493110304,0.9771981584644251
B,7,central_half,N_x_original_shape,17-32:intermediate,10253,25,True,0.9657661172339803,0.964595964173483
B,7,central_half,N_x_original_shape,17-32:compact,1682,21,True,0.9708680142687277,0.963369826618009
B,7,central_half,N_x_original_shape,33-64:elongated,5882,20,True,0.9914994899693982,0.9670792229935452
B,7,central_half,N_x_original_shape,33-64:intermediate,2658,22,True,0.9507148231753197,0.9430522252691583
B,7,central_half,N_x_original_shape,33-64:compact,302,14,True,0.9701986754966887,0.9676347658343156
B,7,central_half,N_x_original_shape,65-511:elongated,392,12,True,1.0,1.0
B,7,central_half,N_x_original_shape,65-511:intermediate,173,12,True,0.9132947976878613,0.8216862502576788
B,7,central_half,N_x_original_shape,65-511:compact,4,3,False,0.5,
B,7,central_half,history,none,1846,27,True,0.9160346695557963,0.904109198821012
B,7,central_half,history,one_to_five,8062,27,True,0.9429421979657653,0.9311199258309454
B,7,central_half,history,six,70542,27,True,0.9790479430693771,0.9782277000312548
B,7,central_half,current_points,1,0,0,False,,
B,7,central_half,current_points,2,0,0,False,,
B,7,central_half,current_points,ge3,80450,27,True,0.9739838408949658,0.9726631273669815
B,7,central_half,current_range,le20,26404,27,True,0.9748144220572641,0.9741519730629697
B,7,central_half,current_range,20to40,36863,27,True,0.9800070531427176,0.9794051393389729
B,7,central_half,current_range,gt40,17183,27,True,0.9597858348367573,0.951353414334982
B,7,xy_fraction6,retained_N,1-2,0,0,False,,
B,7,xy_fraction6,retained_N,3-4,1615,27,True,0.930030959752322,0.9215143120960295
B,7,xy_fraction6,retained_N,5-8,1566,27,True,0.9469987228607918,0.9393852907969898
B,7,xy_fraction6,retained_N,9-16,3392,27,True,0.953125,0.9467579359183631
B,7,xy_fraction6,retained_N,17-32,37944,27,True,0.9815781151170145,0.9814831728437172
B,7,xy_fraction6,retained_N,33-64,26522,27,True,0.9867657039438956,0.9856164138622542
B,7,xy_fraction6,retained_N,65-511,9411,23,True,0.9865051535437255,0.9712051519778884
B,7,xy_fraction6,original_shape,compact,4336,26,True,0.981780442804428,0.9768377430972324
B,7,xy_fraction6,original_shape,elongated,45116,27,True,0.982866388864261,0.975852484831458
B,7,xy_fraction6,original_shape,intermediate,30998,27,True,0.9780631008452159,0.9778587463258693
B,7,xy_fraction6,N_x_original_shape,1-2:elongated,0,0,False,,
B,7,xy_fraction6,N_x_original_shape,1-2:intermediate,0,0,False,,
B,7,xy_fraction6,N_x_original_shape,1-2:compact,0,0,False,,
B,7,xy_fraction6,N_x_original_shape,3-4:elongated,1081,26,True,0.9343200740055504,0.929376636163292
B,7,xy_fraction6,N_x_original_shape,3-4:intermediate,484,27,True,0.9214876033057852,0.8985862061359977
B,7,xy_fraction6,N_x_original_shape,3-4:compact,50,14,False,0.92,0.910873440285205
B,7,xy_fraction6,N_x_original_shape,5-8:elongated,932,27,True,0.953862660944206,0.945063365753021
B,7,xy_fraction6,N_x_original_shape,5-8:intermediate,568,25,True,0.9419014084507042,0.9364038882385872
B,7,xy_fraction6,N_x_original_shape,5-8:compact,66,17,False,0.8939393939393939,0.888162672476398
B,7,xy_fraction6,N_x_original_shape,9-16:elongated,2275,26,True,0.9564835164835165,0.9471985641104028
B,7,xy_fraction6,N_x_original_shape,9-16:intermediate,996,27,True,0.9528112449799196,0.9503676412118642
B,7,xy_fraction6,N_x_original_shape,9-16:compact,121,18,True,0.8925619834710744,0.8925326228052197
B,7,xy_fraction6,N_x_original_shape,17-32:elongated,19967,27,True,0.9803175239144588,0.9771481414265449
B,7,xy_fraction6,N_x_original_shape,17-32:intermediate,15866,27,True,0.9824152275305685,0.9816165710676151
B,7,xy_fraction6,N_x_original_shape,17-32:compact,2111,22,True,0.9872098531501659,0.9768547338824329
B,7,xy_fraction6,N_x_original_shape,33-64:elongated,14587,26,True,0.9910194008363612,0.9837564082022303
B,7,xy_fraction6,N_x_original_shape,33-64:intermediate,10253,25,True,0.9807861113820345,0.9803414616271378
B,7,xy_fraction6,N_x_original_shape,33-64:compact,1682,21,True,0.9863258026159334,0.9833098853746431
B,7,xy_fraction6,N_x_original_shape,65-511:elongated,6274,20,True,0.9942620337902455,0.9748507170525287
B,7,xy_fraction6,N_x_original_shape,65-511:intermediate,2831,22,True,0.9696220416813847,0.9622214236148611
B,7,xy_fraction6,N_x_original_shape,65-511:compact,306,14,True,0.9836601307189542,0.9819172448026852
B,7,xy_fraction6,history,none,1846,27,True,0.9344528710725893,0.9236274874850027
B,7,xy_fraction6,history,one_to_five,8062,27,True,0.9590672289754404,0.9491385638908006
B,7,xy_fraction6,history,six,70542,27,True,0.9846757959797,0.9839422647193228
B,7,xy_fraction6,current_points,1,0,0,False,,
B,7,xy_fraction6,current_points,2,0,0,False,,
B,7,xy_fraction6,current_points,ge3,80450,27,True,0.9809571162212555,0.9797898758130179
B,7,xy_fraction6,current_range,le20,26404,27,True,0.9811392213301015,0.9804539272390711
B,7,xy_fraction6,current_range,20to40,36863,27,True,0.9844288310772319,0.9838626190844969
B,7,xy_fraction6,current_range,gt40,17183,27,True,0.9732293545946575,0.9669599495154175
B,7,xy_fraction4,retained_N,1-2,0,0,False,,
B,7,xy_fraction4,retained_N,3-4,1615,27,True,0.930030959752322,0.9215143120960295
B,7,xy_fraction4,retained_N,5-8,1566,27,True,0.9489144316730523,0.9416063837720934
B,7,xy_fraction4,retained_N,9-16,3392,27,True,0.9534198113207547,0.9471294784015885
B,7,xy_fraction4,retained_N,17-32,37944,27,True,0.9816308243727598,0.981536293792084
B,7,xy_fraction4,retained_N,33-64,26522,27,True,0.9866902948495588,0.9855324442756285
B,7,xy_fraction4,retained_N,65-511,9411,23,True,0.9868239294442673,0.9718760483544451
B,7,xy_fraction4,original_shape,compact,4336,26,True,0.981780442804428,0.9768377430972324
B,7,xy_fraction4,original_shape,elongated,45116,27,True,0.9828885539498182,0.975881287018113
B,7,xy_fraction4,original_shape,intermediate,30998,27,True,0.9782566617201109,0.9780538356351486
B,7,xy_fraction4,N_x_original_shape,1-2:elongated,0,0,False,,
B,7,xy_fraction4,N_x_original_shape,1-2:intermediate,0,0,False,,
B,7,xy_fraction4,N_x_original_shape,1-2:compact,0,0,False,,
B,7,xy_fraction4,N_x_original_shape,3-4:elongated,1081,26,True,0.9333950046253469,0.9283441601484821
B,7,xy_fraction4,N_x_original_shape,3-4:intermediate,484,27,True,0.9235537190082644,0.9015042763248357
B,7,xy_fraction4,N_x_original_shape,3-4:compact,50,14,False,0.92,0.910873440285205
B,7,xy_fraction4,N_x_original_shape,5-8:elongated,932,27,True,0.9549356223175965,0.9463957055214725
B,7,xy_fraction4,N_x_original_shape,5-8:intermediate,568,25,True,0.9454225352112676,0.9402581980423093
B,7,xy_fraction4,N_x_original_shape,5-8:compact,66,17,False,0.8939393939393939,0.888162672476398
B,7,xy_fraction4,N_x_original_shape,9-16:elongated,2275,26,True,0.9573626373626374,0.9483114528047902
B,7,xy_fraction4,N_x_original_shape,9-16:intermediate,996,27,True,0.9518072289156626,0.9493353228431904
B,7,xy_fraction4,N_x_original_shape,9-16:compact,121,18,True,0.8925619834710744,0.8925326228052197
B,7,xy_fraction4,N_x_original_shape,17-32:elongated,19967,27,True,0.9803175239144588,0.9771461615729122
B,7,xy_fraction4,N_x_original_shape,17-32:intermediate,15866,27,True,0.9825412832471953,0.9817463451785705
B,7,xy_fraction4,N_x_original_shape,17-32:compact,2111,22,True,0.9872098531501659,0.9768547338824329
B,7,xy_fraction4,N_x_original_shape,33-64:elongated,14587,26,True,0.9908822924521834,0.9834974658691811
B,7,xy_fraction4,N_x_original_shape,33-64:intermediate,10253,25,True,0.9807861113820345,0.9803426409204674
B,7,xy_fraction4,N_x_original_shape,33-64:compact,1682,21,True,0.9863258026159334,0.9833098853746431
B,7,xy_fraction4,N_x_original_shape,65-511:elongated,6274,20,True,0.9944214217405164,0.9755792817023662
B,7,xy_fraction4,N_x_original_shape,65-511:intermediate,2831,22,True,0.9703285058283292,0.9630712523386777
B,7,xy_fraction4,N_x_original_shape,65-511:compact,306,14,True,0.9836601307189542,0.9819172448026852
B,7,xy_fraction4,history,none,1846,27,True,0.9344528710725893,0.9236274874850027
B,7,xy_fraction4,history,one_to_five,8062,27,True,0.9593153063755891,0.9494743246011195
B,7,xy_fraction4,history,six,70542,27,True,0.9847466757392759,0.9840160297612295
B,7,xy_fraction4,current_points,1,0,0,False,,
B,7,xy_fraction4,current_points,2,0,0,False,,
B,7,xy_fraction4,current_points,ge3,80450,27,True,0.9810441267868241,0.9798820921579613
B,7,xy_fraction4,current_range,le20,26404,27,True,0.9813285865777912,0.9806493194207906
B,7,xy_fraction4,current_range,20to40,36863,27,True,0.984401703605241,0.9838343349061313
B,7,xy_fraction4,current_range,gt40,17183,27,True,0.9734039457603445,0.9671815877757309
B,7,kept_single,retained_N,1-2,0,0,False,,
B,7,kept_single,retained_N,3-4,40406,27,True,0.9672573380191061,0.9670327520335762
B,7,kept_single,retained_N,5-8,26553,27,True,0.9732233645915715,0.9717744918791362
B,7,kept_single,retained_N,9-16,12049,26,True,0.9741887293551332,0.9574735473566309
B,7,kept_single,retained_N,17-32,1357,21,True,0.9778924097273397,0.9068898322141511
B,7,kept_single,retained_N,33-64,85,8,False,1.0,
B,7,kept_single,retained_N,65-511,0,0,False,,
B,7,kept_single,original_shape,compact,4336,26,True,0.9520295202952029,0.9376912329106313
B,7,kept_single,original_shape,elongated,45116,27,True,0.9795194609451192,0.9717446648608872
B,7,kept_single,original_shape,intermediate,30998,27,True,0.9599006387508872,0.9594091377943447
B,7,kept_single,N_x_original_shape,1-2:elongated,0,0,False,,
B,7,kept_single,N_x_original_shape,1-2:intermediate,0,0,False,,
B,7,kept_single,N_x_original_shape,1-2:compact,0,0,False,,
B,7,kept_single,N_x_original_shape,3-4:elongated,21829,27,True,0.971597416281094,0.967955561823127
B,7,kept_single,N_x_original_shape,3-4:intermediate,16401,27,True,0.9620145113102859,0.9609238956509818
B,7,kept_single,N_x_original_shape,3-4:compact,2176,24,True,0.9632352941176471,0.9435962570310272
B,7,kept_single,N_x_original_shape,5-8:elongated,14358,27,True,0.9843989413567349,0.9755620038835858
B,7,kept_single,N_x_original_shape,5-8:intermediate,10581,27,True,0.9628579529345053,0.9617229909601418
B,7,kept_single,N_x_original_shape,5-8:compact,1614,24,True,0.9417596034696406,0.9230407125972668
B,7,kept_single,N_x_original_shape,9-16:elongated,8030,25,True,0.9911581569115816,0.9681009945128876
B,7,kept_single,N_x_original_shape,9-16:intermediate,3517,26,True,0.9411430196189935,0.9381797765002498
B,7,kept_single,N_x_original_shape,9-16:compact,502,19,True,0.9342629482071713,0.9337770582239012
B,7,kept_single,N_x_original_shape,17-32:elongated,816,17,True,0.9889705882352942,0.9122444346194749
B,7,kept_single,N_x_original_shape,17-32:intermediate,497,19,True,0.959758551307847,0.9038387121739804
B,7,kept_single,N_x_original_shape,17-32:compact,44,9,False,0.9772727272727273,
B,7,kept_single,N_x_original_shape,33-64:elongated,83,8,False,1.0,
B,7,kept_single,N_x_original_shape,33-64:intermediate,2,1,False,1.0,
B,7,kept_single,N_x_original_shape,33-64:compact,0,0,False,,
B,7,kept_single,N_x_original_shape,65-511:elongated,0,0,False,,
B,7,kept_single,N_x_original_shape,65-511:intermediate,0,0,False,,
B,7,kept_single,N_x_original_shape,65-511:compact,0,0,False,,
B,7,kept_single,history,none,1846,27,True,0.9344528710725893,0.9236274874850027
B,7,kept_single,history,one_to_five,8062,27,True,0.945795088067477,0.9344580098295479
B,7,kept_single,history,six,70542,27,True,0.9742422953701341,0.9731661076651623
B,7,kept_single,current_points,1,0,0,False,,
B,7,kept_single,current_points,2,0,0,False,,
B,7,kept_single,current_points,ge3,80450,27,True,0.9704785581106277,0.9688907952023991
B,7,kept_single,current_range,le20,26404,27,True,0.969663687320103,0.9688193314317546
B,7,kept_single,current_range,20to40,36863,27,True,0.9764804817839026,0.9757142001794044
B,7,kept_single,current_range,gt40,17183,27,True,0.9588546819530932,0.9498473225418047
B,7,sparse_single,retained_N,1-2,97734,27,True,0.9468966787402542,0.9467606611099284
B,7,sparse_single,retained_N,3-4,0,0,False,,
B,7,sparse_single,retained_N,5-8,0,0,False,,
B,7,sparse_single,retained_N,9-16,0,0,False,,
B,7,sparse_single,retained_N,17-32,0,0,False,,
B,7,sparse_single,retained_N,33-64,0,0,False,,
B,7,sparse_single,retained_N,65-511,0,0,False,,
B,7,sparse_single,original_shape,undefined_low_support,97734,27,True,0.9468966787402542,0.9467606611099284
B,7,sparse_single,N_x_original_shape,1-2:elongated,0,0,False,,
B,7,sparse_single,N_x_original_shape,1-2:intermediate,0,0,False,,
B,7,sparse_single,N_x_original_shape,1-2:compact,0,0,False,,
B,7,sparse_single,N_x_original_shape,3-4:elongated,0,0,False,,
B,7,sparse_single,N_x_original_shape,3-4:intermediate,0,0,False,,
B,7,sparse_single,N_x_original_shape,3-4:compact,0,0,False,,
B,7,sparse_single,N_x_original_shape,5-8:elongated,0,0,False,,
B,7,sparse_single,N_x_original_shape,5-8:intermediate,0,0,False,,
B,7,sparse_single,N_x_original_shape,5-8:compact,0,0,False,,
B,7,sparse_single,N_x_original_shape,9-16:elongated,0,0,False,,
B,7,sparse_single,N_x_original_shape,9-16:intermediate,0,0,False,,
B,7,sparse_single,N_x_original_shape,9-16:compact,0,0,False,,
B,7,sparse_single,N_x_original_shape,17-32:elongated,0,0,False,,
B,7,sparse_single,N_x_original_shape,17-32:intermediate,0,0,False,,
B,7,sparse_single,N_x_original_shape,17-32:compact,0,0,False,,
B,7,sparse_single,N_x_original_shape,33-64:elongated,0,0,False,,
B,7,sparse_single,N_x_original_shape,33-64:intermediate,0,0,False,,
B,7,sparse_single,N_x_original_shape,33-64:compact,0,0,False,,
B,7,sparse_single,N_x_original_shape,65-511:elongated,0,0,False,,
B,7,sparse_single,N_x_original_shape,65-511:intermediate,0,0,False,,
B,7,sparse_single,N_x_original_shape,65-511:compact,0,0,False,,
B,7,sparse_single,history,none,97734,27,True,0.9468966787402542,0.9467606611099284
B,7,sparse_single,history,one_to_five,0,0,False,,
B,7,sparse_single,history,six,0,0,False,,
B,7,sparse_single,current_points,1,58612,27,True,0.9398757933528971,0.9393895055780385
B,7,sparse_single,current_points,2,39122,27,True,0.957415265068248,0.957412591061443
B,7,sparse_single,current_points,ge3,0,0,False,,
B,7,sparse_single,current_range,le20,11734,27,True,0.9489517641043123,0.9436116274675046
B,7,sparse_single,current_range,20to40,33802,26,True,0.9489379326667061,0.9414558965959903
B,7,sparse_single,current_range,gt40,52198,27,True,0.9451128395723974,0.9426793808954563
B,7,sparse_context,retained_N,1-2,29596,27,True,0.9408703878902555,0.9398024499418429
B,7,sparse_context,retained_N,3-4,4536,26,True,0.9576719576719577,0.9575590116049577
B,7,sparse_context,retained_N,5-8,7975,27,True,0.9423197492163009,0.9422704717389213
B,7,sparse_context,retained_N,9-16,6694,26,True,0.950552733791455,0.9500951321720621
B,7,sparse_context,retained_N,17-32,47667,27,True,0.9723918014559338,0.9715868735788742
B,7,sparse_context,retained_N,33-64,1126,25,True,0.9946714031971581,0.9913459173635022
B,7,sparse_context,retained_N,65-511,140,16,True,1.0,1.0
B,7,sparse_context,original_shape,compact,2856,24,True,0.9744397759103641,0.9570592392106931
B,7,sparse_context,original_shape,elongated,44205,27,True,0.9619952494061758,0.961903360405919
B,7,sparse_context,original_shape,intermediate,21077,27,True,0.9738103145608957,0.9726690484956083
B,7,sparse_context,original_shape,undefined_low_support,29596,27,True,0.9408703878902555,0.9398024499418429
B,7,sparse_context,N_x_original_shape,1-2:elongated,0,0,False,,
B,7,sparse_context,N_x_original_shape,1-2:intermediate,0,0,False,,
B,7,sparse_context,N_x_original_shape,1-2:compact,0,0,False,,
B,7,sparse_context,N_x_original_shape,3-4:elongated,3285,25,True,0.9601217656012176,0.9600702439321311
B,7,sparse_context,N_x_original_shape,3-4:intermediate,1146,26,True,0.9502617801047121,0.9501204570878783
B,7,sparse_context,N_x_original_shape,3-4:compact,105,18,True,0.9619047619047619,0.9475
B,7,sparse_context,N_x_original_shape,5-8:elongated,5663,26,True,0.942256754370475,0.9421957301215678
B,7,sparse_context,N_x_original_shape,5-8:intermediate,2084,27,True,0.9414587332053743,0.9397193757794459
B,7,sparse_context,N_x_original_shape,5-8:compact,228,20,True,0.9517543859649122,0.947766323024055
B,7,sparse_context,N_x_original_shape,9-16:elongated,4896,26,True,0.9503676470588235,0.9501479791215582
B,7,sparse_context,N_x_original_shape,9-16:intermediate,1577,26,True,0.9556119213696893,0.9538634501897454
B,7,sparse_context,N_x_original_shape,9-16:compact,221,19,True,0.918552036199095,0.918416735028712
B,7,sparse_context,N_x_original_shape,17-32:elongated,29532,27,True,0.9668833807395367,0.966614559774609
B,7,sparse_context,N_x_original_shape,17-32:intermediate,15880,25,True,0.9811712846347607,0.980099681395485
B,7,sparse_context,N_x_original_shape,17-32:compact,2255,22,True,0.9827050997782705,0.9606629926183565
B,7,sparse_context,N_x_original_shape,33-64:elongated,725,21,True,0.9986206896551724,0.9941375769190339
B,7,sparse_context,N_x_original_shape,33-64:intermediate,355,22,True,0.9887323943661972,0.9883162190626646
B,7,sparse_context,N_x_original_shape,33-64:compact,46,12,False,0.9782608695652174,0.9781680113906027
B,7,sparse_context,N_x_original_shape,65-511:elongated,104,10,False,1.0,
B,7,sparse_context,N_x_original_shape,65-511:intermediate,35,13,False,1.0,1.0
B,7,sparse_context,N_x_original_shape,65-511:compact,1,1,False,1.0,
B,7,sparse_context,history,none,29596,27,True,0.9408703878902555,0.9398024499418429
B,7,sparse_context,history,one_to_five,20891,27,True,0.9500741946292662,0.9499144013809571
B,7,sparse_context,history,six,47247,27,True,0.9732893093741402,0.972669513478117
B,7,sparse_context,current_points,1,58612,27,True,0.9535931208626219,0.9532632671655676
B,7,sparse_context,current_points,2,39122,27,True,0.965875977710751,0.9658687068996552
B,7,sparse_context,current_points,ge3,0,0,False,,
B,7,sparse_context,current_range,le20,11734,27,True,0.9598602352139083,0.9562259874502987
B,7,sparse_context,current_range,20to40,33802,26,True,0.9589077569374593,0.9529150995004618
B,7,sparse_context,current_range,gt40,52198,27,True,0.9579485804053796,0.9559617997109812
B,17,clean,retained_N,1-2,0,0,False,,
B,17,clean,retained_N,3-4,1615,27,True,0.9356037151702786,0.9277983926157993
B,17,clean,retained_N,5-8,1566,27,True,0.9469987228607918,0.9396946455092048
B,17,clean,retained_N,9-16,3392,27,True,0.9537146226415094,0.9477388492996358
B,17,clean,retained_N,17-32,37944,27,True,0.9841872232764073,0.9841198223187912
B,17,clean,retained_N,33-64,26522,27,True,0.9882361812834628,0.9872523593382185
B,17,clean,retained_N,65-511,9411,23,True,0.991818085219424,0.9829889164461837
B,17,clean,original_shape,compact,4336,26,True,0.9831642066420664,0.9784441014420062
B,17,clean,original_shape,elongated,45116,27,True,0.9855261991311286,0.979779896862316
B,17,clean,original_shape,intermediate,30998,27,True,0.9804180914897735,0.9802099490599915
B,17,clean,N_x_original_shape,1-2:elongated,0,0,False,,
B,17,clean,N_x_original_shape,1-2:intermediate,0,0,False,,
B,17,clean,N_x_original_shape,1-2:compact,0,0,False,,
B,17,clean,N_x_original_shape,3-4:elongated,1081,26,True,0.937095282146161,0.932325040140233
B,17,clean,N_x_original_shape,3-4:intermediate,484,27,True,0.9297520661157025,0.909717345505618
B,17,clean,N_x_original_shape,3-4:compact,50,14,False,0.96,0.9554367201426025
B,17,clean,N_x_original_shape,5-8:elongated,932,27,True,0.9570815450643777,0.9491543917075832
B,17,clean,N_x_original_shape,5-8:intermediate,568,25,True,0.9401408450704225,0.9346967483633609
B,17,clean,N_x_original_shape,5-8:compact,66,17,False,0.8636363636363636,0.8581323143061859
B,17,clean,N_x_original_shape,9-16:elongated,2275,26,True,0.9564835164835165,0.9476618821644661
B,17,clean,N_x_original_shape,9-16:intermediate,996,27,True,0.9528112449799196,0.9505496769123021
B,17,clean,N_x_original_shape,9-16:compact,121,18,True,0.9090909090909091,0.9090909090909091
B,17,clean,N_x_original_shape,17-32:elongated,19967,27,True,0.9843241348224571,0.9819329491359178
B,17,clean,N_x_original_shape,17-32:intermediate,15866,27,True,0.9834867011218958,0.9827074671554394
B,17,clean,N_x_original_shape,17-32:compact,2111,22,True,0.9881572714353387,0.9782688811613538
B,17,clean,N_x_original_shape,33-64:elongated,14587,26,True,0.9917734969493385,0.9852448353889276
B,17,clean,N_x_original_shape,33-64:intermediate,10253,25,True,0.983224422120355,0.9828019390381812
B,17,clean,N_x_original_shape,33-64:compact,1682,21,True,0.9881093935790726,0.9853684421131379
B,17,clean,N_x_original_shape,65-511:elongated,6274,20,True,0.9979279566464775,0.9911036707801909
B,17,clean,N_x_original_shape,65-511:intermediate,2831,22,True,0.9795125397386083,0.9751067300578525
B,17,clean,N_x_original_shape,65-511:compact,306,14,True,0.9803921568627451,0.9783490566037736
B,17,clean,history,none,1846,27,True,0.937703141928494,0.9275518857702539
B,17,clean,history,one_to_five,8062,27,True,0.960431654676259,0.951222644888315
B,17,clean,history,six,70542,27,True,0.9872558192282612,0.9866814690708405
B,17,clean,current_points,1,0,0,False,,
B,17,clean,current_points,2,0,0,False,,
B,17,clean,current_points,ge3,80450,27,True,0.983430702299565,0.9824689671173142
B,17,clean,current_range,le20,26404,27,True,0.985949098621421,0.985476909521209
B,17,clean,current_range,20to40,36863,27,True,0.9870873233323386,0.9866446868553682
B,17,clean,current_range,gt40,17183,27,True,0.9717162311587033,0.9653378523158903
B,17,uniform_half_0,retained_N,1-2,1615,27,True,0.9281733746130031,0.9191700061785284
B,17,uniform_half_0,retained_N,3-4,1566,27,True,0.9374201787994891,0.9293248401072829
B,17,uniform_half_0,retained_N,5-8,3392,27,True,0.9425117924528302,0.9354913145292882
B,17,uniform_half_0,retained_N,9-16,37944,27,True,0.9804448661184904,0.98036406702926
B,17,uniform_half_0,retained_N,17-32,26522,27,True,0.9848427720383078,0.9836003542965956
B,17,uniform_half_0,retained_N,33-64,8842,23,True,0.9901605971499661,0.9801509080489823
B,17,uniform_half_0,retained_N,65-511,569,14,True,0.984182776801406,0.9076248714757291
B,17,uniform_half_0,original_shape,compact,4336,26,True,0.977629151291513,0.9713413830192079
B,17,uniform_half_0,original_shape,elongated,45116,27,True,0.9831767000620623,0.9765609591101108
B,17,uniform_half_0,original_shape,intermediate,30998,27,True,0.9744177043680238,0.9741388207980426
B,17,uniform_half_0,N_x_original_shape,1-2:elongated,1081,26,True,0.9287696577243293,0.9231632691681044
B,17,uniform_half_0,N_x_original_shape,1-2:intermediate,484,27,True,0.9276859504132231,0.9063545150501673
B,17,uniform_half_0,N_x_original_shape,1-2:compact,50,14,False,0.92,0.910873440285205
B,17,uniform_half_0,N_x_original_shape,3-4:elongated,932,27,True,0.9506437768240343,0.9417601286732742
B,17,uniform_half_0,N_x_original_shape,3-4:intermediate,568,25,True,0.9225352112676056,0.9165598290598291
B,17,uniform_half_0,N_x_original_shape,3-4:compact,66,17,False,0.8787878787878788,0.8730769230769231
B,17,uniform_half_0,N_x_original_shape,5-8:elongated,2275,26,True,0.9485714285714286,0.9385167091107531
B,17,uniform_half_0,N_x_original_shape,5-8:intermediate,996,27,True,0.9357429718875502,0.9330431421320651
B,17,uniform_half_0,N_x_original_shape,5-8:compact,121,18,True,0.8842975206611571,0.8842896174863388
B,17,uniform_half_0,N_x_original_shape,9-16:elongated,19967,27,True,0.9814193419141584,0.9786208780502357
B,17,uniform_half_0,N_x_original_shape,9-16:intermediate,15866,27,True,0.9783184167401991,0.9772927537081818
B,17,uniform_half_0,N_x_original_shape,9-16:compact,2111,22,True,0.9872098531501659,0.976694034217412
B,17,uniform_half_0,N_x_original_shape,17-32:elongated,14587,26,True,0.9911565092205389,0.9842232190110461
B,17,uniform_half_0,N_x_original_shape,17-32:intermediate,10253,25,True,0.9769823466302545,0.9763802435354101
B,17,uniform_half_0,N_x_original_shape,17-32:compact,1682,21,True,0.9780023781212842,0.9728453400877464
B,17,uniform_half_0,N_x_original_shape,33-64:elongated,5882,20,True,0.9971098265895953,0.988116091361841
B,17,uniform_half_0,N_x_original_shape,33-64:intermediate,2658,22,True,0.9762979683972912,0.9716628204948133
B,17,uniform_half_0,N_x_original_shape,33-64:compact,302,14,True,0.9768211920529801,0.9747235009266455
B,17,uniform_half_0,N_x_original_shape,65-511:elongated,392,12,True,0.9948979591836735,0.8987080103359173
B,17,uniform_half_0,N_x_original_shape,65-511:intermediate,173,12,True,0.9595375722543352,0.9031587365053978
B,17,uniform_half_0,N_x_original_shape,65-511:compact,4,3,False,1.0,
B,17,uniform_half_0,history,none,1846,27,True,0.9284940411700975,0.9167240813648294
B,17,uniform_half_0,history,one_to_five,8062,27,True,0.9511287521706773,0.9402348289170264
B,17,uniform_half_0,history,six,70542,27,True,0.9840804059992628,0.983369685782377
B,17,uniform_half_0,current_points,1,0,0,False,,
B,17,uniform_half_0,current_points,2,0,0,False,,
B,17,uniform_half_0,current_points,ge3,80450,27,True,0.979502796768179,0.9783295735487578
B,17,uniform_half_0,current_range,le20,26404,27,True,0.9831086199060748,0.9825650882492705
B,17,uniform_half_0,current_range,20to40,36863,27,True,0.9820687410140249,0.9814516057323448
B,17,uniform_half_0,current_range,gt40,17183,27,True,0.9684571960658791,0.9614333040972725
B,17,uniform_half_1,retained_N,1-2,1615,27,True,0.9256965944272446,0.91669045301823
B,17,uniform_half_1,retained_N,3-4,1566,27,True,0.9361430395913155,0.9277408637873754
B,17,uniform_half_1,retained_N,5-8,3392,27,True,0.9451650943396226,0.9385355668590547
B,17,uniform_half_1,retained_N,9-16,37944,27,True,0.9803921568627451,0.980314054195814
B,17,uniform_half_1,retained_N,17-32,26522,27,True,0.9828067264912148,0.9813865293077632
B,17,uniform_half_1,retained_N,33-64,8842,23,True,0.9891427278896178,0.9780477328983597
B,17,uniform_half_1,retained_N,65-511,569,14,True,0.9736379613356766,0.8460414524595488
B,17,uniform_half_1,original_shape,compact,4336,26,True,0.9711715867158671,0.9630072687986719
B,17,uniform_half_1,original_shape,elongated,45116,27,True,0.9833983509176345,0.9768864516232392
B,17,uniform_half_1,original_shape,intermediate,30998,27,True,0.9728046970772308,0.9725097171448629
B,17,uniform_half_1,N_x_original_shape,1-2:elongated,1081,26,True,0.9343200740055504,0.9293019545567176
B,17,uniform_half_1,N_x_original_shape,1-2:intermediate,484,27,True,0.9070247933884298,0.880805792247451
B,17,uniform_half_1,N_x_original_shape,1-2:compact,50,14,False,0.92,0.910873440285205
B,17,uniform_half_1,N_x_original_shape,3-4:elongated,932,27,True,0.9484978540772532,0.9393475961929554
B,17,uniform_half_1,N_x_original_shape,3-4:intermediate,568,25,True,0.9278169014084507,0.9215107363255511
B,17,uniform_half_1,N_x_original_shape,3-4:compact,66,17,False,0.8333333333333334,0.8285714285714285
B,17,uniform_half_1,N_x_original_shape,5-8:elongated,2275,26,True,0.952967032967033,0.9437238024099182
B,17,uniform_half_1,N_x_original_shape,5-8:intermediate,996,27,True,0.9337349397590361,0.9311217753934491
B,17,uniform_half_1,N_x_original_shape,5-8:compact,121,18,True,0.8925619834710744,0.8925326228052197
B,17,uniform_half_1,N_x_original_shape,9-16:elongated,19967,27,True,0.9817198377322582,0.9789841339987964
B,17,uniform_half_1,N_x_original_shape,9-16:intermediate,15866,27,True,0.9781923610235724,0.9771491633691569
B,17,uniform_half_1,N_x_original_shape,9-16:compact,2111,22,True,0.984367598294647,0.9713149231329871
B,17,uniform_half_1,N_x_original_shape,17-32:elongated,14587,26,True,0.9908822924521834,0.9837234572967348
B,17,uniform_half_1,N_x_original_shape,17-32:intermediate,10253,25,True,0.9737637764556715,0.973092024185185
B,17,uniform_half_1,N_x_original_shape,17-32:compact,1682,21,True,0.9678953626634959,0.9604947937054724
B,17,uniform_half_1,N_x_original_shape,33-64:elongated,5882,20,True,0.9965997959877593,0.9861033999655066
B,17,uniform_half_1,N_x_original_shape,33-64:intermediate,2658,22,True,0.9751693002257337,0.9701714950299427
B,17,uniform_half_1,N_x_original_shape,33-64:compact,302,14,True,0.9668874172185431,0.9639652539137076
B,17,uniform_half_1,N_x_original_shape,65-511:elongated,392,12,True,0.9872448979591837,0.6396396396396397
B,17,uniform_half_1,N_x_original_shape,65-511:intermediate,173,12,True,0.9421965317919075,0.8698073449729079
B,17,uniform_half_1,N_x_original_shape,65-511:compact,4,3,False,1.0,
B,17,uniform_half_1,history,none,1846,27,True,0.9263271939328277,0.9145230702184453
B,17,uniform_half_1,history,one_to_five,8062,27,True,0.9527412552716448,0.9422142597351841
B,17,uniform_half_1,history,six,70542,27,True,0.9829888577017947,0.9822306023317899
B,17,uniform_half_1,current_points,1,0,0,False,,
B,17,uniform_half_1,current_points,2,0,0,False,,
B,17,uniform_half_1,current_points,ge3,80450,27,True,0.9786575512740833,0.9774387057225027
B,17,uniform_half_1,current_range,le20,26404,27,True,0.9811770943796394,0.9805700681881397
B,17,uniform_half_1,current_range,20to40,36863,27,True,0.9824213981499064,0.9818203022798666
B,17,uniform_half_1,current_range,gt40,17183,27,True,0.9667112844090089,0.9593084987289624
B,17,uniform_half_2,retained_N,1-2,1615,27,True,0.9244582043343653,0.9151464254952627
B,17,uniform_half_2,retained_N,3-4,1566,27,True,0.9323116219667944,0.9235554392997141
B,17,uniform_half_2,retained_N,5-8,3392,27,True,0.9469339622641509,0.9404405154330238
B,17,uniform_half_2,retained_N,9-16,37944,27,True,0.9800759013282733,0.9799945258869431
B,17,uniform_half_2,retained_N,17-32,26522,27,True,0.9830706583213935,0.981687503090847
B,17,uniform_half_2,retained_N,33-64,8842,23,True,0.9921963356706628,0.9842678106514826
B,17,uniform_half_2,retained_N,65-511,569,14,True,0.9753954305799648,0.8589389431930868
B,17,uniform_half_2,original_shape,compact,4336,26,True,0.9732472324723247,0.9656802860340075
B,17,uniform_half_2,original_shape,elongated,45116,27,True,0.9825560776664598,0.9757201637099597
B,17,uniform_half_2,original_shape,intermediate,30998,27,True,0.9744177043680238,0.9741395209931556
B,17,uniform_half_2,N_x_original_shape,1-2:elongated,1081,26,True,0.9269195189639223,0.9213359776053618
B,17,uniform_half_2,N_x_original_shape,1-2:intermediate,484,27,True,0.9194214876033058,0.8956521739130434
B,17,uniform_half_2,N_x_original_shape,1-2:compact,50,14,False,0.92,0.910873440285205
B,17,uniform_half_2,N_x_original_shape,3-4:elongated,932,27,True,0.9399141630901288,0.9295140858385328
B,17,uniform_half_2,N_x_original_shape,3-4:intermediate,568,25,True,0.926056338028169,0.9198548679701672
B,17,uniform_half_2,N_x_original_shape,3-4:compact,66,17,False,0.8787878787878788,0.8730769230769231
B,17,uniform_half_2,N_x_original_shape,5-8:elongated,2275,26,True,0.9551648351648352,0.9463763788931141
B,17,uniform_half_2,N_x_original_shape,5-8:intermediate,996,27,True,0.9367469879518072,0.9340055342461719
B,17,uniform_half_2,N_x_original_shape,5-8:compact,121,18,True,0.8760330578512396,0.8758974358974358
B,17,uniform_half_2,N_x_original_shape,9-16:elongated,19967,27,True,0.9807682676416086,0.977887400666274
B,17,uniform_half_2,N_x_original_shape,9-16:intermediate,15866,27,True,0.9785705281734527,0.9775618220377511
B,17,uniform_half_2,N_x_original_shape,9-16:compact,2111,22,True,0.9848413074372335,0.9722167383951251
B,17,uniform_half_2,N_x_original_shape,17-32:elongated,14587,26,True,0.9901281963392061,0.9823858532975558
B,17,uniform_half_2,N_x_original_shape,17-32:intermediate,10253,25,True,0.9749341656100653,0.974264430797767
B,17,uniform_half_2,N_x_original_shape,17-32:compact,1682,21,True,0.9714625445897741,0.9648842610715311
B,17,uniform_half_2,N_x_original_shape,33-64:elongated,5882,20,True,0.9969398163889833,0.9875231916193408
B,17,uniform_half_2,N_x_original_shape,33-64:intermediate,2658,22,True,0.9834462001504891,0.9801728013801325
B,17,uniform_half_2,N_x_original_shape,33-64:compact,302,14,True,0.9768211920529801,0.9747235009266455
B,17,uniform_half_2,N_x_original_shape,65-511:elongated,392,12,True,0.9897959183673469,0.7474226804123711
B,17,uniform_half_2,N_x_original_shape,65-511:intermediate,173,12,True,0.953757225433526,0.8916040100250626
B,17,uniform_half_2,N_x_original_shape,65-511:compact,4,3,False,0.5,
B,17,uniform_half_2,history,none,1846,27,True,0.9236186348862405,0.9113390901872676
B,17,uniform_half_2,history,one_to_five,8062,27,True,0.9521210617712726,0.9414634942798878
B,17,uniform_half_2,history,six,70542,27,True,0.983428312211165,0.9826908094945552
B,17,uniform_half_2,current_points,1,0,0,False,,
B,17,uniform_half_2,current_points,2,0,0,False,,
B,17,uniform_half_2,current_points,ge3,80450,27,True,0.9789185829707893,0.9777161415002125
B,17,uniform_half_2,current_range,le20,26404,27,True,0.9815558248750189,0.9809604861193056
B,17,uniform_half_2,current_range,20to40,36863,27,True,0.981797466294116,0.9811805915053573
B,17,uniform_half_2,current_range,gt40,17183,27,True,0.9686899842867951,0.9616899860585584
B,17,uniform_quarter_0,retained_N,1-2,3181,27,True,0.9091480666457089,0.8991848782965142
B,17,uniform_quarter_0,retained_N,3-4,3392,27,True,0.9292452830188679,0.9211972809344813
B,17,uniform_quarter_0,retained_N,5-8,37944,27,True,0.975437486822686,0.975350194681684
B,17,uniform_quarter_0,retained_N,9-16,26522,27,True,0.9768117034914411,0.9750025692778244
B,17,uniform_quarter_0,retained_N,17-32,8842,23,True,0.9851843474327076,0.9707532308938166
B,17,uniform_quarter_0,retained_N,33-64,538,14,True,0.9851301115241635,0.9191706730769231
B,17,uniform_quarter_0,retained_N,65-511,31,3,False,1.0,
B,17,uniform_quarter_0,original_shape,compact,4336,26,True,0.9635608856088561,0.9528583441022698
B,17,uniform_quarter_0,original_shape,elongated,45116,27,True,0.9789431687206313,0.9708803626191326
B,17,uniform_quarter_0,original_shape,intermediate,30998,27,True,0.964288018581844,0.9638350911480427
B,17,uniform_quarter_0,N_x_original_shape,1-2:elongated,2013,27,True,0.9170392449080974,0.9087113255786482
B,17,uniform_quarter_0,N_x_original_shape,1-2:intermediate,1052,27,True,0.8973384030418251,0.8833760346866377
B,17,uniform_quarter_0,N_x_original_shape,1-2:compact,116,19,True,0.8793103448275862,0.8718434343434344
B,17,uniform_quarter_0,N_x_original_shape,3-4:elongated,2275,26,True,0.9389010989010989,0.9273239946763634
B,17,uniform_quarter_0,N_x_original_shape,3-4:intermediate,996,27,True,0.9116465863453815,0.9086634653861545
B,17,uniform_quarter_0,N_x_original_shape,3-4:compact,121,18,True,0.8925619834710744,0.8924444444444444
B,17,uniform_quarter_0,N_x_original_shape,5-8:elongated,19967,27,True,0.97771322682426,0.9744497614757719
B,17,uniform_quarter_0,N_x_original_shape,5-8:intermediate,15866,27,True,0.9721416866254885,0.9707607763822046
B,17,uniform_quarter_0,N_x_original_shape,5-8:compact,2111,22,True,0.9786830885836096,0.9606062151735429
B,17,uniform_quarter_0,N_x_original_shape,9-16:elongated,14587,26,True,0.987934462192363,0.9786648218204741
B,17,uniform_quarter_0,N_x_original_shape,9-16:intermediate,10253,25,True,0.9645957280795865,0.9635582239687616
B,17,uniform_quarter_0,N_x_original_shape,9-16:compact,1682,21,True,0.9548156956004756,0.9436024678111588
B,17,uniform_quarter_0,N_x_original_shape,17-32:elongated,5882,20,True,0.9960897653859232,0.9843767520952966
B,17,uniform_quarter_0,N_x_original_shape,17-32:intermediate,2658,22,True,0.963130173062453,0.9565855658556586
B,17,uniform_quarter_0,N_x_original_shape,17-32:compact,302,14,True,0.9668874172185431,0.9639652539137076
B,17,uniform_quarter_0,N_x_original_shape,33-64:elongated,361,12,True,1.0,1.0
B,17,uniform_quarter_0,N_x_original_shape,33-64:intermediate,173,12,True,0.953757225433526,0.8869281045751634
B,17,uniform_quarter_0,N_x_original_shape,33-64:compact,4,3,False,1.0,
B,17,uniform_quarter_0,N_x_original_shape,65-511:elongated,31,3,False,1.0,
B,17,uniform_quarter_0,N_x_original_shape,65-511:intermediate,0,0,False,,
B,17,uniform_quarter_0,N_x_original_shape,65-511:compact,0,0,False,,
B,17,uniform_quarter_0,history,none,1846,27,True,0.8938244853737811,0.8806171470805617
B,17,uniform_quarter_0,history,one_to_five,8062,27,True,0.9407095013644257,0.9280654820504746
B,17,uniform_quarter_0,history,six,70542,27,True,0.9781548580987214,0.9772307950413097
B,17,uniform_quarter_0,current_points,1,0,0,False,,
B,17,uniform_quarter_0,current_points,2,0,0,False,,
B,17,uniform_quarter_0,current_points,ge3,80450,27,True,0.9724673710379117,0.9709814166577906
B,17,uniform_quarter_0,current_range,le20,26404,27,True,0.9747008029086502,0.9739652941952257
B,17,uniform_quarter_0,current_range,20to40,36863,27,True,0.9768873938637659,0.976134607200834
B,17,uniform_quarter_0,current_range,gt40,17183,27,True,0.9595530466158413,0.9508808950532041
B,17,uniform_quarter_1,retained_N,1-2,3181,27,True,0.9097767997485068,0.8995720288012902
B,17,uniform_quarter_1,retained_N,3-4,3392,27,True,0.9351415094339622,0.927794452604466
B,17,uniform_quarter_1,retained_N,5-8,37944,27,True,0.9758328062407758,0.9757476047241411
B,17,uniform_quarter_1,retained_N,9-16,26522,27,True,0.9783198853781766,0.9765975814269516
B,17,uniform_quarter_1,retained_N,17-32,8842,23,True,0.9865415064465053,0.9733318531748703
B,17,uniform_quarter_1,retained_N,33-64,538,14,True,0.9758364312267658,0.8710046293734669
B,17,uniform_quarter_1,retained_N,65-511,31,3,False,1.0,
B,17,uniform_quarter_1,original_shape,compact,4336,26,True,0.966789667896679,0.9569864858050388
B,17,uniform_quarter_1,original_shape,elongated,45116,27,True,0.9793199751751042,0.9713653967520544
B,17,uniform_quarter_1,original_shape,intermediate,30998,27,True,0.9659978063100845,0.9655763251927985
B,17,uniform_quarter_1,N_x_original_shape,1-2:elongated,2013,27,True,0.9185295578738202,0.9099605948734062
B,17,uniform_quarter_1,N_x_original_shape,1-2:intermediate,1052,27,True,0.8925855513307985,0.8780677686204721
B,17,uniform_quarter_1,N_x_original_shape,1-2:compact,116,19,True,0.9137931034482759,0.9076138897738133
B,17,uniform_quarter_1,N_x_original_shape,3-4:elongated,2275,26,True,0.9463736263736263,0.9363448966748436
B,17,uniform_quarter_1,N_x_original_shape,3-4:intermediate,996,27,True,0.9186746987951807,0.9158333568068505
B,17,uniform_quarter_1,N_x_original_shape,3-4:compact,121,18,True,0.859504132231405,0.8593504273504273
B,17,uniform_quarter_1,N_x_original_shape,5-8:elongated,19967,27,True,0.9771623178244103,0.9738085023624423
B,17,uniform_quarter_1,N_x_original_shape,5-8:intermediate,15866,27,True,0.9734652716500694,0.9721459630157945
B,17,uniform_quarter_1,N_x_original_shape,5-8:compact,2111,22,True,0.981051634296542,0.9644324182248896
B,17,uniform_quarter_1,N_x_original_shape,9-16:elongated,14587,26,True,0.9886200041132516,0.9798124583734009
B,17,uniform_quarter_1,N_x_original_shape,9-16:intermediate,10253,25,True,0.9660587145225787,0.9650957604784796
B,17,uniform_quarter_1,N_x_original_shape,9-16:compact,1682,21,True,0.9637336504161712,0.9551163518092001
B,17,uniform_quarter_1,N_x_original_shape,17-32:elongated,5882,20,True,0.9959197551853112,0.9836782791434195
B,17,uniform_quarter_1,N_x_original_shape,17-32:intermediate,2658,22,True,0.9702784048156509,0.9647950738386031
B,17,uniform_quarter_1,N_x_original_shape,17-32:compact,302,14,True,0.9470198675496688,0.9430215555870005
B,17,uniform_quarter_1,N_x_original_shape,33-64:elongated,361,12,True,0.997229916897507,0.9538422196650045
B,17,uniform_quarter_1,N_x_original_shape,33-64:intermediate,173,12,True,0.930635838150289,0.8374060150375939
B,17,uniform_quarter_1,N_x_original_shape,33-64:compact,4,3,False,1.0,
B,17,uniform_quarter_1,N_x_original_shape,65-511:elongated,31,3,False,1.0,
B,17,uniform_quarter_1,N_x_original_shape,65-511:intermediate,0,0,False,,
B,17,uniform_quarter_1,N_x_original_shape,65-511:compact,0,0,False,,
B,17,uniform_quarter_1,history,none,1846,27,True,0.9024918743228603,0.8894522516767805
B,17,uniform_quarter_1,history,one_to_five,8062,27,True,0.9395931530637559,0.9269041627809659
B,17,uniform_quarter_1,history,six,70542,27,True,0.9792464063961895,0.978358828408612
B,17,uniform_quarter_1,current_points,1,0,0,False,,
B,17,uniform_quarter_1,current_points,2,0,0,False,,
B,17,uniform_quarter_1,current_points,ge3,80450,27,True,0.9735114978247359,0.9720696159721156
B,17,uniform_quarter_1,current_range,le20,26404,27,True,0.9760642326920164,0.9753605936583114
B,17,uniform_quarter_1,current_range,20to40,36863,27,True,0.9775927081355289,0.9768573574014814
B,17,uniform_quarter_1,current_range,gt40,17183,27,True,0.9608333818308794,0.9523620488227662
B,17,uniform_quarter_2,retained_N,1-2,3181,27,True,0.9078906004401132,0.8974724893337214
B,17,uniform_quarter_2,retained_N,3-4,3392,27,True,0.933372641509434,0.9257941062133033
B,17,uniform_quarter_2,retained_N,5-8,37944,27,True,0.9760172886358844,0.9759343145674184
B,17,uniform_quarter_2,retained_N,9-16,26522,27,True,0.9768117034914411,0.9750145719340846
B,17,uniform_quarter_2,retained_N,17-32,8842,23,True,0.9865415064465053,0.9733318531748703
B,17,uniform_quarter_2,retained_N,33-64,538,14,True,0.9776951672862454,0.8906578145112121
B,17,uniform_quarter_2,retained_N,65-511,31,3,False,1.0,
B,17,uniform_quarter_2,original_shape,compact,4336,26,True,0.9647140221402214,0.9541010723158152
B,17,uniform_quarter_2,original_shape,elongated,45116,27,True,0.9790096639773029,0.9709807427983624
B,17,uniform_quarter_2,original_shape,intermediate,30998,27,True,0.9653203432479515,0.9648794807603416
B,17,uniform_quarter_2,N_x_original_shape,1-2:elongated,2013,27,True,0.9115747640337805,0.9022743041918676
B,17,uniform_quarter_2,N_x_original_shape,1-2:intermediate,1052,27,True,0.903041825095057,0.8898551438707134
B,17,uniform_quarter_2,N_x_original_shape,1-2:compact,116,19,True,0.8879310344827587,0.8804597701149426
B,17,uniform_quarter_2,N_x_original_shape,3-4:elongated,2275,26,True,0.9481318681318681,0.9382780483677539
B,17,uniform_quarter_2,N_x_original_shape,3-4:intermediate,996,27,True,0.9046184738955824,0.9015079833494155
B,17,uniform_quarter_2,N_x_original_shape,3-4:compact,121,18,True,0.8925619834710744,0.8925326228052197
B,17,uniform_quarter_2,N_x_original_shape,5-8:elongated,19967,27,True,0.9773125657334603,0.9740117326036533
B,17,uniform_quarter_2,N_x_original_shape,5-8:intermediate,15866,27,True,0.9739694945165763,0.9726752558801024
B,17,uniform_quarter_2,N_x_original_shape,5-8:compact,2111,22,True,0.9791567977261961,0.9612514475849111
B,17,uniform_quarter_2,N_x_original_shape,9-16:elongated,14587,26,True,0.9880030163844519,0.9788097403183057
B,17,uniform_quarter_2,N_x_original_shape,9-16:intermediate,10253,25,True,0.9638154686433239,0.9627525742310699
B,17,uniform_quarter_2,N_x_original_shape,9-16:compact,1682,21,True,0.9589774078478003,0.9483487653290787
B,17,uniform_quarter_2,N_x_original_shape,17-32:elongated,5882,20,True,0.9962597755865352,0.9849675662614773
B,17,uniform_quarter_2,N_x_original_shape,17-32:intermediate,2658,22,True,0.9683972911963883,0.9626585496387476
B,17,uniform_quarter_2,N_x_original_shape,17-32:compact,302,14,True,0.956953642384106,0.9534365178200794
B,17,uniform_quarter_2,N_x_original_shape,33-64:elongated,361,12,True,0.997229916897507,0.9608332429206901
B,17,uniform_quarter_2,N_x_original_shape,33-64:intermediate,173,12,True,0.9421965317919075,0.8698073449729079
B,17,uniform_quarter_2,N_x_original_shape,33-64:compact,4,3,False,0.75,
B,17,uniform_quarter_2,N_x_original_shape,65-511:elongated,31,3,False,1.0,
B,17,uniform_quarter_2,N_x_original_shape,65-511:intermediate,0,0,False,,
B,17,uniform_quarter_2,N_x_original_shape,65-511:compact,0,0,False,,
B,17,uniform_quarter_2,history,none,1846,27,True,0.8927410617551462,0.879004194870817
B,17,uniform_quarter_2,history,one_to_five,8062,27,True,0.9399652691639792,0.9272359062281237
B,17,uniform_quarter_2,history,six,70542,27,True,0.9788353037906495,0.9779442209721094
B,17,uniform_quarter_2,current_points,1,0,0,False,,
B,17,uniform_quarter_2,current_points,2,0,0,False,,
B,17,uniform_quarter_2,current_points,ge3,80450,27,True,0.9729645742697327,0.9715108549129237
B,17,uniform_quarter_2,current_range,le20,26404,27,True,0.9751174064535676,0.9744003682879611
B,17,uniform_quarter_2,current_range,20to40,36863,27,True,0.9767788839758023,0.9760297016396449
B,17,uniform_quarter_2,current_range,gt40,17183,27,True,0.9614735494383985,0.9531658260091802
B,17,central_half,retained_N,1-2,1615,27,True,0.9250773993808049,0.9164857829455177
B,17,central_half,retained_N,3-4,1566,27,True,0.929757343550447,0.9213500793530489
B,17,central_half,retained_N,5-8,3392,27,True,0.9366155660377359,0.9297126602121593
B,17,central_half,retained_N,9-16,37944,27,True,0.9763071895424836,0.9762463060351101
B,17,central_half,retained_N,17-32,26522,27,True,0.9721363396425609,0.9702290650345977
B,17,central_half,retained_N,33-64,8842,23,True,0.9670888939154038,0.938668358671332
B,17,central_half,retained_N,65-511,569,14,True,0.961335676625659,0.8279549202858714
B,17,central_half,original_shape,compact,4336,26,True,0.9723247232472325,0.9639069204761912
B,17,central_half,original_shape,elongated,45116,27,True,0.97535242486036,0.9664146120915529
B,17,central_half,original_shape,intermediate,30998,27,True,0.9624169301245241,0.961802006619336
B,17,central_half,N_x_original_shape,1-2:elongated,1081,26,True,0.9296947271045328,0.9248299991948293
B,17,central_half,N_x_original_shape,1-2:intermediate,484,27,True,0.9152892561983471,0.8914008329365666
B,17,central_half,N_x_original_shape,1-2:compact,50,14,False,0.92,0.910873440285205
B,17,central_half,N_x_original_shape,3-4:elongated,932,27,True,0.9420600858369099,0.9324202384788914
B,17,central_half,N_x_original_shape,3-4:intermediate,568,25,True,0.9154929577464789,0.9095145167071568
B,17,central_half,N_x_original_shape,3-4:compact,66,17,False,0.8787878787878788,0.8730769230769231
B,17,central_half,N_x_original_shape,5-8:elongated,2275,26,True,0.9476923076923077,0.9383899435820515
B,17,central_half,N_x_original_shape,5-8:intermediate,996,27,True,0.9156626506024096,0.9127492981482794
B,17,central_half,N_x_original_shape,5-8:compact,121,18,True,0.9008264462809917,0.9007654455986878
B,17,central_half,N_x_original_shape,9-16:elongated,19967,27,True,0.975559673461211,0.972198095024182
B,17,central_half,N_x_original_shape,9-16:intermediate,15866,27,True,0.9759863859826043,0.974697429091423
B,17,central_half,N_x_original_shape,9-16:compact,2111,22,True,0.9857887257224064,0.9733889673255345
B,17,central_half,N_x_original_shape,17-32:elongated,14587,26,True,0.9801878384863234,0.9660664958691274
B,17,central_half,N_x_original_shape,17-32:intermediate,10253,25,True,0.9609870281868721,0.9595461753992295
B,17,central_half,N_x_original_shape,17-32:compact,1682,21,True,0.9702734839476813,0.9625969543869637
B,17,central_half,N_x_original_shape,33-64:elongated,5882,20,True,0.9862291737504251,0.9484743690694377
B,17,central_half,N_x_original_shape,33-64:intermediate,2658,22,True,0.9262603461249059,0.9166150747437316
B,17,central_half,N_x_original_shape,33-64:compact,302,14,True,0.9536423841059603,0.9501438611386255
B,17,central_half,N_x_original_shape,65-511:elongated,392,12,True,0.9872448979591837,0.8496817240585934
B,17,central_half,N_x_original_shape,65-511:intermediate,173,12,True,0.9132947976878613,0.8216862502576788
B,17,central_half,N_x_original_shape,65-511:compact,4,3,False,0.5,
B,17,central_half,history,none,1846,27,True,0.9230769230769231,0.9114865074766367
B,17,central_half,history,one_to_five,8062,27,True,0.9409575787645745,0.9291085524874387
B,17,central_half,history,six,70542,27,True,0.9747809815429106,0.9738539314459228
B,17,central_half,current_points,1,0,0,False,,
B,17,central_half,current_points,2,0,0,False,,
B,17,central_half,current_points,ge3,80450,27,True,0.9702050963331261,0.9687697715247487
B,17,central_half,current_range,le20,26404,27,True,0.9676185426450538,0.966859103281976
B,17,central_half,current_range,20to40,36863,27,True,0.9775113257195562,0.9768653089741455
B,17,central_half,current_range,gt40,17183,27,True,0.9585054996217192,0.9499913891486064
B,17,xy_fraction6,retained_N,1-2,0,0,False,,
B,17,xy_fraction6,retained_N,3-4,1615,27,True,0.9356037151702786,0.9277983926157993
B,17,xy_fraction6,retained_N,5-8,1566,27,True,0.946360153256705,0.9389371657754011
B,17,xy_fraction6,retained_N,9-16,3392,27,True,0.9537146226415094,0.9477388492996358
B,17,xy_fraction6,retained_N,17-32,37944,27,True,0.9841872232764073,0.9841199318016415
B,17,xy_fraction6,retained_N,33-64,26522,27,True,0.9881984767362944,0.9872123722212656
B,17,xy_fraction6,retained_N,65-511,9411,23,True,0.991818085219424,0.9829889164461837
B,17,xy_fraction6,original_shape,compact,4336,26,True,0.9831642066420664,0.9784441014420062
B,17,xy_fraction6,original_shape,elongated,45116,27,True,0.9855040340455714,0.9797509373301785
B,17,xy_fraction6,original_shape,intermediate,30998,27,True,0.9803858313439576,0.9801772134306479
B,17,xy_fraction6,N_x_original_shape,1-2:elongated,0,0,False,,
B,17,xy_fraction6,N_x_original_shape,1-2:intermediate,0,0,False,,
B,17,xy_fraction6,N_x_original_shape,1-2:compact,0,0,False,,
B,17,xy_fraction6,N_x_original_shape,3-4:elongated,1081,26,True,0.9361702127659575,0.9313660266939034
B,17,xy_fraction6,N_x_original_shape,3-4:intermediate,484,27,True,0.9318181818181818,0.9121524626680967
B,17,xy_fraction6,N_x_original_shape,3-4:compact,50,14,False,0.96,0.9554367201426025
B,17,xy_fraction6,N_x_original_shape,5-8:elongated,932,27,True,0.9570815450643777,0.9491543917075832
B,17,xy_fraction6,N_x_original_shape,5-8:intermediate,568,25,True,0.9383802816901409,0.9327011939783141
B,17,xy_fraction6,N_x_original_shape,5-8:compact,66,17,False,0.8636363636363636,0.8581323143061859
B,17,xy_fraction6,N_x_original_shape,9-16:elongated,2275,26,True,0.9564835164835165,0.9476618821644661
B,17,xy_fraction6,N_x_original_shape,9-16:intermediate,996,27,True,0.9528112449799196,0.9505496769123021
B,17,xy_fraction6,N_x_original_shape,9-16:compact,121,18,True,0.9090909090909091,0.9090909090909091
B,17,xy_fraction6,N_x_original_shape,17-32:elongated,19967,27,True,0.984374217458807,0.9819914276278848
B,17,xy_fraction6,N_x_original_shape,17-32:intermediate,15866,27,True,0.9834236732635825,0.9826409786230161
B,17,xy_fraction6,N_x_original_shape,17-32:compact,2111,22,True,0.9881572714353387,0.9782688811613538
B,17,xy_fraction6,N_x_original_shape,33-64:elongated,14587,26,True,0.9917049427572496,0.9851243089388514
B,17,xy_fraction6,N_x_original_shape,33-64:intermediate,10253,25,True,0.983224422120355,0.9828008602086107
B,17,xy_fraction6,N_x_original_shape,33-64:compact,1682,21,True,0.9881093935790726,0.9853684421131379
B,17,xy_fraction6,N_x_original_shape,65-511:elongated,6274,20,True,0.9979279566464775,0.9911036707801909
B,17,xy_fraction6,N_x_original_shape,65-511:intermediate,2831,22,True,0.9795125397386083,0.9751067300578525
B,17,xy_fraction6,N_x_original_shape,65-511:compact,306,14,True,0.9803921568627451,0.9783490566037736
B,17,xy_fraction6,history,none,1846,27,True,0.937703141928494,0.9275518857702539
B,17,xy_fraction6,history,one_to_five,8062,27,True,0.9603076159761845,0.9510632342440208
B,17,xy_fraction6,history,six,70542,27,True,0.987241643276346,0.9866670643599103
B,17,xy_fraction6,current_points,1,0,0,False,,
B,17,xy_fraction6,current_points,2,0,0,False,,
B,17,xy_fraction6,current_points,ge3,80450,27,True,0.9834058421379739,0.9824430965988307
B,17,xy_fraction6,current_range,le20,26404,27,True,0.985986971670959,0.9855162597636873
B,17,xy_fraction6,current_range,20to40,36863,27,True,0.9870330683883569,0.9865891199440516
B,17,xy_fraction6,current_range,gt40,17183,27,True,0.9716580341034744,0.965264405427931
B,17,xy_fraction4,retained_N,1-2,0,0,False,,
B,17,xy_fraction4,retained_N,3-4,1615,27,True,0.9374613003095975,0.9298490754132653
B,17,xy_fraction4,retained_N,5-8,1566,27,True,0.9444444444444444,0.9367883633650701
B,17,xy_fraction4,retained_N,9-16,3392,27,True,0.9540094339622641,0.9480834053154386
B,17,xy_fraction4,retained_N,17-32,37944,27,True,0.984292641787898,0.9842253633739417
B,17,xy_fraction4,retained_N,33-64,26522,27,True,0.9882361812834628,0.9872529380065389
B,17,xy_fraction4,retained_N,65-511,9411,23,True,0.991818085219424,0.9829780779803867
B,17,xy_fraction4,original_shape,compact,4336,26,True,0.9831642066420664,0.9784321748495071
B,17,xy_fraction4,original_shape,elongated,45116,27,True,0.9855705293022431,0.9798431576088009
B,17,xy_fraction4,original_shape,intermediate,30998,27,True,0.9804826117814053,0.9802764720382264
B,17,xy_fraction4,N_x_original_shape,1-2:elongated,0,0,False,,
B,17,xy_fraction4,N_x_original_shape,1-2:intermediate,0,0,False,,
B,17,xy_fraction4,N_x_original_shape,1-2:compact,0,0,False,,
B,17,xy_fraction4,N_x_original_shape,3-4:elongated,1081,26,True,0.9380203515263644,0.933355417224515
B,17,xy_fraction4,N_x_original_shape,3-4:intermediate,484,27,True,0.9338842975206612,0.9145989104303138
B,17,xy_fraction4,N_x_original_shape,3-4:compact,50,14,False,0.96,0.9554367201426025
B,17,xy_fraction4,N_x_original_shape,5-8:elongated,932,27,True,0.9549356223175965,0.9466121112929624
B,17,xy_fraction4,N_x_original_shape,5-8:intermediate,568,25,True,0.9366197183098591,0.9308553806200293
B,17,xy_fraction4,N_x_original_shape,5-8:compact,66,17,False,0.8636363636363636,0.8581323143061859
B,17,xy_fraction4,N_x_original_shape,9-16:elongated,2275,26,True,0.9573626373626374,0.9487192178783153
B,17,xy_fraction4,N_x_original_shape,9-16:intermediate,996,27,True,0.9528112449799196,0.9505496769123021
B,17,xy_fraction4,N_x_original_shape,9-16:compact,121,18,True,0.9008264462809917,0.9008196721311476
B,17,xy_fraction4,N_x_original_shape,17-32:elongated,19967,27,True,0.984424300095157,0.9820483935503848
B,17,xy_fraction4,N_x_original_shape,17-32:intermediate,15866,27,True,0.9835497289802092,0.9827768440135258
B,17,xy_fraction4,N_x_original_shape,17-32:compact,2111,22,True,0.9886309805779252,0.9791136234713667
B,17,xy_fraction4,N_x_original_shape,33-64:elongated,14587,26,True,0.9917049427572496,0.9851243089388514
B,17,xy_fraction4,N_x_original_shape,33-64:intermediate,10253,25,True,0.9833219545498878,0.9829013916696236
B,17,xy_fraction4,N_x_original_shape,33-64:compact,1682,21,True,0.9881093935790726,0.9853684421131379
B,17,xy_fraction4,N_x_original_shape,65-511:elongated,6274,20,True,0.9979279566464775,0.9911036707801909
B,17,xy_fraction4,N_x_original_shape,65-511:intermediate,2831,22,True,0.9795125397386083,0.9750887228521423
B,17,xy_fraction4,N_x_original_shape,65-511:compact,306,14,True,0.9803921568627451,0.9783490566037736
B,17,xy_fraction4,history,none,1846,27,True,0.9393282773564464,0.9294085191057794
B,17,xy_fraction4,history,one_to_five,8062,27,True,0.9600595385760358,0.950770464296334
B,17,xy_fraction4,history,six,70542,27,True,0.9873125230359219,0.9867402387612905
B,17,xy_fraction4,current_points,1,0,0,False,,
B,17,xy_fraction4,current_points,2,0,0,False,,
B,17,xy_fraction4,current_points,ge3,80450,27,True,0.983480422622747,0.9825209271627966
B,17,xy_fraction4,current_range,le20,26404,27,True,0.9861005908195728,0.9856330869852479
B,17,xy_fraction4,current_range,20to40,36863,27,True,0.9870601958603478,0.9866159455739777
B,17,xy_fraction4,current_range,gt40,17183,27,True,0.9717744282139323,0.9654112899283228
B,17,kept_single,retained_N,1-2,0,0,False,,
B,17,kept_single,retained_N,3-4,40406,27,True,0.9682967876058011,0.9680842916529363
B,17,kept_single,retained_N,5-8,26553,27,True,0.9705871276315294,0.9690855675224337
B,17,kept_single,retained_N,9-16,12049,26,True,0.9638974188729356,0.9423340448854456
B,17,kept_single,retained_N,17-32,1357,21,True,0.9616801768607222,0.8609368102415337
B,17,kept_single,retained_N,33-64,85,8,False,1.0,
B,17,kept_single,retained_N,65-511,0,0,False,,
B,17,kept_single,original_shape,compact,4336,26,True,0.9571033210332104,0.9438264980324897
B,17,kept_single,original_shape,elongated,45116,27,True,0.9759508821704052,0.9670268127555952
B,17,kept_single,original_shape,intermediate,30998,27,True,0.958771533647332,0.9582059477417122
B,17,kept_single,N_x_original_shape,1-2:elongated,0,0,False,,
B,17,kept_single,N_x_original_shape,1-2:intermediate,0,0,False,,
B,17,kept_single,N_x_original_shape,1-2:compact,0,0,False,,
B,17,kept_single,N_x_original_shape,3-4:elongated,21829,27,True,0.9717806587566998,0.9681844440734468
B,17,kept_single,N_x_original_shape,3-4:intermediate,16401,27,True,0.963599780501189,0.9625452401090345
B,17,kept_single,N_x_original_shape,3-4:compact,2176,24,True,0.96875,0.9518157034018957
B,17,kept_single,N_x_original_shape,5-8:elongated,14358,27,True,0.9794539629474858,0.9681447190809847
B,17,kept_single,N_x_original_shape,5-8:intermediate,10581,27,True,0.9617238446271619,0.9604568409294703
B,17,kept_single,N_x_original_shape,5-8:compact,1614,24,True,0.949814126394052,0.9329746246504129
B,17,kept_single,N_x_original_shape,9-16:elongated,8030,25,True,0.9801992528019925,0.9329421146282956
B,17,kept_single,N_x_original_shape,9-16:intermediate,3517,26,True,0.931760022746659,0.9291180365071335
B,17,kept_single,N_x_original_shape,9-16:compact,502,19,True,0.9282868525896414,0.9275090252707581
B,17,kept_single,N_x_original_shape,17-32:elongated,816,17,True,0.9816176470588235,0.8761722662296276
B,17,kept_single,N_x_original_shape,17-32:intermediate,497,19,True,0.9275653923541247,0.8485371800081267
B,17,kept_single,N_x_original_shape,17-32:compact,44,9,False,0.9772727272727273,
B,17,kept_single,N_x_original_shape,33-64:elongated,83,8,False,1.0,
B,17,kept_single,N_x_original_shape,33-64:intermediate,2,1,False,1.0,
B,17,kept_single,N_x_original_shape,33-64:compact,0,0,False,,
B,17,kept_single,N_x_original_shape,65-511:elongated,0,0,False,,
B,17,kept_single,N_x_original_shape,65-511:intermediate,0,0,False,,
B,17,kept_single,N_x_original_shape,65-511:compact,0,0,False,,
B,17,kept_single,history,none,1846,27,True,0.937703141928494,0.9275518857702539
B,17,kept_single,history,one_to_five,8062,27,True,0.9469114363681469,0.935831850070548
B,17,kept_single,history,six,70542,27,True,0.9715630404581668,0.9704457145227046
B,17,kept_single,current_points,1,0,0,False,,
B,17,kept_single,current_points,2,0,0,False,,
B,17,kept_single,current_points,ge3,80450,27,True,0.9683157240522063,0.9666930866603645
B,17,kept_single,current_range,le20,26404,27,True,0.9619375852143615,0.9610126035347211
B,17,kept_single,current_range,20to40,36863,27,True,0.9761549521200119,0.9753955965780192
B,17,kept_single,current_range,gt40,17183,27,True,0.9612989582727114,0.9530178796306505
B,17,sparse_single,retained_N,1-2,97734,27,True,0.941637505883316,0.9415369151744435
B,17,sparse_single,retained_N,3-4,0,0,False,,
B,17,sparse_single,retained_N,5-8,0,0,False,,
B,17,sparse_single,retained_N,9-16,0,0,False,,
B,17,sparse_single,retained_N,17-32,0,0,False,,
B,17,sparse_single,retained_N,33-64,0,0,False,,
B,17,sparse_single,retained_N,65-511,0,0,False,,
B,17,sparse_single,original_shape,undefined_low_support,97734,27,True,0.941637505883316,0.9415369151744435
B,17,sparse_single,N_x_original_shape,1-2:elongated,0,0,False,,
B,17,sparse_single,N_x_original_shape,1-2:intermediate,0,0,False,,
B,17,sparse_single,N_x_original_shape,1-2:compact,0,0,False,,
B,17,sparse_single,N_x_original_shape,3-4:elongated,0,0,False,,
B,17,sparse_single,N_x_original_shape,3-4:intermediate,0,0,False,,
B,17,sparse_single,N_x_original_shape,3-4:compact,0,0,False,,
B,17,sparse_single,N_x_original_shape,5-8:elongated,0,0,False,,
B,17,sparse_single,N_x_original_shape,5-8:intermediate,0,0,False,,
B,17,sparse_single,N_x_original_shape,5-8:compact,0,0,False,,
B,17,sparse_single,N_x_original_shape,9-16:elongated,0,0,False,,
B,17,sparse_single,N_x_original_shape,9-16:intermediate,0,0,False,,
B,17,sparse_single,N_x_original_shape,9-16:compact,0,0,False,,
B,17,sparse_single,N_x_original_shape,17-32:elongated,0,0,False,,
B,17,sparse_single,N_x_original_shape,17-32:intermediate,0,0,False,,
B,17,sparse_single,N_x_original_shape,17-32:compact,0,0,False,,
B,17,sparse_single,N_x_original_shape,33-64:elongated,0,0,False,,
B,17,sparse_single,N_x_original_shape,33-64:intermediate,0,0,False,,
B,17,sparse_single,N_x_original_shape,33-64:compact,0,0,False,,
B,17,sparse_single,N_x_original_shape,65-511:elongated,0,0,False,,
B,17,sparse_single,N_x_original_shape,65-511:intermediate,0,0,False,,
B,17,sparse_single,N_x_original_shape,65-511:compact,0,0,False,,
B,17,sparse_single,history,none,97734,27,True,0.941637505883316,0.9415369151744435
B,17,sparse_single,history,one_to_five,0,0,False,,
B,17,sparse_single,history,six,0,0,False,,
B,17,sparse_single,current_points,1,58612,27,True,0.9328294547191701,0.9323855695330028
B,17,sparse_single,current_points,2,39122,27,True,0.9548335974643423,0.9548193387589976
B,17,sparse_single,current_points,ge3,0,0,False,,
B,17,sparse_single,current_range,le20,11734,27,True,0.9361683995227544,0.9302539042128803
B,17,sparse_single,current_range,20to40,33802,26,True,0.9427844506242234,0.9348503683947578
B,17,sparse_single,current_range,gt40,52198,27,True,0.9421242193187478,0.9393524566403162
B,17,sparse_context,retained_N,1-2,29596,27,True,0.9415461548857954,0.9403517683985563
B,17,sparse_context,retained_N,3-4,4536,26,True,0.9647266313932981,0.9646191577198935
B,17,sparse_context,retained_N,5-8,7975,27,True,0.9391849529780564,0.9391021902208339
B,17,sparse_context,retained_N,9-16,6694,26,True,0.9581714968628623,0.957700987560707
B,17,sparse_context,retained_N,17-32,47667,27,True,0.9796714708288753,0.9789762672601932
B,17,sparse_context,retained_N,33-64,1126,25,True,0.9946714031971581,0.9914072039072039
B,17,sparse_context,retained_N,65-511,140,16,True,0.9857142857142858,0.7463768115942029
B,17,sparse_context,original_shape,compact,2856,24,True,0.9807422969187675,0.9672033324487614
B,17,sparse_context,original_shape,elongated,44205,27,True,0.9693926026467594,0.9692669977668196
B,17,sparse_context,original_shape,intermediate,21077,27,True,0.9765621293352944,0.9754804098326684
B,17,sparse_context,original_shape,undefined_low_support,29596,27,True,0.9415461548857954,0.9403517683985563
B,17,sparse_context,N_x_original_shape,1-2:elongated,0,0,False,,
B,17,sparse_context,N_x_original_shape,1-2:intermediate,0,0,False,,
B,17,sparse_context,N_x_original_shape,1-2:compact,0,0,False,,
B,17,sparse_context,N_x_original_shape,3-4:elongated,3285,25,True,0.9659056316590563,0.9658496523332729
B,17,sparse_context,N_x_original_shape,3-4:intermediate,1146,26,True,0.9616055846422339,0.9614928765181692
B,17,sparse_context,N_x_original_shape,3-4:compact,105,18,True,0.9619047619047619,0.9475
B,17,sparse_context,N_x_original_shape,5-8:elongated,5663,26,True,0.9362528695037966,0.9362069108090393
B,17,sparse_context,N_x_original_shape,5-8:intermediate,2084,27,True,0.9452975047984645,0.943416178891531
B,17,sparse_context,N_x_original_shape,5-8:compact,228,20,True,0.956140350877193,0.9521289997480473
B,17,sparse_context,N_x_original_shape,9-16:elongated,4896,26,True,0.9611928104575164,0.9609551220630926
B,17,sparse_context,N_x_original_shape,9-16:intermediate,1577,26,True,0.953709575142676,0.9517731548218258
B,17,sparse_context,N_x_original_shape,9-16:compact,221,19,True,0.9230769230769231,0.922975992783484
B,17,sparse_context,N_x_original_shape,17-32:elongated,29532,27,True,0.9766355140186916,0.9763579265870013
B,17,sparse_context,N_x_original_shape,17-32:intermediate,15880,25,True,0.9838790931989925,0.9829194727220792
B,17,sparse_context,N_x_original_shape,17-32:compact,2255,22,True,0.98980044345898,0.9762240826915081
B,17,sparse_context,N_x_original_shape,33-64:elongated,725,21,True,1.0,1.0
B,17,sparse_context,N_x_original_shape,33-64:intermediate,355,22,True,0.9859154929577465,0.9854423475957319
B,17,sparse_context,N_x_original_shape,33-64:compact,46,12,False,0.9782608695652174,0.9781680113906027
B,17,sparse_context,N_x_original_shape,65-511:elongated,104,10,False,1.0,
B,17,sparse_context,N_x_original_shape,65-511:intermediate,35,13,False,0.9428571428571428,0.7348484848484849
B,17,sparse_context,N_x_original_shape,65-511:compact,1,1,False,1.0,
B,17,sparse_context,history,none,29596,27,True,0.9415461548857954,0.9403517683985563
B,17,sparse_context,history,one_to_five,20891,27,True,0.9536163898329424,0.953423616996019
B,17,sparse_context,history,six,47247,27,True,0.9802527144580608,0.9797075639783853
B,17,sparse_context,current_points,1,58612,27,True,0.9573295570872858,0.9569835078756719
B,17,sparse_context,current_points,2,39122,27,True,0.9710904350493329,0.9710880275173976
B,17,sparse_context,current_points,ge3,0,0,False,,
B,17,sparse_context,current_range,le20,11734,27,True,0.9699164820180671,0.9669730309065576
B,17,sparse_context,current_range,20to40,33802,26,True,0.9644991420625999,0.9590688041954334
B,17,sparse_context,current_range,gt40,52198,27,True,0.9601708877734779,0.9583496861345078
B,37,clean,retained_N,1-2,0,0,False,,
B,37,clean,retained_N,3-4,1615,27,True,0.9343653250773993,0.926675678546586
B,37,clean,retained_N,5-8,1566,27,True,0.9469987228607918,0.9396334760236993
B,37,clean,retained_N,9-16,3392,27,True,0.9528301886792453,0.9468474979971833
B,37,clean,retained_N,17-32,37944,27,True,0.9835810668353363,0.983513282053488
B,37,clean,retained_N,33-64,26522,27,True,0.986991931226906,0.9859310420730816
B,37,clean,retained_N,65-511,9411,23,True,0.9886303262140049,0.9764361748219293
B,37,clean,original_shape,compact,4336,26,True,0.9829335793357934,0.9780697761458239
B,37,clean,original_shape,elongated,45116,27,True,0.985082897419984,0.9791921679481855
B,37,clean,original_shape,intermediate,30998,27,True,0.9781598812826634,0.9779142551651661
B,37,clean,N_x_original_shape,1-2:elongated,0,0,False,,
B,37,clean,N_x_original_shape,1-2:intermediate,0,0,False,,
B,37,clean,N_x_original_shape,1-2:compact,0,0,False,,
B,37,clean,N_x_original_shape,3-4:elongated,1081,26,True,0.938945420906568,0.9345209251101321
B,37,clean,N_x_original_shape,3-4:intermediate,484,27,True,0.9256198347107438,0.9048804454634785
B,37,clean,N_x_original_shape,3-4:compact,50,14,False,0.92,0.910873440285205
B,37,clean,N_x_original_shape,5-8:elongated,932,27,True,0.9570815450643777,0.9489482909728308
B,37,clean,N_x_original_shape,5-8:intermediate,568,25,True,0.9383802816901409,0.9329969700340071
B,37,clean,N_x_original_shape,5-8:compact,66,17,False,0.8787878787878788,0.8730769230769231
B,37,clean,N_x_original_shape,9-16:elongated,2275,26,True,0.9564835164835165,0.947797408748897
B,37,clean,N_x_original_shape,9-16:intermediate,996,27,True,0.9487951807228916,0.9463891630034986
B,37,clean,N_x_original_shape,9-16:compact,121,18,True,0.9173553719008265,0.9173497267759563
B,37,clean,N_x_original_shape,17-32:elongated,19967,27,True,0.9832223168227575,0.9806744127227446
B,37,clean,N_x_original_shape,17-32:intermediate,15866,27,True,0.9831085339720156,0.9822995086608477
B,37,clean,N_x_original_shape,17-32:compact,2111,22,True,0.9905258171482709,0.9825946862261388
B,37,clean,N_x_original_shape,33-64:elongated,14587,26,True,0.9925961472544046,0.9867549893814327
B,37,clean,N_x_original_shape,33-64:intermediate,10253,25,True,0.9795181897981079,0.9789648025116444
B,37,clean,N_x_original_shape,33-64:compact,1682,21,True,0.9839476813317479,0.9800819545947159
B,37,clean,N_x_original_shape,65-511:elongated,6274,20,True,0.996015301243226,0.9830540648258459
B,37,clean,N_x_original_shape,65-511:intermediate,2831,22,True,0.9728011303426352,0.9669877576338927
B,37,clean,N_x_original_shape,65-511:compact,306,14,True,0.9836601307189542,0.9819172448026852
B,37,clean,history,none,1846,27,True,0.9366197183098591,0.9265673815723846
B,37,clean,history,one_to_five,8062,27,True,0.9577028032746217,0.9480784572743943
B,37,clean,history,six,70542,27,True,0.9863060304499447,0.9856984315996176
B,37,clean,current_points,1,0,0,False,,
B,37,clean,current_points,2,0,0,False,,
B,37,clean,current_points,ge3,80450,27,True,0.9822995649471722,0.9812892824655612
B,37,clean,current_range,le20,26404,27,True,0.9850022723829722,0.9845106538303601
B,37,clean,current_range,20to40,36863,27,True,0.9866804112524754,0.9862295762573681
B,37,clean,current_range,gt40,17183,27,True,0.9687481813420241,0.9618192036267638
B,37,uniform_half_0,retained_N,1-2,1615,27,True,0.9312693498452013,0.9219521773411625
B,37,uniform_half_0,retained_N,3-4,1566,27,True,0.9355044699872286,0.9272675267988487
B,37,uniform_half_0,retained_N,5-8,3392,27,True,0.9413325471698113,0.9341104305856732
B,37,uniform_half_0,retained_N,9-16,37944,27,True,0.9801549652118912,0.980074516877331
B,37,uniform_half_0,retained_N,17-32,26522,27,True,0.984955885679813,0.9837449143113826
B,37,uniform_half_0,retained_N,33-64,8842,23,True,0.9907260800723818,0.9813219101461677
B,37,uniform_half_0,retained_N,65-511,569,14,True,0.9824253075571178,0.8992421022807764
B,37,uniform_half_0,original_shape,compact,4336,26,True,0.9760147601476015,0.9692647264098269
B,37,uniform_half_0,original_shape,elongated,45116,27,True,0.9834648461743062,0.9769948486260402
B,37,uniform_half_0,original_shape,intermediate,30998,27,True,0.9740305826182334,0.9737428362392219
B,37,uniform_half_0,N_x_original_shape,1-2:elongated,1081,26,True,0.9306197964847364,0.9247463932568313
B,37,uniform_half_0,N_x_original_shape,1-2:intermediate,484,27,True,0.9359504132231405,0.9152962429785192
B,37,uniform_half_0,N_x_original_shape,1-2:compact,50,14,False,0.9,0.8869289914066034
B,37,uniform_half_0,N_x_original_shape,3-4:elongated,932,27,True,0.9474248927038627,0.9380230845960196
B,37,uniform_half_0,N_x_original_shape,3-4:intermediate,568,25,True,0.9242957746478874,0.9185386044432882
B,37,uniform_half_0,N_x_original_shape,3-4:compact,66,17,False,0.8636363636363636,0.8581323143061859
B,37,uniform_half_0,N_x_original_shape,5-8:elongated,2275,26,True,0.9476923076923077,0.9374657126852959
B,37,uniform_half_0,N_x_original_shape,5-8:intermediate,996,27,True,0.9347389558232931,0.9318519859661829
B,37,uniform_half_0,N_x_original_shape,5-8:compact,121,18,True,0.8760330578512396,0.8759991801598688
B,37,uniform_half_0,N_x_original_shape,9-16:elongated,19967,27,True,0.9805679370962087,0.977657061089881
B,37,uniform_half_0,N_x_original_shape,9-16:intermediate,15866,27,True,0.9788856674650196,0.9778812457216026
B,37,uniform_half_0,N_x_original_shape,9-16:compact,2111,22,True,0.9857887257224064,0.9741941635535041
B,37,uniform_half_0,N_x_original_shape,17-32:elongated,14587,26,True,0.9928018098306711,0.9872163904897828
B,37,uniform_half_0,N_x_original_shape,17-32:intermediate,10253,25,True,0.9750316980395982,0.974353755215686
B,37,uniform_half_0,N_x_original_shape,17-32:compact,1682,21,True,0.9774078478002378,0.9720576997396202
B,37,uniform_half_0,N_x_original_shape,33-64:elongated,5882,20,True,0.9986399183951037,0.994454751830818
B,37,uniform_half_0,N_x_original_shape,33-64:intermediate,2658,22,True,0.9747930775018812,0.9698416690163564
B,37,uniform_half_0,N_x_original_shape,33-64:compact,302,14,True,0.9768211920529801,0.9747235009266455
B,37,uniform_half_0,N_x_original_shape,65-511:elongated,392,12,True,0.9948979591836735,0.8987080103359173
B,37,uniform_half_0,N_x_original_shape,65-511:intermediate,173,12,True,0.953757225433526,0.8916040100250626
B,37,uniform_half_0,N_x_original_shape,65-511:compact,4,3,False,1.0,
B,37,uniform_half_0,history,none,1846,27,True,0.9312026002166848,0.9191397235308503
B,37,uniform_half_0,history,one_to_five,8062,27,True,0.9487720168692632,0.9374578624140444
B,37,uniform_half_0,history,six,70542,27,True,0.9841938136145842,0.9834958163300596
B,37,uniform_half_0,current_points,1,0,0,False,,
B,37,uniform_half_0,current_points,2,0,0,False,,
B,37,uniform_half_0,current_points,ge3,80450,27,True,0.9794282162834058,0.9782600134021338
B,37,uniform_half_0,current_range,le20,26404,27,True,0.9821617936676261,0.9815890650675148
B,37,uniform_half_0,current_range,20to40,36863,27,True,0.9836692618614872,0.9831180479401811
B,37,uniform_half_0,current_range,gt40,17183,27,True,0.9661293138567189,0.9585920824581384
B,37,uniform_half_1,retained_N,1-2,1615,27,True,0.9250773993808049,0.9154885051133315
B,37,uniform_half_1,retained_N,3-4,1566,27,True,0.9348659003831418,0.92614956133213
B,37,uniform_half_1,retained_N,5-8,3392,27,True,0.9419221698113207,0.9348864339169276
B,37,uniform_half_1,retained_N,9-16,37944,27,True,0.9792061986084757,0.9791219041383987
B,37,uniform_half_1,retained_N,17-32,26522,27,True,0.9846542493024659,0.983413089216483
B,37,uniform_half_1,retained_N,33-64,8842,23,True,0.9881248586292694,0.976136900336519
B,37,uniform_half_1,retained_N,65-511,569,14,True,0.9789103690685413,0.8790905227369317
B,37,uniform_half_1,original_shape,compact,4336,26,True,0.9739391143911439,0.9663896051762291
B,37,uniform_half_1,original_shape,elongated,45116,27,True,0.9827112332653604,0.9759132384423972
B,37,uniform_half_1,original_shape,intermediate,30998,27,True,0.9729014775146784,0.9725972778576872
B,37,uniform_half_1,N_x_original_shape,1-2:elongated,1081,26,True,0.9315448658649399,0.9258738277919865
B,37,uniform_half_1,N_x_original_shape,1-2:intermediate,484,27,True,0.9132231404958677,0.8884743679775281
B,37,uniform_half_1,N_x_original_shape,1-2:compact,50,14,False,0.9,0.8869289914066034
B,37,uniform_half_1,N_x_original_shape,3-4:elongated,932,27,True,0.9452789699570815,0.9351066197200405
B,37,uniform_half_1,N_x_original_shape,3-4:intermediate,568,25,True,0.9295774647887324,0.9236713028287308
B,37,uniform_half_1,N_x_original_shape,3-4:compact,66,17,False,0.8333333333333334,0.8285714285714285
B,37,uniform_half_1,N_x_original_shape,5-8:elongated,2275,26,True,0.9516483516483516,0.9420717592592592
B,37,uniform_half_1,N_x_original_shape,5-8:intermediate,996,27,True,0.927710843373494,0.9249208502939846
B,37,uniform_half_1,N_x_original_shape,5-8:compact,121,18,True,0.8760330578512396,0.8759991801598688
B,37,uniform_half_1,N_x_original_shape,9-16:elongated,19967,27,True,0.9788150448239595,0.9756223101744759
B,37,uniform_half_1,N_x_original_shape,9-16:intermediate,15866,27,True,0.978948695323333,0.9779429225581409
B,37,uniform_half_1,N_x_original_shape,9-16:compact,2111,22,True,0.9848413074372335,0.9720858581350682
B,37,uniform_half_1,N_x_original_shape,17-32:elongated,14587,26,True,0.99287036402276,0.9872992609994464
B,37,uniform_half_1,N_x_original_shape,17-32:intermediate,10253,25,True,0.97405637374427,0.9733554165147495
B,37,uniform_half_1,N_x_original_shape,17-32:compact,1682,21,True,0.9780023781212842,0.9726693235839838
B,37,uniform_half_1,N_x_original_shape,33-64:elongated,5882,20,True,0.9974498469908194,0.98966486542713
B,37,uniform_half_1,N_x_original_shape,33-64:intermediate,2658,22,True,0.9710308502633559,0.9653404255859619
B,37,uniform_half_1,N_x_original_shape,33-64:compact,302,14,True,0.956953642384106,0.9532502173162338
B,37,uniform_half_1,N_x_original_shape,65-511:elongated,392,12,True,0.9923469387755102,0.8313978494623655
B,37,uniform_half_1,N_x_original_shape,65-511:intermediate,173,12,True,0.9479768786127167,0.8804973520607875
B,37,uniform_half_1,N_x_original_shape,65-511:compact,4,3,False,1.0,
B,37,uniform_half_1,history,none,1846,27,True,0.9252437703141928,0.9127728288738413
B,37,uniform_half_1,history,one_to_five,8062,27,True,0.9491441329694865,0.9378721184596017
B,37,uniform_half_1,history,six,70542,27,True,0.9832014969805223,0.9824588246690986
B,37,uniform_half_1,current_points,1,0,0,False,,
B,37,uniform_half_1,current_points,2,0,0,False,,
B,37,uniform_half_1,current_points,ge3,80450,27,True,0.9784586699813549,0.9772356870608517
B,37,uniform_half_1,current_range,le20,26404,27,True,0.9811013482805635,0.9804956474123823
B,37,uniform_half_1,current_range,20to40,36863,27,True,0.9825841629818517,0.9819930342441331
B,37,uniform_half_1,current_range,gt40,17183,27,True,0.9655473433044288,0.9579214345169778
B,37,uniform_half_2,retained_N,1-2,1615,27,True,0.9238390092879257,0.9142524146117736
B,37,uniform_half_2,retained_N,3-4,1566,27,True,0.9355044699872286,0.9269822554591574
B,37,uniform_half_2,retained_N,5-8,3392,27,True,0.9442806603773585,0.9373939884408643
B,37,uniform_half_2,retained_N,9-16,37944,27,True,0.9793379717478389,0.9792540020405884
B,37,uniform_half_2,retained_N,17-32,26522,27,True,0.9844657265666239,0.9832164195176166
B,37,uniform_half_2,retained_N,33-64,8842,23,True,0.9907260800723818,0.9813820452870057
B,37,uniform_half_2,retained_N,65-511,569,14,True,0.984182776801406,0.9109468741848534
B,37,uniform_half_2,original_shape,compact,4336,26,True,0.9725553505535055,0.9646249196237483
B,37,uniform_half_2,original_shape,elongated,45116,27,True,0.9830215444631616,0.9763548723493044
B,37,uniform_half_2,original_shape,intermediate,30998,27,True,0.9737079811600748,0.9734115542591237
B,37,uniform_half_2,N_x_original_shape,1-2:elongated,1081,26,True,0.9287696577243293,0.9230800508259212
B,37,uniform_half_2,N_x_original_shape,1-2:intermediate,484,27,True,0.9152892561983471,0.8908560899815747
B,37,uniform_half_2,N_x_original_shape,1-2:compact,50,14,False,0.9,0.8869289914066034
B,37,uniform_half_2,N_x_original_shape,3-4:elongated,932,27,True,0.9409871244635193,0.9305705110232521
B,37,uniform_half_2,N_x_original_shape,3-4:intermediate,568,25,True,0.9330985915492958,0.9273324714501185
B,37,uniform_half_2,N_x_original_shape,3-4:compact,66,17,False,0.8787878787878788,0.8730769230769231
B,37,uniform_half_2,N_x_original_shape,5-8:elongated,2275,26,True,0.9538461538461539,0.9445858875247203
B,37,uniform_half_2,N_x_original_shape,5-8:intermediate,996,27,True,0.9307228915662651,0.927842379634928
B,37,uniform_half_2,N_x_original_shape,5-8:compact,121,18,True,0.8760330578512396,0.8758974358974358
B,37,uniform_half_2,N_x_original_shape,9-16:elongated,19967,27,True,0.9799168628236591,0.9768843928922823
B,37,uniform_half_2,N_x_original_shape,9-16:intermediate,15866,27,True,0.9780663053069457,0.9770183744018953
B,37,uniform_half_2,N_x_original_shape,9-16:compact,2111,22,True,0.9834201800094742,0.9693603895794223
B,37,uniform_half_2,N_x_original_shape,17-32:elongated,14587,26,True,0.9921162679097827,0.9859808451363192
B,37,uniform_half_2,N_x_original_shape,17-32:intermediate,10253,25,True,0.9755193601872623,0.9748472641356623
B,37,uniform_half_2,N_x_original_shape,17-32:compact,1682,21,True,0.9726516052318668,0.966131460988934
B,37,uniform_half_2,N_x_original_shape,33-64:elongated,5882,20,True,0.9979598775926556,0.9917021111510816
B,37,uniform_half_2,N_x_original_shape,33-64:intermediate,2658,22,True,0.9770504138449962,0.9726022119584861
B,37,uniform_half_2,N_x_original_shape,33-64:compact,302,14,True,0.9701986754966887,0.9676347658343156
B,37,uniform_half_2,N_x_original_shape,65-511:elongated,392,12,True,0.9974489795918368,0.9538986240150535
B,37,uniform_half_2,N_x_original_shape,65-511:intermediate,173,12,True,0.9595375722543352,0.9031587365053978
B,37,uniform_half_2,N_x_original_shape,65-511:compact,4,3,False,0.75,
B,37,uniform_half_2,history,none,1846,27,True,0.9236186348862405,0.9110883231134629
B,37,uniform_half_2,history,one_to_five,8062,27,True,0.9492681716695609,0.9380635974027703
B,37,uniform_half_2,history,six,70542,27,True,0.9836976552975533,0.9829776441476481
B,37,uniform_half_2,current_points,1,0,0,False,,
B,37,uniform_half_2,current_points,2,0,0,False,,
B,37,uniform_half_2,current_points,ge3,80450,27,True,0.9788688626476072,0.9776714782795638
B,37,uniform_half_2,current_range,le20,26404,27,True,0.9812528404787153,0.9806557201407984
B,37,uniform_half_2,current_range,20to40,36863,27,True,0.9829096926457423,0.9823342722826418
B,37,uniform_half_2,current_range,gt40,17183,27,True,0.9665366932433219,0.9590727148829781
B,37,uniform_quarter_0,retained_N,1-2,3181,27,True,0.9104055328513047,0.9001378112194481
B,37,uniform_quarter_0,retained_N,3-4,3392,27,True,0.9277712264150944,0.9194026970186737
B,37,uniform_quarter_0,retained_N,5-8,37944,27,True,0.9744096563356526,0.9743150368463459
B,37,uniform_quarter_0,retained_N,9-16,26522,27,True,0.9771133398687881,0.9753406602121044
B,37,uniform_quarter_0,retained_N,17-32,8842,23,True,0.982470029405112,0.9657591940764962
B,37,uniform_quarter_0,retained_N,33-64,538,14,True,0.9776951672862454,0.8869747899159663
B,37,uniform_quarter_0,retained_N,65-511,31,3,False,1.0,
B,37,uniform_quarter_0,original_shape,compact,4336,26,True,0.9630996309963099,0.9521799164471972
B,37,uniform_quarter_0,original_shape,elongated,45116,27,True,0.9785663622661583,0.9703122997721728
B,37,uniform_quarter_0,original_shape,intermediate,30998,27,True,0.9629653526033938,0.9624871088817422
B,37,uniform_quarter_0,N_x_original_shape,1-2:elongated,2013,27,True,0.9195230998509687,0.9108766233766233
B,37,uniform_quarter_0,N_x_original_shape,1-2:intermediate,1052,27,True,0.8963878326996197,0.8822080394132796
B,37,uniform_quarter_0,N_x_original_shape,1-2:compact,116,19,True,0.8793103448275862,0.8718434343434344
B,37,uniform_quarter_0,N_x_original_shape,3-4:elongated,2275,26,True,0.9384615384615385,0.9265858380969942
B,37,uniform_quarter_0,N_x_original_shape,3-4:intermediate,996,27,True,0.9116465863453815,0.908594502822007
B,37,uniform_quarter_0,N_x_original_shape,3-4:compact,121,18,True,0.859504132231405,0.8593504273504273
B,37,uniform_quarter_0,N_x_original_shape,5-8:elongated,19967,27,True,0.9760604998247108,0.9725199876077983
B,37,uniform_quarter_0,N_x_original_shape,5-8:intermediate,15866,27,True,0.9716374637589815,0.9702418092139732
B,37,uniform_quarter_0,N_x_original_shape,5-8:compact,2111,22,True,0.9796305068687826,0.9624460673929529
B,37,uniform_quarter_0,N_x_original_shape,9-16:elongated,14587,26,True,0.988414341536985,0.9795297322927854
B,37,uniform_quarter_0,N_x_original_shape,9-16:intermediate,10253,25,True,0.9646932605091193,0.9636450234829195
B,37,uniform_quarter_0,N_x_original_shape,9-16:compact,1682,21,True,0.9548156956004756,0.9433006883826556
B,37,uniform_quarter_0,N_x_original_shape,17-32:elongated,5882,20,True,0.9969398163889833,0.9878160938587479
B,37,uniform_quarter_0,N_x_original_shape,17-32:intermediate,2658,22,True,0.9522197140707299,0.9443232624048671
B,37,uniform_quarter_0,N_x_original_shape,17-32:compact,302,14,True,0.9668874172185431,0.9639652539137076
B,37,uniform_quarter_0,N_x_original_shape,33-64:elongated,361,12,True,1.0,1.0
B,37,uniform_quarter_0,N_x_original_shape,33-64:intermediate,173,12,True,0.930635838150289,0.8437688139674895
B,37,uniform_quarter_0,N_x_original_shape,33-64:compact,4,3,False,1.0,
B,37,uniform_quarter_0,N_x_original_shape,65-511:elongated,31,3,False,1.0,
B,37,uniform_quarter_0,N_x_original_shape,65-511:intermediate,0,0,False,,
B,37,uniform_quarter_0,N_x_original_shape,65-511:compact,0,0,False,,
B,37,uniform_quarter_0,history,none,1846,27,True,0.9014084507042254,0.8885048179224858
B,37,uniform_quarter_0,history,one_to_five,8062,27,True,0.9381046886628628,0.9247624533758007
B,37,uniform_quarter_0,history,six,70542,27,True,0.9774035326472172,0.9764500699968817
B,37,uniform_quarter_0,current_points,1,0,0,False,,
B,37,uniform_quarter_0,current_points,2,0,0,False,,
B,37,uniform_quarter_0,current_points,ge3,80450,27,True,0.9717215661901802,0.9701932387572778
B,37,uniform_quarter_0,current_range,le20,26404,27,True,0.9729207695803667,0.972136064418756
B,37,uniform_quarter_0,current_range,20to40,36863,27,True,0.9770772861677021,0.9763313906976234
B,37,uniform_quarter_0,current_range,gt40,17183,27,True,0.9583891055112611,0.9494011803725912
B,37,uniform_quarter_1,retained_N,1-2,3181,27,True,0.9100911662999057,0.899445992809534
B,37,uniform_quarter_1,retained_N,3-4,3392,27,True,0.9348466981132075,0.92723612451837
B,37,uniform_quarter_1,retained_N,5-8,37944,27,True,0.9746995572422518,0.9746077140740537
B,37,uniform_quarter_1,retained_N,9-16,26522,27,True,0.9777166126234824,0.975961218162833
B,37,uniform_quarter_1,retained_N,17-32,8842,23,True,0.9842795747568424,0.9691794640868227
B,37,uniform_quarter_1,retained_N,33-64,538,14,True,0.9739776951672863,0.8681372549019608
B,37,uniform_quarter_1,retained_N,65-511,31,3,False,1.0,
B,37,uniform_quarter_1,original_shape,compact,4336,26,True,0.9640221402214022,0.953295257854621
B,37,uniform_quarter_1,original_shape,elongated,45116,27,True,0.9787658480361734,0.9705743123419415
B,37,uniform_quarter_1,original_shape,intermediate,30998,27,True,0.9646106200400025,0.9641685706140635
B,37,uniform_quarter_1,N_x_original_shape,1-2:elongated,2013,27,True,0.9165424739195231,0.907384403036577
B,37,uniform_quarter_1,N_x_original_shape,1-2:intermediate,1052,27,True,0.8973384030418251,0.8826668869795109
B,37,uniform_quarter_1,N_x_original_shape,1-2:compact,116,19,True,0.9137931034482759,0.9076138897738133
B,37,uniform_quarter_1,N_x_original_shape,3-4:elongated,2275,26,True,0.9432967032967033,0.9324394475815521
B,37,uniform_quarter_1,N_x_original_shape,3-4:intermediate,996,27,True,0.9236947791164659,0.9209375195838817
B,37,uniform_quarter_1,N_x_original_shape,3-4:compact,121,18,True,0.8677685950413223,0.86775956284153
B,37,uniform_quarter_1,N_x_original_shape,5-8:elongated,19967,27,True,0.975409425552161,0.971783097498051
B,37,uniform_quarter_1,N_x_original_shape,5-8:intermediate,15866,27,True,0.9736543552250094,0.9723563632032317
B,37,uniform_quarter_1,N_x_original_shape,5-8:compact,2111,22,True,0.9758408337280909,0.954924832853739
B,37,uniform_quarter_1,N_x_original_shape,9-16:elongated,14587,26,True,0.9898539795708508,0.9820130252173375
B,37,uniform_quarter_1,N_x_original_shape,9-16:intermediate,10253,25,True,0.9630352092070613,0.9619750420441935
B,37,uniform_quarter_1,N_x_original_shape,9-16:compact,1682,21,True,0.9619500594530321,0.9524443148585009
B,37,uniform_quarter_1,N_x_original_shape,17-32:elongated,5882,20,True,0.9965997959877593,0.9864623265097199
B,37,uniform_quarter_1,N_x_original_shape,17-32:intermediate,2658,22,True,0.9608728367193379,0.954115849711282
B,37,uniform_quarter_1,N_x_original_shape,17-32:compact,302,14,True,0.9503311258278145,0.9466826736344056
B,37,uniform_quarter_1,N_x_original_shape,33-64:elongated,361,12,True,0.9944598337950139,0.9152582159624414
B,37,uniform_quarter_1,N_x_original_shape,33-64:intermediate,173,12,True,0.930635838150289,0.8437688139674895
B,37,uniform_quarter_1,N_x_original_shape,33-64:compact,4,3,False,1.0,
B,37,uniform_quarter_1,N_x_original_shape,65-511:elongated,31,3,False,1.0,
B,37,uniform_quarter_1,N_x_original_shape,65-511:intermediate,0,0,False,,
B,37,uniform_quarter_1,N_x_original_shape,65-511:compact,0,0,False,,
B,37,uniform_quarter_1,history,none,1846,27,True,0.9068255687973997,0.8941863689200287
B,37,uniform_quarter_1,history,one_to_five,8062,27,True,0.9379806499627884,0.9246403732423409
B,37,uniform_quarter_1,history,six,70542,27,True,0.9781832100025517,0.9772546507032205
B,37,uniform_quarter_1,current_points,1,0,0,False,,
B,37,uniform_quarter_1,current_points,2,0,0,False,,
B,37,uniform_quarter_1,current_points,ge3,80450,27,True,0.9725170913610939,0.9710203892564859
B,37,uniform_quarter_1,current_range,le20,26404,27,True,0.9742084532646569,0.9734534049059798
B,37,uniform_quarter_1,current_range,20to40,36863,27,True,0.9777012180234924,0.9769671259026216
B,37,uniform_quarter_1,current_range,gt40,17183,27,True,0.9587964848978642,0.9498756132320071
B,37,uniform_quarter_2,retained_N,1-2,3181,27,True,0.9107198994027036,0.899919084816483
B,37,uniform_quarter_2,retained_N,3-4,3392,27,True,0.9301297169811321,0.9222312092662712
B,37,uniform_quarter_2,retained_N,5-8,37944,27,True,0.9754901960784313,0.9753985420131221
B,37,uniform_quarter_2,retained_N,9-16,26522,27,True,0.9776412035291456,0.9759188401677654
B,37,uniform_quarter_2,retained_N,17-32,8842,23,True,0.9850712508482243,0.9708310840800853
B,37,uniform_quarter_2,retained_N,33-64,538,14,True,0.9776951672862454,0.8869747899159663
B,37,uniform_quarter_2,retained_N,65-511,31,3,False,1.0,
B,37,uniform_quarter_2,original_shape,compact,4336,26,True,0.9624077490774908,0.9509593168021002
B,37,uniform_quarter_2,original_shape,elongated,45116,27,True,0.9797854419718061,0.9719963115472574
B,37,uniform_quarter_2,original_shape,intermediate,30998,27,True,0.9640944577069488,0.9636380112430327
B,37,uniform_quarter_2,N_x_original_shape,1-2:elongated,2013,27,True,0.9180327868852459,0.9089433181099292
B,37,uniform_quarter_2,N_x_original_shape,1-2:intermediate,1052,27,True,0.8973384030418251,0.8821190678757445
B,37,uniform_quarter_2,N_x_original_shape,1-2:compact,116,19,True,0.9051724137931034,0.8978791516606643
B,37,uniform_quarter_2,N_x_original_shape,3-4:elongated,2275,26,True,0.9459340659340659,0.935689578022969
B,37,uniform_quarter_2,N_x_original_shape,3-4:intermediate,996,27,True,0.9016064257028112,0.8983601504479701
B,37,uniform_quarter_2,N_x_original_shape,3-4:compact,121,18,True,0.8677685950413223,0.8675424192665572
B,37,uniform_quarter_2,N_x_original_shape,5-8:elongated,19967,27,True,0.9771623178244103,0.9737804284267753
B,37,uniform_quarter_2,N_x_original_shape,5-8:intermediate,15866,27,True,0.9732761880751292,0.9719723873529938
B,37,uniform_quarter_2,N_x_original_shape,5-8:compact,2111,22,True,0.9763145428706774,0.9560726675855824
B,37,uniform_quarter_2,N_x_original_shape,9-16:elongated,14587,26,True,0.9899225337629396,0.9821945008700559
B,37,uniform_quarter_2,N_x_original_shape,9-16:intermediate,10253,25,True,0.9634253389251927,0.9623330254207051
B,37,uniform_quarter_2,N_x_original_shape,9-16:compact,1682,21,True,0.9577883472057075,0.9465597581401926
B,37,uniform_quarter_2,N_x_original_shape,17-32:elongated,5882,20,True,0.9965997959877593,0.9864623265097199
B,37,uniform_quarter_2,N_x_original_shape,17-32:intermediate,2658,22,True,0.9635063957863055,0.9573621649368773
B,37,uniform_quarter_2,N_x_original_shape,17-32:compact,302,14,True,0.9503311258278145,0.9466826736344056
B,37,uniform_quarter_2,N_x_original_shape,33-64:elongated,361,12,True,0.997229916897507,0.9608332429206901
B,37,uniform_quarter_2,N_x_original_shape,33-64:intermediate,173,12,True,0.9364161849710982,0.8539412080742959
B,37,uniform_quarter_2,N_x_original_shape,33-64:compact,4,3,False,1.0,
B,37,uniform_quarter_2,N_x_original_shape,65-511:elongated,31,3,False,1.0,
B,37,uniform_quarter_2,N_x_original_shape,65-511:intermediate,0,0,False,,
B,37,uniform_quarter_2,N_x_original_shape,65-511:compact,0,0,False,,
B,37,uniform_quarter_2,history,none,1846,27,True,0.8981581798483207,0.8842446389666043
B,37,uniform_quarter_2,history,one_to_five,8062,27,True,0.9388489208633094,0.9257236562610311
B,37,uniform_quarter_2,history,six,70542,27,True,0.9786368404638371,0.9777350203226846
B,37,uniform_quarter_2,current_points,1,0,0,False,,
B,37,uniform_quarter_2,current_points,2,0,0,False,,
B,37,uniform_quarter_2,current_points,ge3,80450,27,True,0.972802983219391,0.9713315703879248
B,37,uniform_quarter_2,current_range,le20,26404,27,True,0.9734131192243599,0.9726444694333114
B,37,uniform_quarter_2,current_range,20to40,36863,27,True,0.9777826004394651,0.9770642104921511
B,37,uniform_quarter_2,current_range,gt40,17183,27,True,0.9611825641622533,0.9527018707232918
B,37,central_half,retained_N,1-2,1615,27,True,0.9256965944272446,0.9173580502981592
B,37,central_half,retained_N,3-4,1566,27,True,0.9272030651340997,0.9182594394221331
B,37,central_half,retained_N,5-8,3392,27,True,0.9372051886792453,0.9302805401150623
B,37,central_half,retained_N,9-16,37944,27,True,0.9770978283786633,0.9770363680393357
B,37,central_half,retained_N,17-32,26522,27,True,0.9713822486991931,0.969442009987355
B,37,central_half,retained_N,33-64,8842,23,True,0.9674281836688532,0.9394914565556767
B,37,central_half,retained_N,65-511,569,14,True,0.9507908611599297,0.7976529160739687
B,37,central_half,original_shape,compact,4336,26,True,0.9688653136531366,0.959240875936805
B,37,central_half,original_shape,elongated,45116,27,True,0.9757957265715046,0.9669898465755149
B,37,central_half,original_shape,intermediate,30998,27,True,0.96244919027034,0.9618306592675401
B,37,central_half,N_x_original_shape,1-2:elongated,1081,26,True,0.9278445883441259,0.922929128215628
B,37,central_half,N_x_original_shape,1-2:intermediate,484,27,True,0.9194214876033058,0.8972068986173358
B,37,central_half,N_x_original_shape,1-2:compact,50,14,False,0.94,0.9340659340659341
B,37,central_half,N_x_original_shape,3-4:elongated,932,27,True,0.9388412017167382,0.9283246196917057
B,37,central_half,N_x_original_shape,3-4:intermediate,568,25,True,0.9154929577464789,0.9093375897845171
B,37,central_half,N_x_original_shape,3-4:compact,66,17,False,0.8636363636363636,0.8581323143061859
B,37,central_half,N_x_original_shape,5-8:elongated,2275,26,True,0.9454945054945055,0.9357235689664916
B,37,central_half,N_x_original_shape,5-8:intermediate,996,27,True,0.9246987951807228,0.9220080372440334
B,37,central_half,N_x_original_shape,5-8:compact,121,18,True,0.8842975206611571,0.8842263531984691
B,37,central_half,N_x_original_shape,9-16:elongated,19967,27,True,0.9762107477337607,0.9729183048724722
B,37,central_half,N_x_original_shape,9-16:intermediate,15866,27,True,0.9773099710071852,0.9761099010802945
B,37,central_half,N_x_original_shape,9-16:compact,2111,22,True,0.9838938891520607,0.9697675554911561
B,37,central_half,N_x_original_shape,17-32:elongated,14587,26,True,0.9821073558648111,0.9692702963923376
B,37,central_half,N_x_original_shape,17-32:intermediate,10253,25,True,0.9571832634350922,0.9555350628471067
B,37,central_half,N_x_original_shape,17-32:compact,1682,21,True,0.964922711058264,0.9555919116939628
B,37,central_half,N_x_original_shape,33-64:elongated,5882,20,True,0.9846990819449167,0.9435474927058984
B,37,central_half,N_x_original_shape,33-64:intermediate,2658,22,True,0.9307750188111362,0.9216748919945267
B,37,central_half,N_x_original_shape,33-64:compact,302,14,True,0.9536423841059603,0.9501438611386255
B,37,central_half,N_x_original_shape,65-511:elongated,392,12,True,0.9821428571428571,0.8112143102855177
B,37,central_half,N_x_original_shape,65-511:intermediate,173,12,True,0.8901734104046243,0.7883315087900058
B,37,central_half,N_x_original_shape,65-511:compact,4,3,False,0.5,
B,37,central_half,history,none,1846,27,True,0.9230769230769231,0.9117243738954265
B,37,central_half,history,one_to_five,8062,27,True,0.9400893078640535,0.9279869984215174
B,37,central_half,history,six,70542,27,True,0.9749652689178079,0.974045136869113
B,37,central_half,current_points,1,0,0,False,,
B,37,central_half,current_points,2,0,0,False,,
B,37,central_half,current_points,ge3,80450,27,True,0.9702796768178993,0.9688475967387185
B,37,central_half,current_range,le20,26404,27,True,0.9673534312982881,0.9665810930747236
B,37,central_half,current_range,20to40,36863,27,True,0.9774299433035836,0.976794725556303
B,37,central_half,current_range,gt40,17183,27,True,0.9594366525053832,0.9509826697862289
B,37,xy_fraction6,retained_N,1-2,0,0,False,,
B,37,xy_fraction6,retained_N,3-4,1615,27,True,0.934984520123839,0.9273348305593515
B,37,xy_fraction6,retained_N,5-8,1566,27,True,0.9469987228607918,0.9396334760236993
B,37,xy_fraction6,retained_N,9-16,3392,27,True,0.9528301886792453,0.9468474979971833
B,37,xy_fraction6,retained_N,17-32,37944,27,True,0.9835810668353363,0.983513282053488
B,37,xy_fraction6,retained_N,33-64,26522,27,True,0.9870673403212428,0.9860126012494695
B,37,xy_fraction6,retained_N,65-511,9411,23,True,0.9888428434810328,0.9768766201523605
B,37,xy_fraction6,original_shape,compact,4336,26,True,0.9824723247232472,0.9774770673930082
B,37,xy_fraction6,original_shape,elongated,45116,27,True,0.9851937228477702,0.9793474375640323
B,37,xy_fraction6,original_shape,intermediate,30998,27,True,0.9782244015742951,0.9779798040252916
B,37,xy_fraction6,N_x_original_shape,1-2:elongated,0,0,False,,
B,37,xy_fraction6,N_x_original_shape,1-2:intermediate,0,0,False,,
B,37,xy_fraction6,N_x_original_shape,1-2:compact,0,0,False,,
B,37,xy_fraction6,N_x_original_shape,3-4:elongated,1081,26,True,0.9398704902867715,0.9354796944456433
B,37,xy_fraction6,N_x_original_shape,3-4:intermediate,484,27,True,0.9256198347107438,0.9048804454634785
B,37,xy_fraction6,N_x_original_shape,3-4:compact,50,14,False,0.92,0.910873440285205
B,37,xy_fraction6,N_x_original_shape,5-8:elongated,932,27,True,0.9570815450643777,0.9489482909728308
B,37,xy_fraction6,N_x_original_shape,5-8:intermediate,568,25,True,0.9383802816901409,0.9329969700340071
B,37,xy_fraction6,N_x_original_shape,5-8:compact,66,17,False,0.8787878787878788,0.8730769230769231
B,37,xy_fraction6,N_x_original_shape,9-16:elongated,2275,26,True,0.9564835164835165,0.947797408748897
B,37,xy_fraction6,N_x_original_shape,9-16:intermediate,996,27,True,0.9487951807228916,0.9463891630034986
B,37,xy_fraction6,N_x_original_shape,9-16:compact,121,18,True,0.9173553719008265,0.9173497267759563
B,37,xy_fraction6,N_x_original_shape,17-32:elongated,19967,27,True,0.9832223168227575,0.9806760315834646
B,37,xy_fraction6,N_x_original_shape,17-32:intermediate,15866,27,True,0.9831085339720156,0.9823005080431619
B,37,xy_fraction6,N_x_original_shape,17-32:compact,2111,22,True,0.9905258171482709,0.9825946862261388
B,37,xy_fraction6,N_x_original_shape,33-64:elongated,14587,26,True,0.9927332556385823,0.9870002673558507
B,37,xy_fraction6,N_x_original_shape,33-64:intermediate,10253,25,True,0.9797132546571735,0.9791651377258191
B,37,xy_fraction6,N_x_original_shape,33-64:compact,1682,21,True,0.9827586206896551,0.9786065438239542
B,37,xy_fraction6,N_x_original_shape,65-511:elongated,6274,20,True,0.996334077143768,0.9844097396397782
B,37,xy_fraction6,N_x_original_shape,65-511:intermediate,2831,22,True,0.9728011303426352,0.9669877576338927
B,37,xy_fraction6,N_x_original_shape,65-511:compact,306,14,True,0.9836601307189542,0.9819172448026852
B,37,xy_fraction6,history,none,1846,27,True,0.9371614301191766,0.9271611573340227
B,37,xy_fraction6,history,one_to_five,8062,27,True,0.9574547258744729,0.947773932097118
B,37,xy_fraction6,history,six,70542,27,True,0.9863910861614358,0.9857872612170113
B,37,xy_fraction6,current_points,1,0,0,False,,
B,37,xy_fraction6,current_points,2,0,0,False,,
B,37,xy_fraction6,current_points,ge3,80450,27,True,0.9823617153511498,0.9813548663516594
B,37,xy_fraction6,current_range,le20,26404,27,True,0.9850780184820481,0.9845888828514188
B,37,xy_fraction6,current_range,20to40,36863,27,True,0.9866804112524754,0.986229855726815
B,37,xy_fraction6,current_range,gt40,17183,27,True,0.9689227725077111,0.9620256015457738
B,37,xy_fraction4,retained_N,1-2,0,0,False,,
B,37,xy_fraction4,retained_N,3-4,1615,27,True,0.934984520123839,0.9272693818572975
B,37,xy_fraction4,retained_N,5-8,1566,27,True,0.9469987228607918,0.9396946455092048
B,37,xy_fraction4,retained_N,9-16,3392,27,True,0.9534198113207547,0.9475119042722185
B,37,xy_fraction4,retained_N,17-32,37944,27,True,0.9836074214632089,0.9835395777960005
B,37,xy_fraction4,retained_N,33-64,26522,27,True,0.9870296357740743,0.9859727639430149
B,37,xy_fraction4,retained_N,65-511,9411,23,True,0.9888428434810328,0.9768766201523605
B,37,xy_fraction4,original_shape,compact,4336,26,True,0.9827029520295203,0.9777672143939922
B,37,xy_fraction4,original_shape,elongated,45116,27,True,0.9851937228477702,0.9793501547609478
B,37,xy_fraction4,original_shape,intermediate,30998,27,True,0.9782566617201109,0.978013181913163
B,37,xy_fraction4,N_x_original_shape,1-2:elongated,0,0,False,,
B,37,xy_fraction4,N_x_original_shape,1-2:intermediate,0,0,False,,
B,37,xy_fraction4,N_x_original_shape,1-2:compact,0,0,False,,
B,37,xy_fraction4,N_x_original_shape,3-4:elongated,1081,26,True,0.940795559666975,0.9364393388162489
B,37,xy_fraction4,N_x_original_shape,3-4:intermediate,484,27,True,0.9235537190082644,0.901995873625682
B,37,xy_fraction4,N_x_original_shape,3-4:compact,50,14,False,0.92,0.910873440285205
B,37,xy_fraction4,N_x_original_shape,5-8:elongated,932,27,True,0.9560085836909872,0.9478308119317973
B,37,xy_fraction4,N_x_original_shape,5-8:intermediate,568,25,True,0.9401408450704225,0.9348404075848573
B,37,xy_fraction4,N_x_original_shape,5-8:compact,66,17,False,0.8787878787878788,0.8730769230769231
B,37,xy_fraction4,N_x_original_shape,9-16:elongated,2275,26,True,0.9573626373626374,0.9488520065519497
B,37,xy_fraction4,N_x_original_shape,9-16:intermediate,996,27,True,0.9487951807228916,0.9463891630034986
B,37,xy_fraction4,N_x_original_shape,9-16:compact,121,18,True,0.9173553719008265,0.9173497267759563
B,37,xy_fraction4,N_x_original_shape,17-32:elongated,19967,27,True,0.9832223168227575,0.9806760315834646
B,37,xy_fraction4,N_x_original_shape,17-32:intermediate,15866,27,True,0.983171561830329,0.9823680430919093
B,37,xy_fraction4,N_x_original_shape,17-32:compact,2111,22,True,0.9905258171482709,0.9825946862261388
B,37,xy_fraction4,N_x_original_shape,33-64:elongated,14587,26,True,0.9925961472544046,0.9867593023659238
B,37,xy_fraction4,N_x_original_shape,33-64:intermediate,10253,25,True,0.9797132546571735,0.9791651377258191
B,37,xy_fraction4,N_x_original_shape,33-64:compact,1682,21,True,0.9833531510107015,0.9793308054209676
B,37,xy_fraction4,N_x_original_shape,65-511:elongated,6274,20,True,0.996334077143768,0.9844097396397782
B,37,xy_fraction4,N_x_original_shape,65-511:intermediate,2831,22,True,0.9728011303426352,0.9669877576338927
B,37,xy_fraction4,N_x_original_shape,65-511:compact,306,14,True,0.9836601307189542,0.9819172448026852
B,37,xy_fraction4,history,none,1846,27,True,0.9371614301191766,0.9270932069510269
B,37,xy_fraction4,history,one_to_five,8062,27,True,0.9579508806747705,0.9483829824516705
B,37,xy_fraction4,history,six,70542,27,True,0.9863627342576053,0.9857578251765011
B,37,xy_fraction4,current_points,1,0,0,False,,
B,37,xy_fraction4,current_points,2,0,0,False,,
B,37,xy_fraction4,current_points,ge3,80450,27,True,0.9823865755127408,0.9813811456097965
B,37,xy_fraction4,current_range,le20,26404,27,True,0.9850780184820481,0.984588023306793
B,37,xy_fraction4,current_range,20to40,36863,27,True,0.9866532837804844,0.986202790010912
B,37,xy_fraction4,current_range,gt40,17183,27,True,0.9690973636733982,0.9622320717121042
B,37,kept_single,retained_N,1-2,0,0,False,,
B,37,kept_single,retained_N,3-4,40406,27,True,0.9680987972083354,0.9678768002176293
B,37,kept_single,retained_N,5-8,26553,27,True,0.9721312092795541,0.9706905246416405
B,37,kept_single,retained_N,9-16,12049,26,True,0.9607436301767781,0.9377791940938557
B,37,kept_single,retained_N,17-32,1357,21,True,0.94620486366986,0.8259232249391546
B,37,kept_single,retained_N,33-64,85,8,False,0.9882352941176471,
B,37,kept_single,retained_N,65-511,0,0,False,,
B,37,kept_single,original_shape,compact,4336,26,True,0.9571033210332104,0.9436939729562173
B,37,kept_single,original_shape,elongated,45116,27,True,0.9756849011437184,0.9666283425218439
B,37,kept_single,original_shape,intermediate,30998,27,True,0.9582876314600942,0.9577144416170091
B,37,kept_single,N_x_original_shape,1-2:elongated,0,0,False,,
B,37,kept_single,N_x_original_shape,1-2:intermediate,0,0,False,,
B,37,kept_single,N_x_original_shape,1-2:compact,0,0,False,,
B,37,kept_single,N_x_original_shape,3-4:elongated,21829,27,True,0.9720555224701086,0.9684371343436531
B,37,kept_single,N_x_original_shape,3-4:intermediate,16401,27,True,0.9629290896896531,0.9618703193309823
B,37,kept_single,N_x_original_shape,3-4:compact,2176,24,True,0.9673713235294118,0.9493052673026915
B,37,kept_single,N_x_original_shape,5-8:elongated,14358,27,True,0.9802897339462321,0.9693457231418428
B,37,kept_single,N_x_original_shape,5-8:intermediate,10581,27,True,0.9642755883186844,0.9631071954923904
B,37,kept_single,N_x_original_shape,5-8:compact,1614,24,True,0.9510532837670385,0.9346295721899087
B,37,kept_single,N_x_original_shape,9-16:elongated,8030,25,True,0.9778331257783313,0.92663894973197
B,37,kept_single,N_x_original_shape,9-16:intermediate,3517,26,True,0.9257890247369918,0.9230631516350831
B,37,kept_single,N_x_original_shape,9-16:compact,502,19,True,0.9322709163346613,0.9315922790816981
B,37,kept_single,N_x_original_shape,17-32:elongated,816,17,True,0.9693627450980392,0.8207491630567539
B,37,kept_single,N_x_original_shape,17-32:intermediate,497,19,True,0.9074446680080482,0.8232683982683983
B,37,kept_single,N_x_original_shape,17-32:compact,44,9,False,0.9545454545454546,
B,37,kept_single,N_x_original_shape,33-64:elongated,83,8,False,0.9879518072289156,
B,37,kept_single,N_x_original_shape,33-64:intermediate,2,1,False,1.0,
B,37,kept_single,N_x_original_shape,33-64:compact,0,0,False,,
B,37,kept_single,N_x_original_shape,65-511:elongated,0,0,False,,
B,37,kept_single,N_x_original_shape,65-511:intermediate,0,0,False,,
B,37,kept_single,N_x_original_shape,65-511:compact,0,0,False,,
B,37,kept_single,history,none,1846,27,True,0.9366197183098591,0.9265673815723846
B,37,kept_single,history,one_to_five,8062,27,True,0.947531629868519,0.9365893775875189
B,37,kept_single,history,six,70542,27,True,0.9711377619007117,0.969998563976962
B,37,kept_single,current_points,1,0,0,False,,
B,37,kept_single,current_points,2,0,0,False,,
B,37,kept_single,current_points,ge3,80450,27,True,0.9679801118707272,0.9663362067123792
B,37,kept_single,current_range,le20,26404,27,True,0.9601575518860779,0.9592236090493997
B,37,kept_single,current_range,20to40,36863,27,True,0.9762092070639937,0.9754472267178318
B,37,kept_single,current_range,gt40,17183,27,True,0.9623465052668335,0.9540869910902365
B,37,sparse_single,retained_N,1-2,97734,27,True,0.9384860949106759,0.9384079157349864
B,37,sparse_single,retained_N,3-4,0,0,False,,
B,37,sparse_single,retained_N,5-8,0,0,False,,
B,37,sparse_single,retained_N,9-16,0,0,False,,
B,37,sparse_single,retained_N,17-32,0,0,False,,
B,37,sparse_single,retained_N,33-64,0,0,False,,
B,37,sparse_single,retained_N,65-511,0,0,False,,
B,37,sparse_single,original_shape,undefined_low_support,97734,27,True,0.9384860949106759,0.9384079157349864
B,37,sparse_single,N_x_original_shape,1-2:elongated,0,0,False,,
B,37,sparse_single,N_x_original_shape,1-2:intermediate,0,0,False,,
B,37,sparse_single,N_x_original_shape,1-2:compact,0,0,False,,
B,37,sparse_single,N_x_original_shape,3-4:elongated,0,0,False,,
B,37,sparse_single,N_x_original_shape,3-4:intermediate,0,0,False,,
B,37,sparse_single,N_x_original_shape,3-4:compact,0,0,False,,
B,37,sparse_single,N_x_original_shape,5-8:elongated,0,0,False,,
B,37,sparse_single,N_x_original_shape,5-8:intermediate,0,0,False,,
B,37,sparse_single,N_x_original_shape,5-8:compact,0,0,False,,
B,37,sparse_single,N_x_original_shape,9-16:elongated,0,0,False,,
B,37,sparse_single,N_x_original_shape,9-16:intermediate,0,0,False,,
B,37,sparse_single,N_x_original_shape,9-16:compact,0,0,False,,
B,37,sparse_single,N_x_original_shape,17-32:elongated,0,0,False,,
B,37,sparse_single,N_x_original_shape,17-32:intermediate,0,0,False,,
B,37,sparse_single,N_x_original_shape,17-32:compact,0,0,False,,
B,37,sparse_single,N_x_original_shape,33-64:elongated,0,0,False,,
B,37,sparse_single,N_x_original_shape,33-64:intermediate,0,0,False,,
B,37,sparse_single,N_x_original_shape,33-64:compact,0,0,False,,
B,37,sparse_single,N_x_original_shape,65-511:elongated,0,0,False,,
B,37,sparse_single,N_x_original_shape,65-511:intermediate,0,0,False,,
B,37,sparse_single,N_x_original_shape,65-511:compact,0,0,False,,
B,37,sparse_single,history,none,97734,27,True,0.9384860949106759,0.9384079157349864
B,37,sparse_single,history,one_to_five,0,0,False,,
B,37,sparse_single,history,six,0,0,False,,
B,37,sparse_single,current_points,1,58612,27,True,0.9303555585886849,0.9299730253493625
B,37,sparse_single,current_points,2,39122,27,True,0.9506671438065538,0.9506438448176265
B,37,sparse_single,current_points,ge3,0,0,False,,
B,37,sparse_single,current_range,le20,11734,27,True,0.9366797341060167,0.9306841680682505
B,37,sparse_single,current_range,20to40,33802,26,True,0.9337021478019052,0.9251748769963273
B,37,sparse_single,current_range,gt40,52198,27,True,0.9419901145637763,0.9390952520098899
B,37,sparse_context,retained_N,1-2,29596,27,True,0.9379983781592107,0.9366454205207742
B,37,sparse_context,retained_N,3-4,4536,26,True,0.9548059964726632,0.9547431745238355
B,37,sparse_context,retained_N,5-8,7975,27,True,0.9477115987460815,0.9476163866990681
B,37,sparse_context,retained_N,9-16,6694,26,True,0.9538392590379444,0.9533274283147783
B,37,sparse_context,retained_N,17-32,47667,27,True,0.9795455975832337,0.9788404014165637
B,37,sparse_context,retained_N,33-64,1126,25,True,0.9902309058614565,0.984437880305111
B,37,sparse_context,retained_N,65-511,140,16,True,0.9785714285714285,0.6945454545454546
B,37,sparse_context,original_shape,compact,2856,24,True,0.9838935574229691,0.9723791102514507
B,37,sparse_context,original_shape,elongated,44205,27,True,0.9690532745164574,0.9689297720625087
B,37,sparse_context,original_shape,intermediate,21077,27,True,0.9759927883474878,0.9748679631365693
B,37,sparse_context,original_shape,undefined_low_support,29596,27,True,0.9379983781592107,0.9366454205207742
B,37,sparse_context,N_x_original_shape,1-2:elongated,0,0,False,,
B,37,sparse_context,N_x_original_shape,1-2:intermediate,0,0,False,,
B,37,sparse_context,N_x_original_shape,1-2:compact,0,0,False,,
B,37,sparse_context,N_x_original_shape,3-4:elongated,3285,25,True,0.9555555555555556,0.9555347841275468
B,37,sparse_context,N_x_original_shape,3-4:intermediate,1146,26,True,0.9511343804537522,0.9510622397779438
B,37,sparse_context,N_x_original_shape,3-4:compact,105,18,True,0.9714285714285714,0.9611542730299667
B,37,sparse_context,N_x_original_shape,5-8:elongated,5663,26,True,0.9494967331802932,0.9494812938134799
B,37,sparse_context,N_x_original_shape,5-8:intermediate,2084,27,True,0.9414587332053743,0.9395105610513945
B,37,sparse_context,N_x_original_shape,5-8:compact,228,20,True,0.9605263157894737,0.9570342762620658
B,37,sparse_context,N_x_original_shape,9-16:elongated,4896,26,True,0.9546568627450981,0.9544048406095731
B,37,sparse_context,N_x_original_shape,9-16:intermediate,1577,26,True,0.9543436905516804,0.9522924369747899
B,37,sparse_context,N_x_original_shape,9-16:compact,221,19,True,0.9321266968325792,0.9319874438357851
B,37,sparse_context,N_x_original_shape,17-32:elongated,29532,27,True,0.9758566978193146,0.9755722107231107
B,37,sparse_context,N_x_original_shape,17-32:intermediate,15880,25,True,0.9846347607052897,0.9836993897418227
B,37,sparse_context,N_x_original_shape,17-32:compact,2255,22,True,0.9920177383592018,0.981186593396814
B,37,sparse_context,N_x_original_shape,33-64:elongated,725,21,True,0.9986206896551724,0.9942551960761008
B,37,sparse_context,N_x_original_shape,33-64:intermediate,355,22,True,0.9746478873239437,0.9739023892178885
B,37,sparse_context,N_x_original_shape,33-64:compact,46,12,False,0.9782608695652174,0.9780009564801531
B,37,sparse_context,N_x_original_shape,65-511:elongated,104,10,False,1.0,
B,37,sparse_context,N_x_original_shape,65-511:intermediate,35,13,False,0.9142857142857143,0.676923076923077
B,37,sparse_context,N_x_original_shape,65-511:compact,1,1,False,1.0,
B,37,sparse_context,history,none,29596,27,True,0.9379983781592107,0.9366454205207742
B,37,sparse_context,history,one_to_five,20891,27,True,0.9533770523191805,0.9531881753709857
B,37,sparse_context,history,six,47247,27,True,0.9799775647131035,0.9794220273375296
B,37,sparse_context,current_points,1,58612,27,True,0.9566982870401965,0.9563721017120564
B,37,sparse_context,current_points,2,39122,27,True,0.9688921834262052,0.9688903173097563
B,37,sparse_context,current_points,ge3,0,0,False,,
B,37,sparse_context,current_range,le20,11734,27,True,0.9689790352820863,0.9659152400017262
B,37,sparse_context,current_range,20to40,33802,26,True,0.9605940476894859,0.9546807577654968
B,37,sparse_context,current_range,gt40,52198,27,True,0.9605540442162535,0.9587337301900388
C,7,clean,retained_N,1-2,0,0,False,,
C,7,clean,retained_N,3-4,1615,27,True,0.930030959752322,0.9217280014273772
C,7,clean,retained_N,5-8,1566,27,True,0.9425287356321839,0.9347728295096716
C,7,clean,retained_N,9-16,3392,27,True,0.9513561320754716,0.9451742559982556
C,7,clean,retained_N,17-32,37944,27,True,0.9838709677419355,0.9838047639826006
C,7,clean,retained_N,33-64,26522,27,True,0.9879345449061157,0.9869426213330155
C,7,clean,retained_N,65-511,9411,23,True,0.9865051535437255,0.9716533300768102
C,7,clean,original_shape,compact,4336,26,True,0.9827029520295203,0.9777547801057962
C,7,clean,original_shape,elongated,45116,27,True,0.9844622750243816,0.9782964458159531
C,7,clean,original_shape,intermediate,30998,27,True,0.9789986450738757,0.9787653654176529
C,7,clean,N_x_original_shape,1-2:elongated,0,0,False,,
C,7,clean,N_x_original_shape,1-2:intermediate,0,0,False,,
C,7,clean,N_x_original_shape,1-2:compact,0,0,False,,
C,7,clean,N_x_original_shape,3-4:elongated,1081,26,True,0.9324699352451434,0.9275387337620301
C,7,clean,N_x_original_shape,3-4:intermediate,484,27,True,0.9235537190082644,0.9015042763248357
C,7,clean,N_x_original_shape,3-4:compact,50,14,False,0.94,0.9340659340659341
C,7,clean,N_x_original_shape,5-8:elongated,932,27,True,0.9506437768240343,0.9417601286732742
C,7,clean,N_x_original_shape,5-8:intermediate,568,25,True,0.9348591549295775,0.9291682254645217
C,7,clean,N_x_original_shape,5-8:compact,66,17,False,0.8939393939393939,0.888162672476398
C,7,clean,N_x_original_shape,9-16:elongated,2275,26,True,0.9556043956043956,0.9467428109458444
C,7,clean,N_x_original_shape,9-16:intermediate,996,27,True,0.9477911646586346,0.9453135558859305
C,7,clean,N_x_original_shape,9-16:compact,121,18,True,0.9008264462809917,0.9008196721311476
C,7,clean,N_x_original_shape,17-32:elongated,19967,27,True,0.9835728952772074,0.9810663207825927
C,7,clean,N_x_original_shape,17-32:intermediate,15866,27,True,0.9835497289802092,0.9827535344151976
C,7,clean,N_x_original_shape,17-32:compact,2111,22,True,0.9891046897205116,0.9798653988664774
C,7,clean,N_x_original_shape,33-64:elongated,14587,26,True,0.991979159525605,0.9856348534811517
C,7,clean,N_x_original_shape,33-64:intermediate,10253,25,True,0.9826392275431581,0.9821805318878372
C,7,clean,N_x_original_shape,33-64:compact,1682,21,True,0.9851367419738407,0.9815812769409413
C,7,clean,N_x_original_shape,65-511:elongated,6274,20,True,0.9942620337902455,0.9747888128873252
C,7,clean,N_x_original_shape,65-511:intermediate,2831,22,True,0.9696220416813847,0.9629278284459246
C,7,clean,N_x_original_shape,65-511:compact,306,14,True,0.9836601307189542,0.9819172448026852
C,7,clean,history,none,1846,27,True,0.9328277356446371,0.9220651522579942
C,7,clean,history,one_to_five,8062,27,True,0.957206648474324,0.94741418725105
C,7,clean,history,six,70542,27,True,0.9864194380652661,0.9858127080533308
C,7,clean,current_points,1,0,0,False,,
C,7,clean,current_points,2,0,0,False,,
C,7,clean,current_points,ge3,80450,27,True,0.9822622747047856,0.9812430954409057
C,7,clean,current_range,le20,26404,27,True,0.9834494773519163,0.982910525811171
C,7,clean,current_range,20to40,36863,27,True,0.9870601958603478,0.9866219440375698
C,7,clean,current_range,gt40,17183,27,True,0.9701449106675202,0.9633650352385197
C,7,uniform_half_0,retained_N,1-2,1615,27,True,0.9207430340557275,0.9115365391067382
C,7,uniform_half_0,retained_N,3-4,1566,27,True,0.9348659003831418,0.9265117511635226
C,7,uniform_half_0,retained_N,5-8,3392,27,True,0.9431014150943396,0.9362638361896785
C,7,uniform_half_0,retained_N,9-16,37944,27,True,0.9808401855365803,0.9807621263275843
C,7,uniform_half_0,retained_N,17-32,26522,27,True,0.9843149083779503,0.9830564834970764
C,7,uniform_half_0,retained_N,33-64,8842,23,True,0.9886903415516851,0.97702837476349
C,7,uniform_half_0,retained_N,65-511,569,14,True,0.9894551845342706,0.9258342022940562
C,7,uniform_half_0,original_shape,compact,4336,26,True,0.9790129151291513,0.9730542992991711
C,7,uniform_half_0,original_shape,elongated,45116,27,True,0.9831323698909478,0.9765269034436374
C,7,uniform_half_0,original_shape,intermediate,30998,27,True,0.9735466804309956,0.9732504587074091
C,7,uniform_half_0,N_x_original_shape,1-2:elongated,1081,26,True,0.9232192414431082,0.9177816448069556
C,7,uniform_half_0,N_x_original_shape,1-2:intermediate,484,27,True,0.9152892561983471,0.8914008329365666
C,7,uniform_half_0,N_x_original_shape,1-2:compact,50,14,False,0.92,0.910873440285205
C,7,uniform_half_0,N_x_original_shape,3-4:elongated,932,27,True,0.9463519313304721,0.9368204127009951
C,7,uniform_half_0,N_x_original_shape,3-4:intermediate,568,25,True,0.9225352112676056,0.9165598290598291
C,7,uniform_half_0,N_x_original_shape,3-4:compact,66,17,False,0.8787878787878788,0.8730769230769231
C,7,uniform_half_0,N_x_original_shape,5-8:elongated,2275,26,True,0.9476923076923077,0.9378328088915444
C,7,uniform_half_0,N_x_original_shape,5-8:intermediate,996,27,True,0.9387550200803213,0.9359901892922953
C,7,uniform_half_0,N_x_original_shape,5-8:compact,121,18,True,0.8925619834710744,0.8925326228052197
C,7,uniform_half_0,N_x_original_shape,9-16:elongated,19967,27,True,0.9817198377322582,0.9789683857361545
C,7,uniform_half_0,N_x_original_shape,9-16:intermediate,15866,27,True,0.9786965838900794,0.9776837952094624
C,7,uniform_half_0,N_x_original_shape,9-16:compact,2111,22,True,0.9886309805779252,0.9791136234713667
C,7,uniform_half_0,N_x_original_shape,17-32:elongated,14587,26,True,0.991979159525605,0.9857232129836491
C,7,uniform_half_0,N_x_original_shape,17-32:intermediate,10253,25,True,0.9743489710328684,0.9736291082631743
C,7,uniform_half_0,N_x_original_shape,17-32:compact,1682,21,True,0.9785969084423306,0.9735623271020203
C,7,uniform_half_0,N_x_original_shape,33-64:elongated,5882,20,True,0.9960897653859232,0.9837636647460684
C,7,uniform_half_0,N_x_original_shape,33-64:intermediate,2658,22,True,0.973288186606471,0.9679236223303042
C,7,uniform_half_0,N_x_original_shape,33-64:compact,302,14,True,0.9801324503311258,0.9782890007189073
C,7,uniform_half_0,N_x_original_shape,65-511:elongated,392,12,True,0.9897959183673469,0.7474226804123711
C,7,uniform_half_0,N_x_original_shape,65-511:intermediate,173,12,True,0.9884393063583815,0.9673831070889894
C,7,uniform_half_0,N_x_original_shape,65-511:compact,4,3,False,1.0,
C,7,uniform_half_0,history,none,1846,27,True,0.9219934994582882,0.9099127676447264
C,7,uniform_half_0,history,one_to_five,8062,27,True,0.9511287521706773,0.940327415572416
C,7,uniform_half_0,history,six,70542,27,True,0.983924470528196,0.9832126360003786
C,7,uniform_half_0,current_points,1,0,0,False,,
C,7,uniform_half_0,current_points,2,0,0,False,,
C,7,uniform_half_0,current_points,ge3,80450,27,True,0.9792169049098819,0.9780389749683779
C,7,uniform_half_0,current_range,le20,26404,27,True,0.9817830631722466,0.9812023147175157
C,7,uniform_half_0,current_range,20to40,36863,27,True,0.982746927813797,0.9821678307955606
C,7,uniform_half_0,current_range,gt40,17183,27,True,0.967700634347902,0.9604722261201223
C,7,uniform_half_1,retained_N,1-2,1615,27,True,0.9207430340557275,0.9116152114872862
C,7,uniform_half_1,retained_N,3-4,1566,27,True,0.9361430395913155,0.9276694410316573
C,7,uniform_half_1,retained_N,5-8,3392,27,True,0.9454599056603774,0.9389321475550817
C,7,uniform_half_1,retained_N,9-16,37944,27,True,0.9806557031414717,0.980578520714031
C,7,uniform_half_1,retained_N,17-32,26522,27,True,0.9835608174345826,0.9822308246668975
C,7,uniform_half_1,retained_N,33-64,8842,23,True,0.986315313277539,0.9722678449207558
C,7,uniform_half_1,retained_N,65-511,569,14,True,0.9718804920913884,0.8022245394508168
C,7,uniform_half_1,original_shape,compact,4336,26,True,0.9737084870848709,0.9661778008290238
C,7,uniform_half_1,original_shape,elongated,45116,27,True,0.9828220586931465,0.976087245364092
C,7,uniform_half_1,original_shape,intermediate,30998,27,True,0.9731918188270211,0.9728910647778246
C,7,uniform_half_1,N_x_original_shape,1-2:elongated,1081,26,True,0.9232192414431082,0.9177816448069556
C,7,uniform_half_1,N_x_original_shape,1-2:intermediate,484,27,True,0.9152892561983471,0.891935457520789
C,7,uniform_half_1,N_x_original_shape,1-2:compact,50,14,False,0.92,0.910873440285205
C,7,uniform_half_1,N_x_original_shape,3-4:elongated,932,27,True,0.9463519313304721,0.9368204127009951
C,7,uniform_half_1,N_x_original_shape,3-4:intermediate,568,25,True,0.9295774647887324,0.923341655982185
C,7,uniform_half_1,N_x_original_shape,3-4:compact,66,17,False,0.8484848484848485,0.8433048433048433
C,7,uniform_half_1,N_x_original_shape,5-8:elongated,2275,26,True,0.9547252747252747,0.9459196044405354
C,7,uniform_half_1,N_x_original_shape,5-8:intermediate,996,27,True,0.9307228915662651,0.9280201347553906
C,7,uniform_half_1,N_x_original_shape,5-8:compact,121,18,True,0.8925619834710744,0.8925326228052197
C,7,uniform_half_1,N_x_original_shape,9-16:elongated,19967,27,True,0.9807181850052586,0.9778288940548343
C,7,uniform_half_1,N_x_original_shape,9-16:intermediate,15866,27,True,0.980146224631287,0.9792005974298874
C,7,uniform_half_1,N_x_original_shape,9-16:compact,2111,22,True,0.9838938891520607,0.970129413958196
C,7,uniform_half_1,N_x_original_shape,17-32:elongated,14587,26,True,0.9914992801809831,0.9848371806867455
C,7,uniform_half_1,N_x_original_shape,17-32:intermediate,10253,25,True,0.9741539061738028,0.9734390922869702
C,7,uniform_half_1,N_x_original_shape,17-32:compact,1682,21,True,0.9720570749108205,0.9655502550808079
C,7,uniform_half_1,N_x_original_shape,33-64:elongated,5882,20,True,0.995749744984699,0.9823951144497141
C,7,uniform_half_1,N_x_original_shape,33-64:intermediate,2658,22,True,0.9661399548532731,0.9594146149461169
C,7,uniform_half_1,N_x_original_shape,33-64:compact,302,14,True,0.9801324503311258,0.9782890007189073
C,7,uniform_half_1,N_x_original_shape,65-511:elongated,392,12,True,0.9872448979591837,0.6396396396396397
C,7,uniform_half_1,N_x_original_shape,65-511:intermediate,173,12,True,0.9364161849710982,0.8251722553973357
C,7,uniform_half_1,N_x_original_shape,65-511:compact,4,3,False,1.0,
C,7,uniform_half_1,history,none,1846,27,True,0.9214517876489707,0.9094114059659799
C,7,uniform_half_1,history,one_to_five,8062,27,True,0.9519970230711983,0.9413042480774705
C,7,uniform_half_1,history,six,70542,27,True,0.9831589691247767,0.9824140952120919
C,7,uniform_half_1,current_points,1,0,0,False,,
C,7,uniform_half_1,current_points,2,0,0,False,,
C,7,uniform_half_1,current_points,ge3,80450,27,True,0.9786202610316967,0.9774085149196232
C,7,uniform_half_1,current_range,le20,26404,27,True,0.980760490834722,0.9801501393633529
C,7,uniform_half_1,current_range,20to40,36863,27,True,0.98252990803787,0.9819431617847454
C,7,uniform_half_1,current_range,gt40,17183,27,True,0.9669440726299249,0.9595241472194838
C,7,uniform_half_2,retained_N,1-2,1615,27,True,0.9182662538699691,0.9088531868462638
C,7,uniform_half_2,retained_N,3-4,1566,27,True,0.9329501915708812,0.9240904635961537
C,7,uniform_half_2,retained_N,5-8,3392,27,True,0.9439858490566038,0.9371590933467502
C,7,uniform_half_2,retained_N,9-16,37944,27,True,0.9798123550495467,0.9797305859800862
C,7,uniform_half_2,retained_N,17-32,26522,27,True,0.9844280220194556,0.9831827759507892
C,7,uniform_half_2,retained_N,33-64,8842,23,True,0.9897082108120335,0.9791026612264428
C,7,uniform_half_2,retained_N,65-511,569,14,True,0.9753954305799648,0.8345105534319428
C,7,uniform_half_2,original_shape,compact,4336,26,True,0.9750922509225092,0.9679039179196545
C,7,uniform_half_2,original_shape,elongated,45116,27,True,0.9825560776664598,0.9757090265011186
C,7,uniform_half_2,original_shape,intermediate,30998,27,True,0.973675721014259,0.9733780126591423
C,7,uniform_half_2,N_x_original_shape,1-2:elongated,1081,26,True,0.9213691026827012,0.915800479621581
C,7,uniform_half_2,N_x_original_shape,1-2:intermediate,484,27,True,0.9111570247933884,0.8866640164242421
C,7,uniform_half_2,N_x_original_shape,1-2:compact,50,14,False,0.92,0.910873440285205
C,7,uniform_half_2,N_x_original_shape,3-4:elongated,932,27,True,0.9366952789699571,0.9255210936431248
C,7,uniform_half_2,N_x_original_shape,3-4:intermediate,568,25,True,0.9330985915492958,0.9273324714501185
C,7,uniform_half_2,N_x_original_shape,3-4:compact,66,17,False,0.8787878787878788,0.8730769230769231
C,7,uniform_half_2,N_x_original_shape,5-8:elongated,2275,26,True,0.9520879120879121,0.9426719108661783
C,7,uniform_half_2,N_x_original_shape,5-8:intermediate,996,27,True,0.9317269076305221,0.9288583385153191
C,7,uniform_half_2,N_x_original_shape,5-8:compact,121,18,True,0.8925619834710744,0.8924444444444444
C,7,uniform_half_2,N_x_original_shape,9-16:elongated,19967,27,True,0.9806681023689087,0.9777574204633317
C,7,uniform_half_2,N_x_original_shape,9-16:intermediate,15866,27,True,0.9781293331652591,0.9770889321355107
C,7,uniform_half_2,N_x_original_shape,9-16:compact,2111,22,True,0.984367598294647,0.9710424878943608
C,7,uniform_half_2,N_x_original_shape,17-32:elongated,14587,26,True,0.9916363885651608,0.9851010561724275
C,7,uniform_half_2,N_x_original_shape,17-32:intermediate,10253,25,True,0.9756168926167951,0.9749200926216415
C,7,uniform_half_2,N_x_original_shape,17-32:compact,1682,21,True,0.9756242568370987,0.9698711039674534
C,7,uniform_half_2,N_x_original_shape,33-64:elongated,5882,20,True,0.9962597755865352,0.9844886718062635
C,7,uniform_half_2,N_x_original_shape,33-64:intermediate,2658,22,True,0.9766741911211437,0.9719792832099463
C,7,uniform_half_2,N_x_original_shape,33-64:compact,302,14,True,0.9768211920529801,0.9747235009266455
C,7,uniform_half_2,N_x_original_shape,65-511:elongated,392,12,True,0.9897959183673469,0.7474226804123711
C,7,uniform_half_2,N_x_original_shape,65-511:intermediate,173,12,True,0.953757225433526,0.8695324283559578
C,7,uniform_half_2,N_x_original_shape,65-511:compact,4,3,False,0.5,
C,7,uniform_half_2,history,none,1846,27,True,0.9187432286023836,0.9063302991882636
C,7,uniform_half_2,history,one_to_five,8062,27,True,0.9502604812701563,0.9391493560087607
C,7,uniform_half_2,history,six,70542,27,True,0.9835558957784015,0.9828298327293111
C,7,uniform_half_2,current_points,1,0,0,False,,
C,7,uniform_half_2,current_points,2,0,0,False,,
C,7,uniform_half_2,current_points,ge3,80450,27,True,0.9787321317588564,0.9775279563340381
C,7,uniform_half_2,current_range,le20,26404,27,True,0.9810634752310256,0.9804638059968628
C,7,uniform_half_2,current_range,20to40,36863,27,True,0.9823671432059247,0.981778608676781
C,7,uniform_half_2,current_range,gt40,17183,27,True,0.967351452016528,0.9599863068687254
C,7,uniform_quarter_0,retained_N,1-2,3181,27,True,0.9100911662999057,0.9005561108356572
C,7,uniform_quarter_0,retained_N,3-4,3392,27,True,0.9283608490566038,0.9203289084825776
C,7,uniform_quarter_0,retained_N,5-8,37944,27,True,0.9744360109635252,0.9743395843567737
C,7,uniform_quarter_0,retained_N,9-16,26522,27,True,0.9779428399064928,0.9762146665857989
C,7,uniform_quarter_0,retained_N,17-32,8842,23,True,0.9805473874688985,0.9617792647640842
C,7,uniform_quarter_0,retained_N,33-64,538,14,True,0.9869888475836431,0.9305409542780206
C,7,uniform_quarter_0,retained_N,65-511,31,3,False,1.0,
C,7,uniform_quarter_0,original_shape,compact,4336,26,True,0.9647140221402214,0.954337182321503
C,7,uniform_quarter_0,original_shape,elongated,45116,27,True,0.9785220320950438,0.9702508981170997
C,7,uniform_quarter_0,original_shape,intermediate,30998,27,True,0.9631911736241048,0.9627232442302789
C,7,uniform_quarter_0,N_x_original_shape,1-2:elongated,2013,27,True,0.9155489319423745,0.9073447325043158
C,7,uniform_quarter_0,N_x_original_shape,1-2:intermediate,1052,27,True,0.9011406844106464,0.8881926134853966
C,7,uniform_quarter_0,N_x_original_shape,1-2:compact,116,19,True,0.896551724137931,0.8901515151515151
C,7,uniform_quarter_0,N_x_original_shape,3-4:elongated,2275,26,True,0.9384615384615385,0.927013555083798
C,7,uniform_quarter_0,N_x_original_shape,3-4:intermediate,996,27,True,0.9136546184738956,0.9107392957182874
C,7,uniform_quarter_0,N_x_original_shape,3-4:compact,121,18,True,0.859504132231405,0.8593504273504273
C,7,uniform_quarter_0,N_x_original_shape,5-8:elongated,19967,27,True,0.9760104171883608,0.9724454221711027
C,7,uniform_quarter_0,N_x_original_shape,5-8:intermediate,15866,27,True,0.9714483801840413,0.970051131437134
C,7,uniform_quarter_0,N_x_original_shape,5-8:compact,2111,22,True,0.9819990525817148,0.966773530824925
C,7,uniform_quarter_0,N_x_original_shape,9-16:elongated,14587,26,True,0.9894426544183177,0.9812778136894108
C,7,uniform_quarter_0,N_x_original_shape,9-16:intermediate,10253,25,True,0.9649858577977177,0.9639499932250029
C,7,uniform_quarter_0,N_x_original_shape,9-16:compact,1682,21,True,0.9571938168846611,0.9467114434165504
C,7,uniform_quarter_0,N_x_original_shape,17-32:elongated,5882,20,True,0.995579734784087,0.9823181357387045
C,7,uniform_quarter_0,N_x_original_shape,17-32:intermediate,2658,22,True,0.9503386004514672,0.9417229191027958
C,7,uniform_quarter_0,N_x_original_shape,17-32:compact,302,14,True,0.9536423841059603,0.9501438611386255
C,7,uniform_quarter_0,N_x_original_shape,33-64:elongated,361,12,True,1.0,1.0
C,7,uniform_quarter_0,N_x_original_shape,33-64:intermediate,173,12,True,0.9595375722543352,0.9031587365053978
C,7,uniform_quarter_0,N_x_original_shape,33-64:compact,4,3,False,1.0,
C,7,uniform_quarter_0,N_x_original_shape,65-511:elongated,31,3,False,1.0,
C,7,uniform_quarter_0,N_x_original_shape,65-511:intermediate,0,0,False,,
C,7,uniform_quarter_0,N_x_original_shape,65-511:compact,0,0,False,,
C,7,uniform_quarter_0,history,none,1846,27,True,0.8932827735644637,0.880153374890217
C,7,uniform_quarter_0,history,one_to_five,8062,27,True,0.9409575787645745,0.9284566079451526
C,7,uniform_quarter_0,history,six,70542,27,True,0.9774602364548779,0.976498799729189
C,7,uniform_quarter_0,current_points,1,0,0,False,,
C,7,uniform_quarter_0,current_points,2,0,0,False,,
C,7,uniform_quarter_0,current_points,ge3,80450,27,True,0.9718707271597266,0.9703448255593148
C,7,uniform_quarter_0,current_range,le20,26404,27,True,0.9736024844720497,0.9728396641800476
C,7,uniform_quarter_0,current_range,20to40,36863,27,True,0.9763448444239481,0.9755743867125907
C,7,uniform_quarter_0,current_range,gt40,17183,27,True,0.9596112436710702,0.9507842979939476
C,7,uniform_quarter_1,retained_N,1-2,3181,27,True,0.9094624331971078,0.8996434993847998
C,7,uniform_quarter_1,retained_N,3-4,3392,27,True,0.9348466981132075,0.9272979430250077
C,7,uniform_quarter_1,retained_N,5-8,37944,27,True,0.975753742357158,0.9756649500695811
C,7,uniform_quarter_1,retained_N,9-16,26522,27,True,0.9783198853781766,0.9765934441337627
C,7,uniform_quarter_1,retained_N,17-32,8842,23,True,0.9825831259895951,0.9655426059987691
C,7,uniform_quarter_1,retained_N,33-64,538,14,True,0.9795539033457249,0.8867910090865614
C,7,uniform_quarter_1,retained_N,65-511,31,3,False,1.0,
C,7,uniform_quarter_1,original_shape,compact,4336,26,True,0.9679428044280443,0.9585860817313061
C,7,uniform_quarter_1,original_shape,elongated,45116,27,True,0.9794751307740048,0.9715590599115247
C,7,uniform_quarter_1,original_shape,intermediate,30998,27,True,0.9643847990192915,0.9639454058780366
C,7,uniform_quarter_1,N_x_original_shape,1-2:elongated,2013,27,True,0.914555389965226,0.9061324744615785
C,7,uniform_quarter_1,N_x_original_shape,1-2:intermediate,1052,27,True,0.8982889733840305,0.884713273377353
C,7,uniform_quarter_1,N_x_original_shape,1-2:compact,116,19,True,0.9224137931034483,0.9164465786314526
C,7,uniform_quarter_1,N_x_original_shape,3-4:elongated,2275,26,True,0.9459340659340659,0.9355275954333285
C,7,uniform_quarter_1,N_x_original_shape,3-4:intermediate,996,27,True,0.9186746987951807,0.9158972327483308
C,7,uniform_quarter_1,N_x_original_shape,3-4:compact,121,18,True,0.859504132231405,0.859465737514518
C,7,uniform_quarter_1,N_x_original_shape,5-8:elongated,19967,27,True,0.9770621525517104,0.9736806335744788
C,7,uniform_quarter_1,N_x_original_shape,5-8:intermediate,15866,27,True,0.9735282995083827,0.9722320439242851
C,7,uniform_quarter_1,N_x_original_shape,5-8:compact,2111,22,True,0.980104216011369,0.962923902461871
C,7,uniform_quarter_1,N_x_original_shape,9-16:elongated,14587,26,True,0.9899225337629396,0.9820914146312448
C,7,uniform_quarter_1,N_x_original_shape,9-16:intermediate,10253,25,True,0.9636204037842583,0.9625845287689924
C,7,uniform_quarter_1,N_x_original_shape,9-16:compact,1682,21,True,0.9673008323424495,0.9595311368771475
C,7,uniform_quarter_1,N_x_original_shape,17-32:elongated,5882,20,True,0.995749744984699,0.982856755808039
C,7,uniform_quarter_1,N_x_original_shape,17-32:intermediate,2658,22,True,0.9574868322046651,0.949854038545177
C,7,uniform_quarter_1,N_x_original_shape,17-32:compact,302,14,True,0.9470198675496688,0.9430215555870005
C,7,uniform_quarter_1,N_x_original_shape,33-64:elongated,361,12,True,0.997229916897507,0.9538422196650045
C,7,uniform_quarter_1,N_x_original_shape,33-64:intermediate,173,12,True,0.9421965317919075,0.8586601307189543
C,7,uniform_quarter_1,N_x_original_shape,33-64:compact,4,3,False,1.0,
C,7,uniform_quarter_1,N_x_original_shape,65-511:elongated,31,3,False,1.0,
C,7,uniform_quarter_1,N_x_original_shape,65-511:intermediate,0,0,False,,
C,7,uniform_quarter_1,N_x_original_shape,65-511:compact,0,0,False,,
C,7,uniform_quarter_1,history,none,1846,27,True,0.9014084507042254,0.8886898096304592
C,7,uniform_quarter_1,history,one_to_five,8062,27,True,0.9404614239642769,0.9278735236919415
C,7,uniform_quarter_1,history,six,70542,27,True,0.9786368404638371,0.9777177151959915
C,7,uniform_quarter_1,current_points,1,0,0,False,,
C,7,uniform_quarter_1,current_points,2,0,0,False,,
C,7,uniform_quarter_1,current_points,ge3,80450,27,True,0.9730391547545059,0.971564779515881
C,7,uniform_quarter_1,current_range,le20,26404,27,True,0.9743599454628087,0.9736065532851677
C,7,uniform_quarter_1,current_range,20to40,36863,27,True,0.9778368553834468,0.9771147653363015
C,7,uniform_quarter_1,current_range,gt40,17183,27,True,0.9607169877204214,0.9520364142512989
C,7,uniform_quarter_2,retained_N,1-2,3181,27,True,0.9056900345803206,0.895370561225161
C,7,uniform_quarter_2,retained_N,3-4,3392,27,True,0.9295400943396226,0.9216729521502286
C,7,uniform_quarter_2,retained_N,5-8,37944,27,True,0.9748049757537424,0.9747110856927875
C,7,uniform_quarter_2,retained_N,9-16,26522,27,True,0.9783952944725134,0.9767056331224733
C,7,uniform_quarter_2,retained_N,17-32,8842,23,True,0.9838271884189097,0.9681141288867499
C,7,uniform_quarter_2,retained_N,33-64,538,14,True,0.9795539033457249,0.8908500710083181
C,7,uniform_quarter_2,retained_N,65-511,31,3,False,1.0,
C,7,uniform_quarter_2,original_shape,compact,4336,26,True,0.9624077490774908,0.9511011424018161
C,7,uniform_quarter_2,original_shape,elongated,45116,27,True,0.9788988385495168,0.9707945495765864
C,7,uniform_quarter_2,original_shape,intermediate,30998,27,True,0.964288018581844,0.9638456047217389
C,7,uniform_quarter_2,N_x_original_shape,1-2:elongated,2013,27,True,0.910581222056632,0.9016374751609786
C,7,uniform_quarter_2,N_x_original_shape,1-2:intermediate,1052,27,True,0.8973384030418251,0.8835495971957444
C,7,uniform_quarter_2,N_x_original_shape,1-2:compact,116,19,True,0.896551724137931,0.8891366677285759
C,7,uniform_quarter_2,N_x_original_shape,3-4:elongated,2275,26,True,0.9454945054945055,0.9353548630742212
C,7,uniform_quarter_2,N_x_original_shape,3-4:intermediate,996,27,True,0.9006024096385542,0.8972848251256543
C,7,uniform_quarter_2,N_x_original_shape,3-4:compact,121,18,True,0.8677685950413223,0.8675424192665572
C,7,uniform_quarter_2,N_x_original_shape,5-8:elongated,19967,27,True,0.9763109130064607,0.9728152851584576
C,7,uniform_quarter_2,N_x_original_shape,5-8:intermediate,15866,27,True,0.9725198537753688,0.9711873567536918
C,7,uniform_quarter_2,N_x_original_shape,5-8:compact,2111,22,True,0.9777356702984368,0.9585598680157462
C,7,uniform_quarter_2,N_x_original_shape,9-16:elongated,14587,26,True,0.9898539795708508,0.982036079017168
C,7,uniform_quarter_2,N_x_original_shape,9-16:intermediate,10253,25,True,0.9654735199453819,0.9644725432999817
C,7,uniform_quarter_2,N_x_original_shape,9-16:compact,1682,21,True,0.9577883472057075,0.9469952415466549
C,7,uniform_quarter_2,N_x_original_shape,17-32:elongated,5882,20,True,0.995749744984699,0.9829781549709055
C,7,uniform_quarter_2,N_x_original_shape,17-32:intermediate,2658,22,True,0.9616252821670429,0.9548445852675788
C,7,uniform_quarter_2,N_x_original_shape,17-32:compact,302,14,True,0.9470198675496688,0.9428030303030304
C,7,uniform_quarter_2,N_x_original_shape,33-64:elongated,361,12,True,0.9944598337950139,0.9152582159624414
C,7,uniform_quarter_2,N_x_original_shape,33-64:intermediate,173,12,True,0.953757225433526,0.8869281045751634
C,7,uniform_quarter_2,N_x_original_shape,33-64:compact,4,3,False,0.75,
C,7,uniform_quarter_2,N_x_original_shape,65-511:elongated,31,3,False,1.0,
C,7,uniform_quarter_2,N_x_original_shape,65-511:intermediate,0,0,False,,
C,7,uniform_quarter_2,N_x_original_shape,65-511:compact,0,0,False,,
C,7,uniform_quarter_2,history,none,1846,27,True,0.8916576381365113,0.878081802751415
C,7,uniform_quarter_2,history,one_to_five,8062,27,True,0.9383527660630117,0.9253096656444844
C,7,uniform_quarter_2,history,six,70542,27,True,0.9783816733293641,0.9774596753876491
C,7,uniform_quarter_2,current_points,1,0,0,False,,
C,7,uniform_quarter_2,current_points,2,0,0,False,,
C,7,uniform_quarter_2,current_points,ge3,80450,27,True,0.9723803604723431,0.9708815850818253
C,7,uniform_quarter_2,current_range,le20,26404,27,True,0.9737161036206635,0.9729519673225848
C,7,uniform_quarter_2,current_range,20to40,36863,27,True,0.9775655806635379,0.9768415501912115
C,7,uniform_quarter_2,current_range,gt40,17183,27,True,0.9592038642844672,0.9502310129546601
C,7,central_half,retained_N,1-2,1615,27,True,0.9207430340557275,0.9124518891960753
C,7,central_half,retained_N,3-4,1566,27,True,0.9278416347381865,0.9192428014338946
C,7,central_half,retained_N,5-8,3392,27,True,0.9351415094339622,0.9280633240173487
C,7,central_half,retained_N,9-16,37944,27,True,0.9758064516129032,0.9757440865238407
C,7,central_half,retained_N,17-32,26522,27,True,0.9669708166804917,0.9648198801373307
C,7,central_half,retained_N,33-64,8842,23,True,0.9518208550101787,0.9138531130134655
C,7,central_half,retained_N,65-511,569,14,True,0.9543057996485061,0.8072493224932249
C,7,central_half,original_shape,compact,4336,26,True,0.9656365313653137,0.9547471777048684
C,7,central_half,original_shape,elongated,45116,27,True,0.9740890149835978,0.964731495487467
C,7,central_half,original_shape,intermediate,30998,27,True,0.9551906574617717,0.954356306532683
C,7,central_half,N_x_original_shape,1-2:elongated,1081,26,True,0.9213691026827012,0.9165410945528497
C,7,central_half,N_x_original_shape,1-2:intermediate,484,27,True,0.9194214876033058,0.8981959388398997
C,7,central_half,N_x_original_shape,1-2:compact,50,14,False,0.92,0.910873440285205
C,7,central_half,N_x_original_shape,3-4:elongated,932,27,True,0.9399141630901288,0.9300491607293158
C,7,central_half,N_x_original_shape,3-4:intermediate,568,25,True,0.9154929577464789,0.9093375897845171
C,7,central_half,N_x_original_shape,3-4:compact,66,17,False,0.8636363636363636,0.8581323143061859
C,7,central_half,N_x_original_shape,5-8:elongated,2275,26,True,0.945054945054945,0.935178994871533
C,7,central_half,N_x_original_shape,5-8:intermediate,996,27,True,0.9186746987951807,0.9159603114664444
C,7,central_half,N_x_original_shape,5-8:compact,121,18,True,0.8842975206611571,0.8842263531984691
C,7,central_half,N_x_original_shape,9-16:elongated,19967,27,True,0.975559673461211,0.9721760153092944
C,7,central_half,N_x_original_shape,9-16:intermediate,15866,27,True,0.9752930795411572,0.973959874101799
C,7,central_half,N_x_original_shape,9-16:compact,2111,22,True,0.9819990525817148,0.9659620150039038
C,7,central_half,N_x_original_shape,17-32:elongated,14587,26,True,0.979913621717968,0.965628060101289
C,7,central_half,N_x_original_shape,17-32:intermediate,10253,25,True,0.9487954744952697,0.9466196691603057
C,7,central_half,N_x_original_shape,17-32:compact,1682,21,True,0.9655172413793104,0.9561929600511552
C,7,central_half,N_x_original_shape,33-64:elongated,5882,20,True,0.9797687861271677,0.9272991088932547
C,7,central_half,N_x_original_shape,33-64:intermediate,2658,22,True,0.8935289691497367,0.8828355390173601
C,7,central_half,N_x_original_shape,33-64:compact,302,14,True,0.9205298013245033,0.9160177975528365
C,7,central_half,N_x_original_shape,65-511:elongated,392,12,True,0.9923469387755102,0.8980494148244473
C,7,central_half,N_x_original_shape,65-511:intermediate,173,12,True,0.8786127167630058,0.773008434864105
C,7,central_half,N_x_original_shape,65-511:compact,4,3,False,0.5,
C,7,central_half,history,none,1846,27,True,0.919284940411701,0.9079812131181654
C,7,central_half,history,one_to_five,8062,27,True,0.9368643016621185,0.924459407330896
C,7,central_half,history,six,70542,27,True,0.9709534745258144,0.9699311822092458
C,7,central_half,current_points,1,0,0,False,,
C,7,central_half,current_points,2,0,0,False,,
C,7,central_half,current_points,ge3,80450,27,True,0.9663517712865134,0.9647943266810246
C,7,central_half,current_range,le20,26404,27,True,0.9595515830934707,0.958710731149538
C,7,central_half,current_range,20to40,36863,27,True,0.9748528334644494,0.9741628589818843
C,7,central_half,current_range,gt40,17183,27,True,0.9585636966769482,0.949948232816892
C,7,xy_fraction6,retained_N,1-2,0,0,False,,
C,7,xy_fraction6,retained_N,3-4,1615,27,True,0.930030959752322,0.9217280014273772
C,7,xy_fraction6,retained_N,5-8,1566,27,True,0.9425287356321839,0.9347728295096716
C,7,xy_fraction6,retained_N,9-16,3392,27,True,0.9513561320754716,0.9451742559982556
C,7,xy_fraction6,retained_N,17-32,37944,27,True,0.9839236769976808,0.9838574709135574
C,7,xy_fraction6,retained_N,33-64,26522,27,True,0.9878591358117789,0.9868616036790347
C,7,xy_fraction6,retained_N,65-511,9411,23,True,0.9866114121772394,0.9718856159251918
C,7,xy_fraction6,original_shape,compact,4336,26,True,0.9824723247232472,0.9774644805155728
C,7,xy_fraction6,original_shape,elongated,45116,27,True,0.9845287702810532,0.978390041569859
C,7,xy_fraction6,original_shape,intermediate,30998,27,True,0.9789663849280599,0.9787328923270056
C,7,xy_fraction6,N_x_original_shape,1-2:elongated,0,0,False,,
C,7,xy_fraction6,N_x_original_shape,1-2:intermediate,0,0,False,,
C,7,xy_fraction6,N_x_original_shape,1-2:compact,0,0,False,,
C,7,xy_fraction6,N_x_original_shape,3-4:elongated,1081,26,True,0.9324699352451434,0.9275387337620301
C,7,xy_fraction6,N_x_original_shape,3-4:intermediate,484,27,True,0.9235537190082644,0.9015042763248357
C,7,xy_fraction6,N_x_original_shape,3-4:compact,50,14,False,0.94,0.9340659340659341
C,7,xy_fraction6,N_x_original_shape,5-8:elongated,932,27,True,0.9506437768240343,0.9417601286732742
C,7,xy_fraction6,N_x_original_shape,5-8:intermediate,568,25,True,0.9348591549295775,0.9291682254645217
C,7,xy_fraction6,N_x_original_shape,5-8:compact,66,17,False,0.8939393939393939,0.888162672476398
C,7,xy_fraction6,N_x_original_shape,9-16:elongated,2275,26,True,0.9556043956043956,0.9467428109458444
C,7,xy_fraction6,N_x_original_shape,9-16:intermediate,996,27,True,0.9477911646586346,0.9453135558859305
C,7,xy_fraction6,N_x_original_shape,9-16:compact,121,18,True,0.9008264462809917,0.9008196721311476
C,7,xy_fraction6,N_x_original_shape,17-32:elongated,19967,27,True,0.9836730605499073,0.9811817700461136
C,7,xy_fraction6,N_x_original_shape,17-32:intermediate,15866,27,True,0.9834867011218958,0.9826889300223147
C,7,xy_fraction6,N_x_original_shape,17-32:compact,2111,22,True,0.9895783988630981,0.9807636231091672
C,7,xy_fraction6,N_x_original_shape,33-64:elongated,14587,26,True,0.9920477137176938,0.9857599562117214
C,7,xy_fraction6,N_x_original_shape,33-64:intermediate,10253,25,True,0.9825416951136253,0.9820798466876233
C,7,xy_fraction6,N_x_original_shape,33-64:compact,1682,21,True,0.9839476813317479,0.9801077790962167
C,7,xy_fraction6,N_x_original_shape,65-511:elongated,6274,20,True,0.9942620337902455,0.9747888128873252
C,7,xy_fraction6,N_x_original_shape,65-511:intermediate,2831,22,True,0.9699752737548569,0.9633723134660841
C,7,xy_fraction6,N_x_original_shape,65-511:compact,306,14,True,0.9836601307189542,0.9819172448026852
C,7,xy_fraction6,history,none,1846,27,True,0.9328277356446371,0.9220651522579942
C,7,xy_fraction6,history,one_to_five,8062,27,True,0.9569585710741751,0.9471093419597518
C,7,xy_fraction6,history,six,70542,27,True,0.9864619659210115,0.9858570492689589
C,7,xy_fraction6,current_points,1,0,0,False,,
C,7,xy_fraction6,current_points,2,0,0,False,,
C,7,xy_fraction6,current_points,ge3,80450,27,True,0.9822747047855811,0.9812561248691033
C,7,xy_fraction6,current_range,le20,26404,27,True,0.9835252234509922,0.9829887385076874
C,7,xy_fraction6,current_range,20to40,36863,27,True,0.9870873233323386,0.9866498547299176
C,7,xy_fraction6,current_range,gt40,17183,27,True,0.9700285165570622,0.9632222088651805
C,7,xy_fraction4,retained_N,1-2,0,0,False,,
C,7,xy_fraction4,retained_N,3-4,1615,27,True,0.930030959752322,0.9217984366972067
C,7,xy_fraction4,retained_N,5-8,1566,27,True,0.9431673052362708,0.9354004413427164
C,7,xy_fraction4,retained_N,9-16,3392,27,True,0.9510613207547169,0.9448296620518939
C,7,xy_fraction4,retained_N,17-32,37944,27,True,0.9840290955091714,0.9839634322302753
C,7,xy_fraction4,retained_N,33-64,26522,27,True,0.9878214312646105,0.986819318806853
C,7,xy_fraction4,retained_N,65-511,9411,23,True,0.9866114121772394,0.9718856159251918
C,7,xy_fraction4,original_shape,compact,4336,26,True,0.9827029520295203,0.9777547801057962
C,7,xy_fraction4,original_shape,elongated,45116,27,True,0.9845287702810532,0.9783871882652263
C,7,xy_fraction4,original_shape,intermediate,30998,27,True,0.9790309052196916,0.9787984186131178
C,7,xy_fraction4,N_x_original_shape,1-2:elongated,0,0,False,,
C,7,xy_fraction4,N_x_original_shape,1-2:intermediate,0,0,False,,
C,7,xy_fraction4,N_x_original_shape,1-2:compact,0,0,False,,
C,7,xy_fraction4,N_x_original_shape,3-4:elongated,1081,26,True,0.9324699352451434,0.9276134442527296
C,7,xy_fraction4,N_x_original_shape,3-4:intermediate,484,27,True,0.9235537190082644,0.9015042763248357
C,7,xy_fraction4,N_x_original_shape,3-4:compact,50,14,False,0.94,0.9340659340659341
C,7,xy_fraction4,N_x_original_shape,5-8:elongated,932,27,True,0.9517167381974249,0.9428559749841607
C,7,xy_fraction4,N_x_original_shape,5-8:intermediate,568,25,True,0.9348591549295775,0.9291682254645217
C,7,xy_fraction4,N_x_original_shape,5-8:compact,66,17,False,0.8939393939393939,0.888162672476398
C,7,xy_fraction4,N_x_original_shape,9-16:elongated,2275,26,True,0.9556043956043956,0.9466969013333024
C,7,xy_fraction4,N_x_original_shape,9-16:intermediate,996,27,True,0.9477911646586346,0.9453135558859305
C,7,xy_fraction4,N_x_original_shape,9-16:compact,121,18,True,0.8925619834710744,0.8925326228052197
C,7,xy_fraction4,N_x_original_shape,17-32:elongated,19967,27,True,0.9839234737316572,0.9814711714780499
C,7,xy_fraction4,N_x_original_shape,17-32:intermediate,15866,27,True,0.9834236732635825,0.9826223641937606
C,7,xy_fraction4,N_x_original_shape,17-32:compact,2111,22,True,0.9895783988630981,0.9807636231091672
C,7,xy_fraction4,N_x_original_shape,33-64:elongated,14587,26,True,0.9916363885651608,0.9850185133889122
C,7,xy_fraction4,N_x_original_shape,33-64:intermediate,10253,25,True,0.9828342924022238,0.9823818818455261
C,7,xy_fraction4,N_x_original_shape,33-64:compact,1682,21,True,0.9851367419738407,0.9815812769409413
C,7,xy_fraction4,N_x_original_shape,65-511:elongated,6274,20,True,0.9942620337902455,0.9747888128873252
C,7,xy_fraction4,N_x_original_shape,65-511:intermediate,2831,22,True,0.9699752737548569,0.9633723134660841
C,7,xy_fraction4,N_x_original_shape,65-511:compact,306,14,True,0.9836601307189542,0.9819172448026852
C,7,xy_fraction4,history,none,1846,27,True,0.9333694474539544,0.9227297276050871
C,7,xy_fraction4,history,one_to_five,8062,27,True,0.9568345323741008,0.9469359685516892
C,7,xy_fraction4,history,six,70542,27,True,0.9865044937767571,0.985901218271829
C,7,xy_fraction4,current_points,1,0,0,False,,
C,7,xy_fraction4,current_points,2,0,0,False,,
C,7,xy_fraction4,current_points,ge3,80450,27,True,0.9823119950279677,0.9812949847633992
C,7,xy_fraction4,current_range,le20,26404,27,True,0.9834873504014543,0.9829489214373859
C,7,xy_fraction4,current_range,20to40,36863,27,True,0.9870601958603478,0.986622215630885
C,7,xy_fraction4,current_range,gt40,17183,27,True,0.9703195018332073,0.9635680786071732
C,7,kept_single,retained_N,1-2,0,0,False,,
C,7,kept_single,retained_N,3-4,40406,27,True,0.9685195268029501,0.9683107085310133
C,7,kept_single,retained_N,5-8,26553,27,True,0.9721688698075547,0.9707347542472928
C,7,kept_single,retained_N,9-16,12049,26,True,0.9633164577973276,0.9413965850699808
C,7,kept_single,retained_N,17-32,1357,21,True,0.9506263817243921,0.83078068436677
C,7,kept_single,retained_N,33-64,85,8,False,1.0,
C,7,kept_single,retained_N,65-511,0,0,False,,
C,7,kept_single,original_shape,compact,4336,26,True,0.9543357933579336,0.940132013495903
C,7,kept_single,original_shape,elongated,45116,27,True,0.9764385140526642,0.9676892627295829
C,7,kept_single,original_shape,intermediate,30998,27,True,0.9593844764178334,0.9588257315843937
C,7,kept_single,N_x_original_shape,1-2:elongated,0,0,False,,
C,7,kept_single,N_x_original_shape,1-2:intermediate,0,0,False,,
C,7,kept_single,N_x_original_shape,1-2:compact,0,0,False,,
C,7,kept_single,N_x_original_shape,3-4:elongated,21829,27,True,0.9717348481377983,0.9681405368733802
C,7,kept_single,N_x_original_shape,3-4:intermediate,16401,27,True,0.964514358880556,0.9634824667306259
C,7,kept_single,N_x_original_shape,3-4:compact,2176,24,True,0.9664522058823529,0.9480541055105199
C,7,kept_single,N_x_original_shape,5-8:elongated,14358,27,True,0.9809862097785207,0.9704747429876052
C,7,kept_single,N_x_original_shape,5-8:intermediate,10581,27,True,0.9640865702674606,0.9629119954685406
C,7,kept_single,N_x_original_shape,5-8:compact,1614,24,True,0.9467162329615861,0.9290135831764994
C,7,kept_single,N_x_original_shape,9-16:elongated,8030,25,True,0.9814445828144458,0.9368013742308683
C,7,kept_single,N_x_original_shape,9-16:intermediate,3517,26,True,0.9272106909297697,0.9244440416368758
C,7,kept_single,N_x_original_shape,9-16:compact,502,19,True,0.9262948207171314,0.925463994060876
C,7,kept_single,N_x_original_shape,17-32:elongated,816,17,True,0.9705882352941176,0.8208889701847448
C,7,kept_single,N_x_original_shape,17-32:intermediate,497,19,True,0.9175050301810865,0.8325540499453543
C,7,kept_single,N_x_original_shape,17-32:compact,44,9,False,0.9545454545454546,
C,7,kept_single,N_x_original_shape,33-64:elongated,83,8,False,1.0,
C,7,kept_single,N_x_original_shape,33-64:intermediate,2,1,False,1.0,
C,7,kept_single,N_x_original_shape,33-64:compact,0,0,False,,
C,7,kept_single,N_x_original_shape,65-511:elongated,0,0,False,,
C,7,kept_single,N_x_original_shape,65-511:intermediate,0,0,False,,
C,7,kept_single,N_x_original_shape,65-511:compact,0,0,False,,
C,7,kept_single,history,none,1846,27,True,0.9328277356446371,0.9220651522579942
C,7,kept_single,history,one_to_five,8062,27,True,0.9430662366658398,0.9314477156324491
C,7,kept_single,history,six,70542,27,True,0.9725411811403136,0.9714568846309417
C,7,kept_single,current_points,1,0,0,False,,
C,7,kept_single,current_points,2,0,0,False,,
C,7,kept_single,current_points,ge3,80450,27,True,0.9686761963952766,0.9670725895108561
C,7,kept_single,current_range,le20,26404,27,True,0.962316315709741,0.9614152354311813
C,7,kept_single,current_range,20to40,36863,27,True,0.9768873938637659,0.9761623419820873
C,7,kept_single,current_range,gt40,17183,27,True,0.9608333818308794,0.9522362039730399
C,7,sparse_single,retained_N,1-2,97734,27,True,0.9409417398244214,0.9408145888403652
C,7,sparse_single,retained_N,3-4,0,0,False,,
C,7,sparse_single,retained_N,5-8,0,0,False,,
C,7,sparse_single,retained_N,9-16,0,0,False,,
C,7,sparse_single,retained_N,17-32,0,0,False,,
C,7,sparse_single,retained_N,33-64,0,0,False,,
C,7,sparse_single,retained_N,65-511,0,0,False,,
C,7,sparse_single,original_shape,undefined_low_support,97734,27,True,0.9409417398244214,0.9408145888403652
C,7,sparse_single,N_x_original_shape,1-2:elongated,0,0,False,,
C,7,sparse_single,N_x_original_shape,1-2:intermediate,0,0,False,,
C,7,sparse_single,N_x_original_shape,1-2:compact,0,0,False,,
C,7,sparse_single,N_x_original_shape,3-4:elongated,0,0,False,,
C,7,sparse_single,N_x_original_shape,3-4:intermediate,0,0,False,,
C,7,sparse_single,N_x_original_shape,3-4:compact,0,0,False,,
C,7,sparse_single,N_x_original_shape,5-8:elongated,0,0,False,,
C,7,sparse_single,N_x_original_shape,5-8:intermediate,0,0,False,,
C,7,sparse_single,N_x_original_shape,5-8:compact,0,0,False,,
C,7,sparse_single,N_x_original_shape,9-16:elongated,0,0,False,,
C,7,sparse_single,N_x_original_shape,9-16:intermediate,0,0,False,,
C,7,sparse_single,N_x_original_shape,9-16:compact,0,0,False,,
C,7,sparse_single,N_x_original_shape,17-32:elongated,0,0,False,,
C,7,sparse_single,N_x_original_shape,17-32:intermediate,0,0,False,,
C,7,sparse_single,N_x_original_shape,17-32:compact,0,0,False,,
C,7,sparse_single,N_x_original_shape,33-64:elongated,0,0,False,,
C,7,sparse_single,N_x_original_shape,33-64:intermediate,0,0,False,,
C,7,sparse_single,N_x_original_shape,33-64:compact,0,0,False,,
C,7,sparse_single,N_x_original_shape,65-511:elongated,0,0,False,,
C,7,sparse_single,N_x_original_shape,65-511:intermediate,0,0,False,,
C,7,sparse_single,N_x_original_shape,65-511:compact,0,0,False,,
C,7,sparse_single,history,none,97734,27,True,0.9409417398244214,0.9408145888403652
C,7,sparse_single,history,one_to_five,0,0,False,,
C,7,sparse_single,history,six,0,0,False,,
C,7,sparse_single,current_points,1,58612,27,True,0.9296219204258513,0.9291259705000412
C,7,sparse_single,current_points,2,39122,27,True,0.9579009253105669,0.9578970980538248
C,7,sparse_single,current_points,ge3,0,0,False,,
C,7,sparse_single,current_range,le20,11734,27,True,0.943582750980058,0.9377707899934757
C,7,sparse_single,current_range,20to40,33802,26,True,0.9447961659073427,0.9368263591707104
C,7,sparse_single,current_range,gt40,52198,27,True,0.9378520249818001,0.9349296022059812
C,7,sparse_context,retained_N,1-2,29596,27,True,0.9317813218002433,0.9303935169660222
C,7,sparse_context,retained_N,3-4,4536,26,True,0.9642857142857143,0.9641786364997753
C,7,sparse_context,retained_N,5-8,7975,27,True,0.9493416927899686,0.9492294358651119
C,7,sparse_context,retained_N,9-16,6694,26,True,0.9571257842844338,0.9566281910910819
C,7,sparse_context,retained_N,17-32,47667,27,True,0.9796504919546017,0.9789787475159619
C,7,sparse_context,retained_N,33-64,1126,25,True,0.9946714031971581,0.9914072039072039
C,7,sparse_context,retained_N,65-511,140,16,True,1.0,1.0
C,7,sparse_context,original_shape,compact,2856,24,True,0.9845938375350141,0.9734147522061287
C,7,sparse_context,original_shape,elongated,44205,27,True,0.9704105870376655,0.970296382166056
C,7,sparse_context,original_shape,intermediate,21077,27,True,0.9773686957346871,0.9763197531700877
C,7,sparse_context,original_shape,undefined_low_support,29596,27,True,0.9317813218002433,0.9303935169660222
C,7,sparse_context,N_x_original_shape,1-2:elongated,0,0,False,,
C,7,sparse_context,N_x_original_shape,1-2:intermediate,0,0,False,,
C,7,sparse_context,N_x_original_shape,1-2:compact,0,0,False,,
C,7,sparse_context,N_x_original_shape,3-4:elongated,3285,25,True,0.967427701674277,0.967371777383428
C,7,sparse_context,N_x_original_shape,3-4:intermediate,1146,26,True,0.9554973821989529,0.9553870145572707
C,7,sparse_context,N_x_original_shape,3-4:compact,105,18,True,0.9619047619047619,0.9475
C,7,sparse_context,N_x_original_shape,5-8:elongated,5663,26,True,0.9503796574253929,0.950370718773041
C,7,sparse_context,N_x_original_shape,5-8:intermediate,2084,27,True,0.9457773512476008,0.943881934063441
C,7,sparse_context,N_x_original_shape,5-8:compact,228,20,True,0.956140350877193,0.9518581081081081
C,7,sparse_context,N_x_original_shape,9-16:elongated,4896,26,True,0.960171568627451,0.9599211571179049
C,7,sparse_context,N_x_original_shape,9-16:intermediate,1577,26,True,0.9524413443246671,0.9503990096157354
C,7,sparse_context,N_x_original_shape,9-16:compact,221,19,True,0.9230769230769231,0.9229191030138897
C,7,sparse_context,N_x_original_shape,17-32:elongated,29532,27,True,0.9754842205065691,0.9752230521956182
C,7,sparse_context,N_x_original_shape,17-32:intermediate,15880,25,True,0.9853274559193954,0.984449619415064
C,7,sparse_context,N_x_original_shape,17-32:compact,2255,22,True,0.9942350332594235,0.9863037635099369
C,7,sparse_context,N_x_original_shape,33-64:elongated,725,21,True,0.9986206896551724,0.9941375769190339
C,7,sparse_context,N_x_original_shape,33-64:intermediate,355,22,True,0.9859154929577465,0.9854423475957319
C,7,sparse_context,N_x_original_shape,33-64:compact,46,12,False,1.0,1.0
C,7,sparse_context,N_x_original_shape,65-511:elongated,104,10,False,1.0,
C,7,sparse_context,N_x_original_shape,65-511:intermediate,35,13,False,1.0,1.0
C,7,sparse_context,N_x_original_shape,65-511:compact,1,1,False,1.0,
C,7,sparse_context,history,none,29596,27,True,0.9317813218002433,0.9303935169660222
C,7,sparse_context,history,one_to_five,20891,27,True,0.9564884399980853,0.9562853312109875
C,7,sparse_context,history,six,47247,27,True,0.9805278642030182,0.980009942629059
C,7,sparse_context,current_points,1,58612,27,True,0.9546850474305603,0.9543297093271202
C,7,sparse_context,current_points,2,39122,27,True,0.9695312100608353,0.9695291714134092
C,7,sparse_context,current_points,ge3,0,0,False,,
C,7,sparse_context,current_range,le20,11734,27,True,0.9704278166013295,0.9675125806928825
C,7,sparse_context,current_range,20to40,33802,26,True,0.965238743269629,0.9598705784261565
C,7,sparse_context,current_range,gt40,52198,27,True,0.9554389057051994,0.9533569437544644
C,17,clean,retained_N,1-2,0,0,False,,
C,17,clean,retained_N,3-4,1615,27,True,0.9325077399380804,0.9243616598455309
C,17,clean,retained_N,5-8,1566,27,True,0.9489144316730523,0.9418449197860963
C,17,clean,retained_N,9-16,3392,27,True,0.9543042452830188,0.9484740120404364
C,17,clean,retained_N,17-32,37944,27,True,0.9845561880666245,0.9844873300564967
C,17,clean,retained_N,33-64,26522,27,True,0.9886886358494834,0.987734842254496
C,17,clean,retained_N,65-511,9411,23,True,0.9872489639783233,0.9732070869262199
C,17,clean,original_shape,compact,4336,26,True,0.9847785977859779,0.9805379643533328
C,17,clean,original_shape,elongated,45116,27,True,0.9857256849011438,0.9800143121407274
C,17,clean,original_shape,intermediate,30998,27,True,0.9793535066778501,0.9791394555166895
C,17,clean,N_x_original_shape,1-2:elongated,0,0,False,,
C,17,clean,N_x_original_shape,1-2:intermediate,0,0,False,,
C,17,clean,N_x_original_shape,1-2:compact,0,0,False,,
C,17,clean,N_x_original_shape,3-4:elongated,1081,26,True,0.937095282146161,0.9324667974922645
C,17,clean,N_x_original_shape,3-4:intermediate,484,27,True,0.9214876033057852,0.8985862061359977
C,17,clean,N_x_original_shape,3-4:compact,50,14,False,0.94,0.932157394843962
C,17,clean,N_x_original_shape,5-8:elongated,932,27,True,0.9613733905579399,0.9540534618755478
C,17,clean,N_x_original_shape,5-8:intermediate,568,25,True,0.9383802816901409,0.9329969700340071
C,17,clean,N_x_original_shape,5-8:compact,66,17,False,0.8636363636363636,0.8581323143061859
C,17,clean,N_x_original_shape,9-16:elongated,2275,26,True,0.9591208791208791,0.9509189289504666
C,17,clean,N_x_original_shape,9-16:intermediate,996,27,True,0.9477911646586346,0.9453135558859305
C,17,clean,N_x_original_shape,9-16:compact,121,18,True,0.9173553719008265,0.9173497267759563
C,17,clean,N_x_original_shape,17-32:elongated,19967,27,True,0.9840236390043572,0.9815524225707841
C,17,clean,N_x_original_shape,17-32:intermediate,15866,27,True,0.9846212025715366,0.9838991088500967
C,17,clean,N_x_original_shape,17-32:compact,2111,22,True,0.9891046897205116,0.9801005852238658
C,17,clean,N_x_original_shape,33-64:elongated,14587,26,True,0.9933502433673819,0.988051396208944
C,17,clean,N_x_original_shape,33-64:intermediate,10253,25,True,0.9817614356773627,0.9813120131329993
C,17,clean,N_x_original_shape,33-64:compact,1682,21,True,0.990487514863258,0.9882947536905105
C,17,clean,N_x_original_shape,65-511:elongated,6274,20,True,0.9950589735416002,0.9783702209363815
C,17,clean,N_x_original_shape,65-511:intermediate,2831,22,True,0.9703285058283292,0.9637367423272019
C,17,clean,N_x_original_shape,65-511:compact,306,14,True,0.9836601307189542,0.9819172448026852
C,17,clean,history,none,1846,27,True,0.9344528710725893,0.923843716064978
C,17,clean,history,one_to_five,8062,27,True,0.9611758868767055,0.9521781816172981
C,17,clean,history,six,70542,27,True,0.9870148280457033,0.9864196329580792
C,17,clean,current_points,1,0,0,False,,
C,17,clean,current_points,2,0,0,False,,
C,17,clean,current_points,ge3,80450,27,True,0.983219390926041,0.9822332051282703
C,17,clean,current_range,le20,26404,27,True,0.9856839872746553,0.9852089258825498
C,17,clean,current_range,20to40,36863,27,True,0.9868431760844207,0.9863768775426802
C,17,clean,current_range,gt40,17183,27,True,0.9716580341034744,0.9652003817506172
C,17,uniform_half_0,retained_N,1-2,1615,27,True,0.9331269349845202,0.9246036960701589
C,17,uniform_half_0,retained_N,3-4,1566,27,True,0.9406130268199234,0.9324970903918273
C,17,uniform_half_0,retained_N,5-8,3392,27,True,0.9442806603773585,0.9372555099178963
C,17,uniform_half_0,retained_N,9-16,37944,27,True,0.9794960995150749,0.9794008632821138
C,17,uniform_half_0,retained_N,17-32,26522,27,True,0.9843526129251188,0.983054371095172
C,17,uniform_half_0,retained_N,33-64,8842,23,True,0.9848450576792581,0.9689943391407385
C,17,uniform_half_0,retained_N,65-511,569,14,True,0.9912126537785588,0.9421571617363017
C,17,uniform_half_0,original_shape,compact,4336,26,True,0.9746309963099631,0.9676344132719534
C,17,uniform_half_0,original_shape,elongated,45116,27,True,0.9835756716020924,0.9770230948482883
C,17,uniform_half_0,original_shape,intermediate,30998,27,True,0.9719014129943867,0.9716195829809242
C,17,uniform_half_0,N_x_original_shape,1-2:elongated,1081,26,True,0.9333950046253469,0.9281138474497372
C,17,uniform_half_0,N_x_original_shape,1-2:intermediate,484,27,True,0.9338842975206612,0.913715877437326
C,17,uniform_half_0,N_x_original_shape,1-2:compact,50,14,False,0.92,0.910873440285205
C,17,uniform_half_0,N_x_original_shape,3-4:elongated,932,27,True,0.9527896995708155,0.9438431200701138
C,17,uniform_half_0,N_x_original_shape,3-4:intermediate,568,25,True,0.9278169014084507,0.921845792432251
C,17,uniform_half_0,N_x_original_shape,3-4:compact,66,17,False,0.8787878787878788,0.8730769230769231
C,17,uniform_half_0,N_x_original_shape,5-8:elongated,2275,26,True,0.9512087912087912,0.9415200818684117
C,17,uniform_half_0,N_x_original_shape,5-8:intermediate,996,27,True,0.9347389558232931,0.9317329846520481
C,17,uniform_half_0,N_x_original_shape,5-8:compact,121,18,True,0.8925619834710744,0.8925619834710744
C,17,uniform_half_0,N_x_original_shape,9-16:elongated,19967,27,True,0.9810687634597085,0.978137711222438
C,17,uniform_half_0,N_x_original_shape,9-16:intermediate,15866,27,True,0.9771839152905585,0.9761391287608769
C,17,uniform_half_0,N_x_original_shape,9-16:compact,2111,22,True,0.9819990525817148,0.9674624807333496
C,17,uniform_half_0,N_x_original_shape,17-32:elongated,14587,26,True,0.9922533762939604,0.9861440512591364
C,17,uniform_half_0,N_x_original_shape,17-32:intermediate,10253,25,True,0.9746415683214669,0.9739947548183912
C,17,uniform_half_0,N_x_original_shape,17-32:compact,1682,21,True,0.9750297265160524,0.9692737284375896
C,17,uniform_half_0,N_x_original_shape,33-64:elongated,5882,20,True,0.9964297857871472,0.9852118961377598
C,17,uniform_half_0,N_x_original_shape,33-64:intermediate,2658,22,True,0.9593679458239278,0.9507850688786846
C,17,uniform_half_0,N_x_original_shape,33-64:compact,302,14,True,0.9834437086092715,0.9818690489055389
C,17,uniform_half_0,N_x_original_shape,65-511:elongated,392,12,True,0.9948979591836735,0.8987080103359173
C,17,uniform_half_0,N_x_original_shape,65-511:intermediate,173,12,True,0.9826589595375722,0.9523197060174552
C,17,uniform_half_0,N_x_original_shape,65-511:compact,4,3,False,1.0,
C,17,uniform_half_0,history,none,1846,27,True,0.9333694474539544,0.9222168362671563
C,17,uniform_half_0,history,one_to_five,8062,27,True,0.9523691391714215,0.9414002350950317
C,17,uniform_half_0,history,six,70542,27,True,0.9827762184230671,0.9819830453437141
C,17,uniform_half_0,current_points,1,0,0,False,,
C,17,uniform_half_0,current_points,2,0,0,False,,
C,17,uniform_half_0,current_points,ge3,80450,27,True,0.9785954008701057,0.9773326825665907
C,17,uniform_half_0,current_range,le20,26404,27,True,0.9818966823208605,0.9812964678471426
C,17,uniform_half_0,current_range,20to40,36863,27,True,0.9810107696063803,0.9803260573574786
C,17,uniform_half_0,current_range,gt40,17183,27,True,0.968340801955421,0.9611774459821483
C,17,uniform_half_1,retained_N,1-2,1615,27,True,0.9269349845201238,0.9180039378074261
C,17,uniform_half_1,retained_N,3-4,1566,27,True,0.9393358876117497,0.931114635303923
C,17,uniform_half_1,retained_N,5-8,3392,27,True,0.9484080188679245,0.9420314707785782
C,17,uniform_half_1,retained_N,9-16,37944,27,True,0.9796805819101835,0.9795875938614812
C,17,uniform_half_1,retained_N,17-32,26522,27,True,0.9835231128874142,0.9821512031553097
C,17,uniform_half_1,retained_N,33-64,8842,23,True,0.9839402850033929,0.9671214938058533
C,17,uniform_half_1,retained_N,65-511,569,14,True,0.9859402460456942,0.9011122697254084
C,17,uniform_half_1,original_shape,compact,4336,26,True,0.9723247232472325,0.9646727462784579
C,17,uniform_half_1,original_shape,elongated,45116,27,True,0.9837086621154357,0.9772166864666606
C,17,uniform_half_1,original_shape,intermediate,30998,27,True,0.9712562100780695,0.9709656416544703
C,17,uniform_half_1,N_x_original_shape,1-2:elongated,1081,26,True,0.9352451433857539,0.9302606355526064
C,17,uniform_half_1,N_x_original_shape,1-2:intermediate,484,27,True,0.9111570247933884,0.8861033125920088
C,17,uniform_half_1,N_x_original_shape,1-2:compact,50,14,False,0.9,0.8869289914066034
C,17,uniform_half_1,N_x_original_shape,3-4:elongated,932,27,True,0.9517167381974249,0.9428559749841607
C,17,uniform_half_1,N_x_original_shape,3-4:intermediate,568,25,True,0.9295774647887324,0.923341655982185
C,17,uniform_half_1,N_x_original_shape,3-4:compact,66,17,False,0.8484848484848485,0.8433048433048433
C,17,uniform_half_1,N_x_original_shape,5-8:elongated,2275,26,True,0.9595604395604396,0.9514676119931809
C,17,uniform_half_1,N_x_original_shape,5-8:intermediate,996,27,True,0.929718875502008,0.9268271180463722
C,17,uniform_half_1,N_x_original_shape,5-8:compact,121,18,True,0.8925619834710744,0.8925326228052197
C,17,uniform_half_1,N_x_original_shape,9-16:elongated,19967,27,True,0.9810186808233585,0.9780900745820921
C,17,uniform_half_1,N_x_original_shape,9-16:intermediate,15866,27,True,0.9778141938736922,0.9767982688503555
C,17,uniform_half_1,N_x_original_shape,9-16:compact,2111,22,True,0.981051634296542,0.9654325435163504
C,17,uniform_half_1,N_x_original_shape,17-32:elongated,14587,26,True,0.9918420511414273,0.9853892954210004
C,17,uniform_half_1,N_x_original_shape,17-32:intermediate,10253,25,True,0.9735687115966059,0.9728919648854466
C,17,uniform_half_1,N_x_original_shape,17-32:compact,1682,21,True,0.9720570749108205,0.9657668635676095
C,17,uniform_half_1,N_x_original_shape,33-64:elongated,5882,20,True,0.995749744984699,0.9824810397910925
C,17,uniform_half_1,N_x_original_shape,33-64:intermediate,2658,22,True,0.9578630549285176,0.9488843345293105
C,17,uniform_half_1,N_x_original_shape,33-64:compact,302,14,True,0.9834437086092715,0.9817903356125562
C,17,uniform_half_1,N_x_original_shape,65-511:elongated,392,12,True,0.9872448979591837,0.6396396396396397
C,17,uniform_half_1,N_x_original_shape,65-511:intermediate,173,12,True,0.9826589595375722,0.9523197060174552
C,17,uniform_half_1,N_x_original_shape,65-511:compact,4,3,False,1.0,
C,17,uniform_half_1,history,none,1846,27,True,0.9279523293607801,0.916291026749108
C,17,uniform_half_1,history,one_to_five,8062,27,True,0.9544777970726867,0.9441489035880659
C,17,uniform_half_1,history,six,70542,27,True,0.9823367639136968,0.9815225484495995
C,17,uniform_half_1,current_points,1,0,0,False,,
C,17,uniform_half_1,current_points,2,0,0,False,,
C,17,uniform_half_1,current_points,ge3,80450,27,True,0.978297078931013,0.9770201865513308
C,17,uniform_half_1,current_range,le20,26404,27,True,0.9814422057264051,0.9808285346731648
C,17,uniform_half_1,current_range,20to40,36863,27,True,0.9809022597184168,0.980213219778514
C,17,uniform_half_1,current_range,gt40,17183,27,True,0.9678752255135891,0.9606547059165532
C,17,uniform_half_2,retained_N,1-2,1615,27,True,0.9306501547987616,0.9221016365202411
C,17,uniform_half_2,retained_N,3-4,1566,27,True,0.938058748403576,0.9295937394409381
C,17,uniform_half_2,retained_N,5-8,3392,27,True,0.9504716981132075,0.944139979414792
C,17,uniform_half_2,retained_N,9-16,37944,27,True,0.9801813198397639,0.9800905521580696
C,17,uniform_half_2,retained_N,17-32,26522,27,True,0.9841640901892769,0.9828505945131546
C,17,uniform_half_2,retained_N,33-64,8842,23,True,0.9867676996154716,0.9729189318449811
C,17,uniform_half_2,retained_N,65-511,569,14,True,0.984182776801406,0.8861418058118594
C,17,uniform_half_2,original_shape,compact,4336,26,True,0.9746309963099631,0.9676166840885865
C,17,uniform_half_2,original_shape,elongated,45116,27,True,0.9839746431421226,0.9775931074809032
C,17,uniform_half_2,original_shape,intermediate,30998,27,True,0.9728369572230466,0.9725650449890815
C,17,uniform_half_2,N_x_original_shape,1-2:elongated,1081,26,True,0.9333950046253469,0.9281913126914418
C,17,uniform_half_2,N_x_original_shape,1-2:intermediate,484,27,True,0.9256198347107438,0.9044066011235955
C,17,uniform_half_2,N_x_original_shape,1-2:compact,50,14,False,0.92,0.910873440285205
C,17,uniform_half_2,N_x_original_shape,3-4:elongated,932,27,True,0.9431330472103004,0.932697037203567
C,17,uniform_half_2,N_x_original_shape,3-4:intermediate,568,25,True,0.9348591549295775,0.9291682254645217
C,17,uniform_half_2,N_x_original_shape,3-4:compact,66,17,False,0.8939393939393939,0.888162672476398
C,17,uniform_half_2,N_x_original_shape,5-8:elongated,2275,26,True,0.9586813186813187,0.950326772487559
C,17,uniform_half_2,N_x_original_shape,5-8:intermediate,996,27,True,0.9367469879518072,0.9337748484160866
C,17,uniform_half_2,N_x_original_shape,5-8:compact,121,18,True,0.9090909090909091,0.9090660654505704
C,17,uniform_half_2,N_x_original_shape,9-16:elongated,19967,27,True,0.9816697550959083,0.9788460718160255
C,17,uniform_half_2,N_x_original_shape,9-16:intermediate,15866,27,True,0.9779402495903189,0.9769300968682513
C,17,uniform_half_2,N_x_original_shape,9-16:compact,2111,22,True,0.9829464708668877,0.9691042023748735
C,17,uniform_half_2,N_x_original_shape,17-32:elongated,14587,26,True,0.9924590388702269,0.9865141042615891
C,17,uniform_half_2,N_x_original_shape,17-32:intermediate,10253,25,True,0.9741539061738028,0.9734921427846617
C,17,uniform_half_2,N_x_original_shape,17-32:compact,1682,21,True,0.9732461355529132,0.9671412924424972
C,17,uniform_half_2,N_x_original_shape,33-64:elongated,5882,20,True,0.9960897653859232,0.9838431353627961
C,17,uniform_half_2,N_x_original_shape,33-64:intermediate,2658,22,True,0.9668924003009782,0.9598376914158869
C,17,uniform_half_2,N_x_original_shape,33-64:compact,302,14,True,0.9801324503311258,0.9782890007189073
C,17,uniform_half_2,N_x_original_shape,65-511:elongated,392,12,True,0.9872448979591837,0.6396396396396397
C,17,uniform_half_2,N_x_original_shape,65-511:intermediate,173,12,True,0.9826589595375722,0.9497531222770839
C,17,uniform_half_2,N_x_original_shape,65-511:compact,4,3,False,0.75,
C,17,uniform_half_2,history,none,1846,27,True,0.9295774647887324,0.9182175947698519
C,17,uniform_half_2,history,one_to_five,8062,27,True,0.9550979905730588,0.9447720944625171
C,17,uniform_half_2,history,six,70542,27,True,0.9832298488843526,0.9824577842650808
C,17,uniform_half_2,current_points,1,0,0,False,,
C,17,uniform_half_2,current_points,2,0,0,False,,
C,17,uniform_half_2,current_points,ge3,80450,27,True,0.9791796146674954,0.9779534148515618
C,17,uniform_half_2,current_range,le20,26404,27,True,0.9818209362217846,0.98121978906759
C,17,uniform_half_2,current_range,20to40,36863,27,True,0.9818517212380978,0.9812026437252479
C,17,uniform_half_2,current_range,gt40,17183,27,True,0.9693883489495432,0.962420493213995
C,17,uniform_quarter_0,retained_N,1-2,3181,27,True,0.9100911662999057,0.9005132213662458
C,17,uniform_quarter_0,retained_N,3-4,3392,27,True,0.9316037735849056,0.9233346855446274
C,17,uniform_quarter_0,retained_N,5-8,37944,27,True,0.9737507906388362,0.9736372626422842
C,17,uniform_quarter_0,retained_N,9-16,26522,27,True,0.978546112661187,0.9768109281675156
C,17,uniform_quarter_0,retained_N,17-32,8842,23,True,0.9800950011309658,0.9604205766447952
C,17,uniform_quarter_0,retained_N,33-64,538,14,True,0.9851301115241635,0.9220120316010727
C,17,uniform_quarter_0,retained_N,65-511,31,3,False,1.0,
C,17,uniform_quarter_0,original_shape,compact,4336,26,True,0.9644833948339483,0.9544881525683975
C,17,uniform_quarter_0,original_shape,elongated,45116,27,True,0.9791648195762036,0.9710065851121212
C,17,uniform_quarter_0,original_shape,intermediate,30998,27,True,0.9621588489579973,0.9617237328543606
C,17,uniform_quarter_0,N_x_original_shape,1-2:elongated,2013,27,True,0.9155489319423745,0.9073447325043158
C,17,uniform_quarter_0,N_x_original_shape,1-2:intermediate,1052,27,True,0.9001901140684411,0.8870347700964285
C,17,uniform_quarter_0,N_x_original_shape,1-2:compact,116,19,True,0.9051724137931034,0.8988505747126436
C,17,uniform_quarter_0,N_x_original_shape,3-4:elongated,2275,26,True,0.945054945054945,0.934200616449117
C,17,uniform_quarter_0,N_x_original_shape,3-4:intermediate,996,27,True,0.9066265060240963,0.9029836598877004
C,17,uniform_quarter_0,N_x_original_shape,3-4:compact,121,18,True,0.8842975206611571,0.8842263531984691
C,17,uniform_quarter_0,N_x_original_shape,5-8:elongated,19967,27,True,0.9764110782791606,0.9728059848817009
C,17,uniform_quarter_0,N_x_original_shape,5-8:intermediate,15866,27,True,0.9701247951594605,0.9687185401349825
C,17,uniform_quarter_0,N_x_original_shape,5-8:compact,2111,22,True,0.9758408337280909,0.9560794120586718
C,17,uniform_quarter_0,N_x_original_shape,9-16:elongated,14587,26,True,0.9897854253787619,0.9818008048058081
C,17,uniform_quarter_0,N_x_original_shape,9-16:intermediate,10253,25,True,0.9659611820930459,0.9650335350695722
C,17,uniform_quarter_0,N_x_original_shape,9-16:compact,1682,21,True,0.9577883472057075,0.9477583766959542
C,17,uniform_quarter_0,N_x_original_shape,17-32:elongated,5882,20,True,0.9959197551853112,0.983600981376157
C,17,uniform_quarter_0,N_x_original_shape,17-32:intermediate,2658,22,True,0.9454477050413845,0.935473976881398
C,17,uniform_quarter_0,N_x_original_shape,17-32:compact,302,14,True,0.9768211920529801,0.9745064698575787
C,17,uniform_quarter_0,N_x_original_shape,33-64:elongated,361,12,True,0.997229916897507,0.9608332429206901
C,17,uniform_quarter_0,N_x_original_shape,33-64:intermediate,173,12,True,0.9595375722543352,0.9031587365053978
C,17,uniform_quarter_0,N_x_original_shape,33-64:compact,4,3,False,1.0,
C,17,uniform_quarter_0,N_x_original_shape,65-511:elongated,31,3,False,1.0,
C,17,uniform_quarter_0,N_x_original_shape,65-511:intermediate,0,0,False,,
C,17,uniform_quarter_0,N_x_original_shape,65-511:compact,0,0,False,,
C,17,uniform_quarter_0,history,none,1846,27,True,0.8927410617551462,0.8799768299602799
C,17,uniform_quarter_0,history,one_to_five,8062,27,True,0.9412056561647234,0.9282481205582567
C,17,uniform_quarter_0,history,six,70542,27,True,0.9773893566953021,0.9763822312486222
C,17,uniform_quarter_0,current_points,1,0,0,False,,
C,17,uniform_quarter_0,current_points,2,0,0,False,,
C,17,uniform_quarter_0,current_points,ge3,80450,27,True,0.9718210068365445,0.97023059181312
C,17,uniform_quarter_0,current_range,le20,26404,27,True,0.9742841993637328,0.973495414943572
C,17,uniform_quarter_0,current_range,20to40,36863,27,True,0.9754767653202399,0.9746252064757421
C,17,uniform_quarter_0,current_range,gt40,17183,27,True,0.9601932142233603,0.9514642845462032
C,17,uniform_quarter_1,retained_N,1-2,3181,27,True,0.9075762338887142,0.8974631500006578
C,17,uniform_quarter_1,retained_N,3-4,3392,27,True,0.9369103773584906,0.9292212946116029
C,17,uniform_quarter_1,retained_N,5-8,37944,27,True,0.9744360109635252,0.974326691650381
C,17,uniform_quarter_1,retained_N,9-16,26522,27,True,0.9788100444913657,0.977086487188743
C,17,uniform_quarter_1,retained_N,17-32,8842,23,True,0.9815652567292468,0.9632390673703191
C,17,uniform_quarter_1,retained_N,33-64,538,14,True,0.9795539033457249,0.894613124387855
C,17,uniform_quarter_1,retained_N,65-511,31,3,False,1.0,
C,17,uniform_quarter_1,original_shape,compact,4336,26,True,0.9649446494464945,0.9548531222197287
C,17,uniform_quarter_1,original_shape,elongated,45116,27,True,0.979297810089547,0.9711822175186982
C,17,uniform_quarter_1,original_shape,intermediate,30998,27,True,0.963610555519711,0.9632015527572422
C,17,uniform_quarter_1,N_x_original_shape,1-2:elongated,2013,27,True,0.914555389965226,0.9058846682439721
C,17,uniform_quarter_1,N_x_original_shape,1-2:intermediate,1052,27,True,0.8944866920152091,0.8805796141019386
C,17,uniform_quarter_1,N_x_original_shape,1-2:compact,116,19,True,0.9051724137931034,0.8988505747126436
C,17,uniform_quarter_1,N_x_original_shape,3-4:elongated,2275,26,True,0.9476923076923077,0.9372514307183712
C,17,uniform_quarter_1,N_x_original_shape,3-4:intermediate,996,27,True,0.9206827309236948,0.9176545076841769
C,17,uniform_quarter_1,N_x_original_shape,3-4:compact,121,18,True,0.8677685950413223,0.86775956284153
C,17,uniform_quarter_1,N_x_original_shape,5-8:elongated,19967,27,True,0.9764611609155106,0.9728580138938889
C,17,uniform_quarter_1,N_x_original_shape,5-8:intermediate,15866,27,True,0.9717004916172949,0.9703659171119796
C,17,uniform_quarter_1,N_x_original_shape,5-8:compact,2111,22,True,0.9758408337280909,0.9552474812912848
C,17,uniform_quarter_1,N_x_original_shape,9-16:elongated,14587,26,True,0.9904024131075615,0.9829139047138407
C,17,uniform_quarter_1,N_x_original_shape,9-16:intermediate,10253,25,True,0.9648883253681849,0.963955989253942
C,17,uniform_quarter_1,N_x_original_shape,9-16:compact,1682,21,True,0.9631391200951248,0.9544684522312572
C,17,uniform_quarter_1,N_x_original_shape,17-32:elongated,5882,20,True,0.9947296837810269,0.9789919931038639
C,17,uniform_quarter_1,N_x_original_shape,17-32:intermediate,2658,22,True,0.9548532731376975,0.9461610913620757
C,17,uniform_quarter_1,N_x_original_shape,17-32:compact,302,14,True,0.9602649006622517,0.9569330227694063
C,17,uniform_quarter_1,N_x_original_shape,33-64:elongated,361,12,True,0.9944598337950139,0.9152582159624414
C,17,uniform_quarter_1,N_x_original_shape,33-64:intermediate,173,12,True,0.9479768786127167,0.8804973520607875
C,17,uniform_quarter_1,N_x_original_shape,33-64:compact,4,3,False,1.0,
C,17,uniform_quarter_1,N_x_original_shape,65-511:elongated,31,3,False,1.0,
C,17,uniform_quarter_1,N_x_original_shape,65-511:intermediate,0,0,False,,
C,17,uniform_quarter_1,N_x_original_shape,65-511:compact,0,0,False,,
C,17,uniform_quarter_1,history,none,1846,27,True,0.9008667388949079,0.8885805061895871
C,17,uniform_quarter_1,history,one_to_five,8062,27,True,0.9403373852642024,0.9272912269463657
C,17,uniform_quarter_1,history,six,70542,27,True,0.9780272745314847,0.9770444880949334
C,17,uniform_quarter_1,current_points,1,0,0,False,,
C,17,uniform_quarter_1,current_points,2,0,0,False,,
C,17,uniform_quarter_1,current_points,ge3,80450,27,True,0.9724798011187072,0.9709214452279765
C,17,uniform_quarter_1,current_range,le20,26404,27,True,0.9753067717012573,0.9745435135399096
C,17,uniform_quarter_1,current_range,20to40,36863,27,True,0.9757209125681577,0.9748775732495325
C,17,uniform_quarter_1,current_range,gt40,17183,27,True,0.9611825641622533,0.9526392036254846
C,17,uniform_quarter_2,retained_N,1-2,3181,27,True,0.904432568374725,0.8939289835423989
C,17,uniform_quarter_2,retained_N,3-4,3392,27,True,0.9386792452830188,0.931235702044247
C,17,uniform_quarter_2,retained_N,5-8,37944,27,True,0.9740406915454354,0.9739270546575706
C,17,uniform_quarter_2,retained_N,9-16,26522,27,True,0.9775657944348088,0.9757621154645378
C,17,uniform_quarter_2,retained_N,17-32,8842,23,True,0.9813390635602804,0.9629060523370118
C,17,uniform_quarter_2,retained_N,33-64,538,14,True,0.9851301115241635,0.9220120316010727
C,17,uniform_quarter_2,retained_N,65-511,31,3,False,1.0,
C,17,uniform_quarter_2,original_shape,compact,4336,26,True,0.9610239852398524,0.9497331263255108
C,17,uniform_quarter_2,original_shape,elongated,45116,27,True,0.9795859562017909,0.9715861128041586
C,17,uniform_quarter_2,original_shape,intermediate,30998,27,True,0.9620943286663656,0.9616653786753553
C,17,uniform_quarter_2,N_x_original_shape,1-2:elongated,2013,27,True,0.9100844510680576,0.9011235753811535
C,17,uniform_quarter_2,N_x_original_shape,1-2:intermediate,1052,27,True,0.8954372623574145,0.8810380489088644
C,17,uniform_quarter_2,N_x_original_shape,1-2:compact,116,19,True,0.8879310344827587,0.8804597701149426
C,17,uniform_quarter_2,N_x_original_shape,3-4:elongated,2275,26,True,0.9538461538461539,0.9446336153397392
C,17,uniform_quarter_2,N_x_original_shape,3-4:intermediate,996,27,True,0.9106425702811245,0.907156405698982
C,17,uniform_quarter_2,N_x_original_shape,3-4:compact,121,18,True,0.8842975206611571,0.8840996168582376
C,17,uniform_quarter_2,N_x_original_shape,5-8:elongated,19967,27,True,0.9767115740972605,0.9731501473955522
C,17,uniform_quarter_2,N_x_original_shape,5-8:intermediate,15866,27,True,0.9706920458842808,0.9693270476000821
C,17,uniform_quarter_2,N_x_original_shape,5-8:compact,2111,22,True,0.9739459971577451,0.9524144429266357
C,17,uniform_quarter_2,N_x_original_shape,9-16:elongated,14587,26,True,0.9900596421471173,0.9823122603080947
C,17,uniform_quarter_2,N_x_original_shape,9-16:intermediate,10253,25,True,0.9630352092070613,0.9620278217517704
C,17,uniform_quarter_2,N_x_original_shape,9-16:compact,1682,21,True,0.9577883472057075,0.947347652662576
C,17,uniform_quarter_2,N_x_original_shape,17-32:elongated,5882,20,True,0.995749744984699,0.9828974300553737
C,17,uniform_quarter_2,N_x_original_shape,17-32:intermediate,2658,22,True,0.9533483822422875,0.9447610555989447
C,17,uniform_quarter_2,N_x_original_shape,17-32:compact,302,14,True,0.9470198675496688,0.942344406261932
C,17,uniform_quarter_2,N_x_original_shape,33-64:elongated,361,12,True,1.0,1.0
C,17,uniform_quarter_2,N_x_original_shape,33-64:intermediate,173,12,True,0.953757225433526,0.8916040100250626
C,17,uniform_quarter_2,N_x_original_shape,33-64:compact,4,3,False,1.0,
C,17,uniform_quarter_2,N_x_original_shape,65-511:elongated,31,3,False,1.0,
C,17,uniform_quarter_2,N_x_original_shape,65-511:intermediate,0,0,False,,
C,17,uniform_quarter_2,N_x_original_shape,65-511:compact,0,0,False,,
C,17,uniform_quarter_2,history,none,1846,27,True,0.8878656554712893,0.8743718543402338
C,17,uniform_quarter_2,history,one_to_five,8062,27,True,0.9429421979657653,0.9303315004144957
C,17,uniform_quarter_2,history,six,70542,27,True,0.9773468288395566,0.9763373749434303
C,17,uniform_quarter_2,current_points,1,0,0,False,,
C,17,uniform_quarter_2,current_points,2,0,0,False,,
C,17,uniform_quarter_2,current_points,ge3,80450,27,True,0.9718458669981355,0.9702550489464759
C,17,uniform_quarter_2,current_range,le20,26404,27,True,0.9740190880169671,0.97322757141922
C,17,uniform_quarter_2,current_range,20to40,36863,27,True,0.9752326180723219,0.974375477760473
C,17,uniform_quarter_2,current_range,gt40,17183,27,True,0.9612407612174824,0.9526386715907964
C,17,central_half,retained_N,1-2,1615,27,True,0.923219814241486,0.9146778327675297
C,17,central_half,retained_N,3-4,1566,27,True,0.9310344827586207,0.9225615741893891
C,17,central_half,retained_N,5-8,3392,27,True,0.9386792452830188,0.9318466782094761
C,17,central_half,retained_N,9-16,37944,27,True,0.9783628505165507,0.9783000651816027
C,17,central_half,retained_N,17-32,26522,27,True,0.971759294170877,0.9698323583130112
C,17,central_half,retained_N,33-64,8842,23,True,0.9574756842343362,0.9224989209127161
C,17,central_half,retained_N,65-511,569,14,True,0.9525483304042179,0.8023924368126567
C,17,central_half,original_shape,compact,4336,26,True,0.9702490774907749,0.9610523925618359
C,17,central_half,original_shape,elongated,45116,27,True,0.9774137778171824,0.9691008452749453
C,17,central_half,original_shape,intermediate,30998,27,True,0.9591909155429382,0.9584960066639636
C,17,central_half,N_x_original_shape,1-2:elongated,1081,26,True,0.9269195189639223,0.9220570961273605
C,17,central_half,N_x_original_shape,1-2:intermediate,484,27,True,0.9152892561983471,0.891935457520789
C,17,central_half,N_x_original_shape,1-2:compact,50,14,False,0.92,0.910873440285205
C,17,central_half,N_x_original_shape,3-4:elongated,932,27,True,0.9431330472103004,0.9333544709414106
C,17,central_half,N_x_original_shape,3-4:intermediate,568,25,True,0.9172535211267606,0.9113133896981878
C,17,central_half,N_x_original_shape,3-4:compact,66,17,False,0.8787878787878788,0.8730769230769231
C,17,central_half,N_x_original_shape,5-8:elongated,2275,26,True,0.9512087912087912,0.9422510793405338
C,17,central_half,N_x_original_shape,5-8:intermediate,996,27,True,0.9166666666666666,0.9138206212112525
C,17,central_half,N_x_original_shape,5-8:compact,121,18,True,0.8842975206611571,0.8842263531984691
C,17,central_half,N_x_original_shape,9-16:elongated,19967,27,True,0.9789152100966595,0.9759161469472574
C,17,central_half,N_x_original_shape,9-16:intermediate,15866,27,True,0.9767427202823648,0.9755075435881694
C,17,central_half,N_x_original_shape,9-16:compact,2111,22,True,0.98531501657982,0.972468580626406
C,17,central_half,N_x_original_shape,17-32:elongated,14587,26,True,0.9825186810173442,0.9699309383695732
C,17,central_half,N_x_original_shape,17-32:intermediate,10253,25,True,0.956207939139764,0.9545257394350632
C,17,central_half,N_x_original_shape,17-32:compact,1682,21,True,0.9732461355529132,0.9663144121711382
C,17,central_half,N_x_original_shape,33-64:elongated,5882,20,True,0.9836790207412445,0.9400407747196737
C,17,central_half,N_x_original_shape,33-64:intermediate,2658,22,True,0.9040632054176072,0.8930484405560364
C,17,central_half,N_x_original_shape,33-64:compact,302,14,True,0.9172185430463576,0.9126592089585045
C,17,central_half,N_x_original_shape,65-511:elongated,392,12,True,0.9897959183673469,0.8723958333333333
C,17,central_half,N_x_original_shape,65-511:intermediate,173,12,True,0.8786127167630058,0.773008434864105
C,17,central_half,N_x_original_shape,65-511:compact,4,3,False,0.5,
C,17,central_half,history,none,1846,27,True,0.9225352112676056,0.9110630302340147
C,17,central_half,history,one_to_five,8062,27,True,0.9412056561647234,0.9292856013529598
C,17,central_half,history,six,70542,27,True,0.9745399903603527,0.9736001321790508
C,17,central_half,current_points,1,0,0,False,,
C,17,central_half,current_points,2,0,0,False,,
C,17,central_half,current_points,ge3,80450,27,True,0.9700062150403977,0.9685549790109182
C,17,central_half,current_range,le20,26404,27,True,0.9642857142857143,0.963478690727881
C,17,central_half,current_range,20to40,36863,27,True,0.9784065322952554,0.9777764525438755
C,17,central_half,current_range,gt40,17183,27,True,0.9607751847756504,0.9525585603671605
C,17,xy_fraction6,retained_N,1-2,0,0,False,,
C,17,xy_fraction6,retained_N,3-4,1615,27,True,0.9325077399380804,0.9243616598455309
C,17,xy_fraction6,retained_N,5-8,1566,27,True,0.9489144316730523,0.9418449197860963
C,17,xy_fraction6,retained_N,9-16,3392,27,True,0.9543042452830188,0.9484740120404364
C,17,xy_fraction6,retained_N,17-32,37944,27,True,0.9845034788108792,0.9844343857904778
C,17,xy_fraction6,retained_N,33-64,26522,27,True,0.9886886358494834,0.987734282813653
C,17,xy_fraction6,retained_N,65-511,9411,23,True,0.9872489639783233,0.9732070869262199
C,17,xy_fraction6,original_shape,compact,4336,26,True,0.9847785977859779,0.9805379643533328
C,17,xy_fraction6,original_shape,elongated,45116,27,True,0.9856813547300293,0.9799522447871272
C,17,xy_fraction6,original_shape,intermediate,30998,27,True,0.9793535066778501,0.9791397309289088
C,17,xy_fraction6,N_x_original_shape,1-2:elongated,0,0,False,,
C,17,xy_fraction6,N_x_original_shape,1-2:intermediate,0,0,False,,
C,17,xy_fraction6,N_x_original_shape,1-2:compact,0,0,False,,
C,17,xy_fraction6,N_x_original_shape,3-4:elongated,1081,26,True,0.937095282146161,0.9324667974922645
C,17,xy_fraction6,N_x_original_shape,3-4:intermediate,484,27,True,0.9214876033057852,0.8985862061359977
C,17,xy_fraction6,N_x_original_shape,3-4:compact,50,14,False,0.94,0.932157394843962
C,17,xy_fraction6,N_x_original_shape,5-8:elongated,932,27,True,0.9613733905579399,0.9540534618755478
C,17,xy_fraction6,N_x_original_shape,5-8:intermediate,568,25,True,0.9383802816901409,0.9329969700340071
C,17,xy_fraction6,N_x_original_shape,5-8:compact,66,17,False,0.8636363636363636,0.8581323143061859
C,17,xy_fraction6,N_x_original_shape,9-16:elongated,2275,26,True,0.9591208791208791,0.9509189289504666
C,17,xy_fraction6,N_x_original_shape,9-16:intermediate,996,27,True,0.9477911646586346,0.9453135558859305
C,17,xy_fraction6,N_x_original_shape,9-16:compact,121,18,True,0.9173553719008265,0.9173497267759563
C,17,xy_fraction6,N_x_original_shape,17-32:elongated,19967,27,True,0.9839234737316572,0.9814367637781245
C,17,xy_fraction6,N_x_original_shape,17-32:intermediate,15866,27,True,0.9846212025715366,0.9838991088500967
C,17,xy_fraction6,N_x_original_shape,17-32:compact,2111,22,True,0.9891046897205116,0.9801005852238658
C,17,xy_fraction6,N_x_original_shape,33-64:elongated,14587,26,True,0.9933502433673819,0.988051396208944
C,17,xy_fraction6,N_x_original_shape,33-64:intermediate,10253,25,True,0.9817614356773627,0.9813131708154785
C,17,xy_fraction6,N_x_original_shape,33-64:compact,1682,21,True,0.990487514863258,0.9882947536905105
C,17,xy_fraction6,N_x_original_shape,65-511:elongated,6274,20,True,0.9950589735416002,0.9783702209363815
C,17,xy_fraction6,N_x_original_shape,65-511:intermediate,2831,22,True,0.9703285058283292,0.9637367423272019
C,17,xy_fraction6,N_x_original_shape,65-511:compact,306,14,True,0.9836601307189542,0.9819172448026852
C,17,xy_fraction6,history,none,1846,27,True,0.9344528710725893,0.923843716064978
C,17,xy_fraction6,history,one_to_five,8062,27,True,0.9611758868767055,0.9521781816172981
C,17,xy_fraction6,history,six,70542,27,True,0.986986476141873,0.986389812518485
C,17,xy_fraction6,current_points,1,0,0,False,,
C,17,xy_fraction6,current_points,2,0,0,False,,
C,17,xy_fraction6,current_points,ge3,80450,27,True,0.98319453076445,0.9822066632567215
C,17,xy_fraction6,current_range,le20,26404,27,True,0.9856461142251174,0.9851695880335224
C,17,xy_fraction6,current_range,20to40,36863,27,True,0.9868160486124298,0.9863486467357018
C,17,xy_fraction6,current_range,gt40,17183,27,True,0.9716580341034744,0.9652003817506172
C,17,xy_fraction4,retained_N,1-2,0,0,False,,
C,17,xy_fraction4,retained_N,3-4,1615,27,True,0.9362229102167182,0.9283942922056986
C,17,xy_fraction4,retained_N,5-8,1566,27,True,0.9495530012771393,0.9425427060948464
C,17,xy_fraction4,retained_N,9-16,3392,27,True,0.9540094339622641,0.9481763105472538
C,17,xy_fraction4,retained_N,17-32,37944,27,True,0.9842662871600253,0.9841964150444132
C,17,xy_fraction4,retained_N,33-64,26522,27,True,0.9888771585853254,0.9879411853931324
C,17,xy_fraction4,retained_N,65-511,9411,23,True,0.9872489639783233,0.9732070869262199
C,17,xy_fraction4,original_shape,compact,4336,26,True,0.985239852398524,0.9811173213248032
C,17,xy_fraction4,original_shape,elongated,45116,27,True,0.9855926943878003,0.9798307867008339
C,17,xy_fraction4,original_shape,intermediate,30998,27,True,0.9794825472611136,0.9792692859930655
C,17,xy_fraction4,N_x_original_shape,1-2:elongated,0,0,False,,
C,17,xy_fraction4,N_x_original_shape,1-2:intermediate,0,0,False,,
C,17,xy_fraction4,N_x_original_shape,1-2:compact,0,0,False,,
C,17,xy_fraction4,N_x_original_shape,3-4:elongated,1081,26,True,0.940795559666975,0.9363059201319841
C,17,xy_fraction4,N_x_original_shape,3-4:intermediate,484,27,True,0.9256198347107438,0.9039237742341031
C,17,xy_fraction4,N_x_original_shape,3-4:compact,50,14,False,0.94,0.932157394843962
C,17,xy_fraction4,N_x_original_shape,5-8:elongated,932,27,True,0.9613733905579399,0.9540534618755478
C,17,xy_fraction4,N_x_original_shape,5-8:intermediate,568,25,True,0.9401408450704225,0.9348404075848573
C,17,xy_fraction4,N_x_original_shape,5-8:compact,66,17,False,0.8636363636363636,0.8581323143061859
C,17,xy_fraction4,N_x_original_shape,9-16:elongated,2275,26,True,0.9586813186813187,0.9504552051110489
C,17,xy_fraction4,N_x_original_shape,9-16:intermediate,996,27,True,0.9477911646586346,0.9453135558859305
C,17,xy_fraction4,N_x_original_shape,9-16:compact,121,18,True,0.9173553719008265,0.9173497267759563
C,17,xy_fraction4,N_x_original_shape,17-32:elongated,19967,27,True,0.9834226473681574,0.9808600900379644
C,17,xy_fraction4,N_x_original_shape,17-32:intermediate,15866,27,True,0.9846212025715366,0.9838982085333277
C,17,xy_fraction4,N_x_original_shape,17-32:compact,2111,22,True,0.9895783988630981,0.9809435882285358
C,17,xy_fraction4,N_x_original_shape,33-64:elongated,14587,26,True,0.9935559059436484,0.9884266360181425
C,17,xy_fraction4,N_x_original_shape,33-64:intermediate,10253,25,True,0.9818589681068955,0.9814102186684468
C,17,xy_fraction4,N_x_original_shape,33-64:compact,1682,21,True,0.9910820451843044,0.989019372994447
C,17,xy_fraction4,N_x_original_shape,65-511:elongated,6274,20,True,0.9950589735416002,0.9783702209363815
C,17,xy_fraction4,N_x_original_shape,65-511:intermediate,2831,22,True,0.9703285058283292,0.9637367423272019
C,17,xy_fraction4,N_x_original_shape,65-511:compact,306,14,True,0.9836601307189542,0.9819172448026852
C,17,xy_fraction4,history,none,1846,27,True,0.9382448537378115,0.9280798884514436
C,17,xy_fraction4,history,one_to_five,8062,27,True,0.9609278094765566,0.9518853619910672
C,17,xy_fraction4,history,six,70542,27,True,0.9869439482861274,0.9863466056350251
C,17,xy_fraction4,current_points,1,0,0,False,,
C,17,xy_fraction4,current_points,2,0,0,False,,
C,17,xy_fraction4,current_points,ge3,80450,27,True,0.983219390926041,0.9822343065350034
C,17,xy_fraction4,current_range,le20,26404,27,True,0.9857218603241933,0.9852490895932811
C,17,xy_fraction4,current_range,20to40,36863,27,True,0.9868431760844207,0.9863771606770304
C,17,xy_fraction4,current_range,gt40,17183,27,True,0.9715998370482454,0.9651353625255314
C,17,kept_single,retained_N,1-2,0,0,False,,
C,17,kept_single,retained_N,3-4,40406,27,True,0.9682472900064347,0.9680071049163362
C,17,kept_single,retained_N,5-8,26553,27,True,0.9721688698075547,0.9706912810114805
C,17,kept_single,retained_N,9-16,12049,26,True,0.9673831853265831,0.9470726475390032
C,17,kept_single,retained_N,17-32,1357,21,True,0.9705232129697863,0.8889707085583374
C,17,kept_single,retained_N,33-64,85,8,False,1.0,
C,17,kept_single,retained_N,65-511,0,0,False,,
C,17,kept_single,original_shape,compact,4336,26,True,0.9568726937269373,0.9437712821423934
C,17,kept_single,original_shape,elongated,45116,27,True,0.9785441971806011,0.9703896713085347
C,17,kept_single,original_shape,intermediate,30998,27,True,0.9580618104393832,0.9575486856867708
C,17,kept_single,N_x_original_shape,1-2:elongated,0,0,False,,
C,17,kept_single,N_x_original_shape,1-2:intermediate,0,0,False,,
C,17,kept_single,N_x_original_shape,1-2:compact,0,0,False,,
C,17,kept_single,N_x_original_shape,3-4:elongated,21829,27,True,0.9737505153694627,0.9702857315937872
C,17,kept_single,N_x_original_shape,3-4:intermediate,16401,27,True,0.961038961038961,0.9599848162640694
C,17,kept_single,N_x_original_shape,3-4:compact,2176,24,True,0.9673713235294118,0.9496476055920308
C,17,kept_single,N_x_original_shape,5-8:elongated,14358,27,True,0.9820309235269536,0.9719482183492422
C,17,kept_single,N_x_original_shape,5-8:intermediate,10581,27,True,0.9622908987808335,0.9611044459773008
C,17,kept_single,N_x_original_shape,5-8:compact,1614,24,True,0.9491945477075588,0.932756560335577
C,17,kept_single,N_x_original_shape,9-16:elongated,8030,25,True,0.9840597758405978,0.9448018561492894
C,17,kept_single,N_x_original_shape,9-16:intermediate,3517,26,True,0.9334660221779926,0.9304101429716594
C,17,kept_single,N_x_original_shape,9-16:compact,502,19,True,0.9382470119521913,0.9377467707287412
C,17,kept_single,N_x_original_shape,17-32:elongated,816,17,True,0.9889705882352942,0.9181954887218045
C,17,kept_single,N_x_original_shape,17-32:intermediate,497,19,True,0.9436619718309859,0.8792433182922597
C,17,kept_single,N_x_original_shape,17-32:compact,44,9,False,0.9318181818181818,
C,17,kept_single,N_x_original_shape,33-64:elongated,83,8,False,1.0,
C,17,kept_single,N_x_original_shape,33-64:intermediate,2,1,False,1.0,
C,17,kept_single,N_x_original_shape,33-64:compact,0,0,False,,
C,17,kept_single,N_x_original_shape,65-511:elongated,0,0,False,,
C,17,kept_single,N_x_original_shape,65-511:intermediate,0,0,False,,
C,17,kept_single,N_x_original_shape,65-511:compact,0,0,False,,
C,17,kept_single,history,none,1846,27,True,0.9344528710725893,0.923843716064978
C,17,kept_single,history,one_to_five,8062,27,True,0.9487720168692632,0.937964532716393
C,17,kept_single,history,six,70542,27,True,0.9727679963709563,0.9716312172991672
C,17,kept_single,current_points,1,0,0,False,,
C,17,kept_single,current_points,2,0,0,False,,
C,17,kept_single,current_points,ge3,80450,27,True,0.9694841516469858,0.9678429061986904
C,17,kept_single,current_range,le20,26404,27,True,0.9653461596727768,0.9644346697031838
C,17,kept_single,current_range,20to40,36863,27,True,0.9758565499281122,0.9750492012153574
C,17,kept_single,current_range,gt40,17183,27,True,0.9621719141011464,0.9537932789170807
C,17,sparse_single,retained_N,1-2,97734,27,True,0.9452186547158614,0.9450785667539725
C,17,sparse_single,retained_N,3-4,0,0,False,,
C,17,sparse_single,retained_N,5-8,0,0,False,,
C,17,sparse_single,retained_N,9-16,0,0,False,,
C,17,sparse_single,retained_N,17-32,0,0,False,,
C,17,sparse_single,retained_N,33-64,0,0,False,,
C,17,sparse_single,retained_N,65-511,0,0,False,,
C,17,sparse_single,original_shape,undefined_low_support,97734,27,True,0.9452186547158614,0.9450785667539725
C,17,sparse_single,N_x_original_shape,1-2:elongated,0,0,False,,
C,17,sparse_single,N_x_original_shape,1-2:intermediate,0,0,False,,
C,17,sparse_single,N_x_original_shape,1-2:compact,0,0,False,,
C,17,sparse_single,N_x_original_shape,3-4:elongated,0,0,False,,
C,17,sparse_single,N_x_original_shape,3-4:intermediate,0,0,False,,
C,17,sparse_single,N_x_original_shape,3-4:compact,0,0,False,,
C,17,sparse_single,N_x_original_shape,5-8:elongated,0,0,False,,
C,17,sparse_single,N_x_original_shape,5-8:intermediate,0,0,False,,
C,17,sparse_single,N_x_original_shape,5-8:compact,0,0,False,,
C,17,sparse_single,N_x_original_shape,9-16:elongated,0,0,False,,
C,17,sparse_single,N_x_original_shape,9-16:intermediate,0,0,False,,
C,17,sparse_single,N_x_original_shape,9-16:compact,0,0,False,,
C,17,sparse_single,N_x_original_shape,17-32:elongated,0,0,False,,
C,17,sparse_single,N_x_original_shape,17-32:intermediate,0,0,False,,
C,17,sparse_single,N_x_original_shape,17-32:compact,0,0,False,,
C,17,sparse_single,N_x_original_shape,33-64:elongated,0,0,False,,
C,17,sparse_single,N_x_original_shape,33-64:intermediate,0,0,False,,
C,17,sparse_single,N_x_original_shape,33-64:compact,0,0,False,,
C,17,sparse_single,N_x_original_shape,65-511:elongated,0,0,False,,
C,17,sparse_single,N_x_original_shape,65-511:intermediate,0,0,False,,
C,17,sparse_single,N_x_original_shape,65-511:compact,0,0,False,,
C,17,sparse_single,history,none,97734,27,True,0.9452186547158614,0.9450785667539725
C,17,sparse_single,history,one_to_five,0,0,False,,
C,17,sparse_single,history,six,0,0,False,,
C,17,sparse_single,current_points,1,58612,27,True,0.9405753088104825,0.9399886751027924
C,17,sparse_single,current_points,2,39122,27,True,0.952175246664281,0.9521521788526575
C,17,sparse_single,current_points,ge3,0,0,False,,
C,17,sparse_single,current_range,le20,11734,27,True,0.9446054201465826,0.9390104452538962
C,17,sparse_single,current_range,20to40,33802,26,True,0.9491746050529555,0.9417215938582945
C,17,sparse_single,current_range,gt40,52198,27,True,0.9427947430936051,0.9402825802574771
C,17,sparse_context,retained_N,1-2,29596,27,True,0.9407690228409245,0.9397978634396988
C,17,sparse_context,retained_N,3-4,4536,26,True,0.9592151675485009,0.959134926182968
C,17,sparse_context,retained_N,5-8,7975,27,True,0.9424451410658308,0.9423866985622302
C,17,sparse_context,retained_N,9-16,6694,26,True,0.9580221093516582,0.9575294037825192
C,17,sparse_context,retained_N,17-32,47667,27,True,0.9797134285774225,0.9790600510981666
C,17,sparse_context,retained_N,33-64,1126,25,True,0.9857904085257548,0.9764991938555618
C,17,sparse_context,retained_N,65-511,140,16,True,0.9928571428571429,0.8315282791817087
C,17,sparse_context,original_shape,compact,2856,24,True,0.9849439775910365,0.9741604318040799
C,17,sparse_context,original_shape,elongated,44205,27,True,0.9686687026354485,0.9685649165190053
C,17,sparse_context,original_shape,intermediate,21077,27,True,0.9771789154054182,0.9761557802995594
C,17,sparse_context,original_shape,undefined_low_support,29596,27,True,0.9407690228409245,0.9397978634396988
C,17,sparse_context,N_x_original_shape,1-2:elongated,0,0,False,,
C,17,sparse_context,N_x_original_shape,1-2:intermediate,0,0,False,,
C,17,sparse_context,N_x_original_shape,1-2:compact,0,0,False,,
C,17,sparse_context,N_x_original_shape,3-4:elongated,3285,25,True,0.9567732115677321,0.9567414588330256
C,17,sparse_context,N_x_original_shape,3-4:intermediate,1146,26,True,0.9650959860383944,0.9650063513777605
C,17,sparse_context,N_x_original_shape,3-4:compact,105,18,True,0.9714285714285714,0.9611542730299667
C,17,sparse_context,N_x_original_shape,5-8:elongated,5663,26,True,0.9394313967861557,0.9393741615958879
C,17,sparse_context,N_x_original_shape,5-8:intermediate,2084,27,True,0.9481765834932822,0.9465642548026929
C,17,sparse_context,N_x_original_shape,5-8:compact,228,20,True,0.9649122807017544,0.9617031997984379
C,17,sparse_context,N_x_original_shape,9-16:elongated,4896,26,True,0.9624183006535948,0.9621733335908678
C,17,sparse_context,N_x_original_shape,9-16:intermediate,1577,26,True,0.9492707672796449,0.947134644072342
C,17,sparse_context,N_x_original_shape,9-16:compact,221,19,True,0.9230769230769231,0.9229191030138897
C,17,sparse_context,N_x_original_shape,17-32:elongated,29532,27,True,0.9757889746715427,0.9755417682595047
C,17,sparse_context,N_x_original_shape,17-32:intermediate,15880,25,True,0.9850125944584383,0.984133450300845
C,17,sparse_context,N_x_original_shape,17-32:compact,2255,22,True,0.9937915742793791,0.9853207579454827
C,17,sparse_context,N_x_original_shape,33-64:elongated,725,21,True,0.9986206896551724,0.9941375769190339
C,17,sparse_context,N_x_original_shape,33-64:intermediate,355,22,True,0.9605633802816902,0.9586164401811883
C,17,sparse_context,N_x_original_shape,33-64:compact,46,12,False,0.9782608695652174,0.9781680113906027
C,17,sparse_context,N_x_original_shape,65-511:elongated,104,10,False,1.0,
C,17,sparse_context,N_x_original_shape,65-511:intermediate,35,13,False,0.9714285714285714,0.8258706467661692
C,17,sparse_context,N_x_original_shape,65-511:compact,1,1,False,1.0,
C,17,sparse_context,history,none,29596,27,True,0.9407690228409245,0.9397978634396988
C,17,sparse_context,history,one_to_five,20891,27,True,0.9538078598439519,0.9536359752734616
C,17,sparse_context,history,six,47247,27,True,0.9800198954430969,0.9795063754382369
C,17,sparse_context,current_points,1,58612,27,True,0.956885961919061,0.9565114723372153
C,17,sparse_context,current_points,2,39122,27,True,0.9709881907877921,0.9709844028358373
C,17,sparse_context,current_points,ge3,0,0,False,,
C,17,sparse_context,current_range,le20,11734,27,True,0.9738367138230782,0.9712056092924481
C,17,sparse_context,current_range,20to40,33802,26,True,0.9677829714218094,0.9628577081919888
C,17,sparse_context,current_range,gt40,52198,27,True,0.9565883750335262,0.9546227060677894
C,37,clean,retained_N,1-2,0,0,False,,
C,37,clean,retained_N,3-4,1615,27,True,0.9318885448916409,0.9237715919701214
C,37,clean,retained_N,5-8,1566,27,True,0.9438058748403576,0.9362223221872344
C,37,clean,retained_N,9-16,3392,27,True,0.9516509433962265,0.945710945292082
C,37,clean,retained_N,17-32,37944,27,True,0.9821052076744676,0.9820363624064348
C,37,clean,retained_N,33-64,26522,27,True,0.9868788175854007,0.9858064770593118
C,37,clean,retained_N,65-511,9411,23,True,0.9900116884496866,0.9790663248751221
C,37,clean,original_shape,compact,4336,26,True,0.9773985239852399,0.9708429396394616
C,37,clean,original_shape,elongated,45116,27,True,0.9848612465644118,0.9789107191353169
C,37,clean,original_shape,intermediate,30998,27,True,0.9773533776372669,0.9770975768523331
C,37,clean,N_x_original_shape,1-2:elongated,0,0,False,,
C,37,clean,N_x_original_shape,1-2:intermediate,0,0,False,,
C,37,clean,N_x_original_shape,1-2:compact,0,0,False,,
C,37,clean,N_x_original_shape,3-4:elongated,1081,26,True,0.9324699352451434,0.9276874707338283
C,37,clean,N_x_original_shape,3-4:intermediate,484,27,True,0.9318181818181818,0.9112503959059162
C,37,clean,N_x_original_shape,3-4:compact,50,14,False,0.92,0.910873440285205
C,37,clean,N_x_original_shape,5-8:elongated,932,27,True,0.9506437768240343,0.9416443890301469
C,37,clean,N_x_original_shape,5-8:intermediate,568,25,True,0.9401408450704225,0.934981684981685
C,37,clean,N_x_original_shape,5-8:compact,66,17,False,0.8787878787878788,0.8730769230769231
C,37,clean,N_x_original_shape,9-16:elongated,2275,26,True,0.9578021978021978,0.9496588604093675
C,37,clean,N_x_original_shape,9-16:intermediate,996,27,True,0.9427710843373494,0.940135078848719
C,37,clean,N_x_original_shape,9-16:compact,121,18,True,0.9090909090909091,0.9090660654505704
C,37,clean,N_x_original_shape,17-32:elongated,19967,27,True,0.9830219862773576,0.9804665281220724
C,37,clean,N_x_original_shape,17-32:intermediate,15866,27,True,0.9803353082062272,0.9793652889000115
C,37,clean,N_x_original_shape,17-32:compact,2111,22,True,0.9867361440075794,0.975400693847926
C,37,clean,N_x_original_shape,33-64:elongated,14587,26,True,0.9925961472544046,0.9867679172464081
C,37,clean,N_x_original_shape,33-64:intermediate,10253,25,True,0.9806885789525017,0.9801783444595042
C,37,clean,N_x_original_shape,33-64:compact,1682,21,True,0.9750297265160524,0.9689150086596545
C,37,clean,N_x_original_shape,65-511:elongated,6274,20,True,0.9966528530443098,0.9854897546460836
C,37,clean,N_x_original_shape,65-511:intermediate,2831,22,True,0.9759802190038855,0.970644029502973
C,37,clean,N_x_original_shape,65-511:compact,306,14,True,0.9836601307189542,0.9819172448026852
C,37,clean,history,none,1846,27,True,0.9344528710725893,0.9239151057635415
C,37,clean,history,one_to_five,8062,27,True,0.9558422227735053,0.9460129636363732
C,37,clean,history,six,70542,27,True,0.9857389923733378,0.9851093204531784
C,37,clean,current_points,1,0,0,False,,
C,37,clean,current_points,2,0,0,False,,
C,37,clean,current_points,ge3,80450,27,True,0.9815661901802362,0.9805212929012936
C,37,clean,current_range,le20,26404,27,True,0.9842069383426754,0.9836821758739737
C,37,clean,current_range,20to40,36863,27,True,0.9864091365325666,0.9859570674152744
C,37,clean,current_range,gt40,17183,27,True,0.967118663795612,0.9599155995933308
C,37,uniform_half_0,retained_N,1-2,1615,27,True,0.9269349845201238,0.9182277077497666
C,37,uniform_half_0,retained_N,3-4,1566,27,True,0.9361430395913155,0.9276694410316573
C,37,uniform_half_0,retained_N,5-8,3392,27,True,0.9392688679245284,0.9320147888694299
C,37,uniform_half_0,retained_N,9-16,37944,27,True,0.9780202403542062,0.9779286721617215
C,37,uniform_half_0,retained_N,17-32,26522,27,True,0.9816001809818264,0.9801239517946474
C,37,uniform_half_0,retained_N,33-64,8842,23,True,0.991630852748247,0.9831984311126637
C,37,uniform_half_0,retained_N,65-511,569,14,True,0.984182776801406,0.9001306628702928
C,37,uniform_half_0,original_shape,compact,4336,26,True,0.9677121771217713,0.9587622590977913
C,37,uniform_half_0,original_shape,elongated,45116,27,True,0.9826890681798032,0.9759131548122582
C,37,uniform_half_0,original_shape,intermediate,30998,27,True,0.9707077875992,0.9703761051458215
C,37,uniform_half_0,N_x_original_shape,1-2:elongated,1081,26,True,0.9259944495837188,0.9207129235734194
C,37,uniform_half_0,N_x_original_shape,1-2:intermediate,484,27,True,0.9297520661157025,0.908796665779906
C,37,uniform_half_0,N_x_original_shape,1-2:compact,50,14,False,0.92,0.910873440285205
C,37,uniform_half_0,N_x_original_shape,3-4:elongated,932,27,True,0.9420600858369099,0.9314955871223465
C,37,uniform_half_0,N_x_original_shape,3-4:intermediate,568,25,True,0.9313380281690141,0.9258135492751147
C,37,uniform_half_0,N_x_original_shape,3-4:compact,66,17,False,0.8939393939393939,0.888162672476398
C,37,uniform_half_0,N_x_original_shape,5-8:elongated,2275,26,True,0.9441758241758241,0.9335426478283622
C,37,uniform_half_0,N_x_original_shape,5-8:intermediate,996,27,True,0.9357429718875502,0.932986547688633
C,37,uniform_half_0,N_x_original_shape,5-8:compact,121,18,True,0.8760330578512396,0.8758974358974358
C,37,uniform_half_0,N_x_original_shape,9-16:elongated,19967,27,True,0.9798667801873091,0.9768238440359731
C,37,uniform_half_0,N_x_original_shape,9-16:intermediate,15866,27,True,0.9754191352577839,0.9742490837149357
C,37,uniform_half_0,N_x_original_shape,9-16:compact,2111,22,True,0.980104216011369,0.964119560994561
C,37,uniform_half_0,N_x_original_shape,17-32:elongated,14587,26,True,0.9928018098306711,0.987208153308032
C,37,uniform_half_0,N_x_original_shape,17-32:intermediate,10253,25,True,0.9689846874085634,0.9681195566833969
C,37,uniform_half_0,N_x_original_shape,17-32:compact,1682,21,True,0.9613555291319857,0.952417282975937
C,37,uniform_half_0,N_x_original_shape,33-64:elongated,5882,20,True,0.9984699081944917,0.9937690993324775
C,37,uniform_half_0,N_x_original_shape,33-64:intermediate,2658,22,True,0.9781790820165538,0.9739778608250034
C,37,uniform_half_0,N_x_original_shape,33-64:compact,302,14,True,0.9768211920529801,0.9747235009266455
C,37,uniform_half_0,N_x_original_shape,65-511:elongated,392,12,True,0.9897959183673469,0.7474226804123711
C,37,uniform_half_0,N_x_original_shape,65-511:intermediate,173,12,True,0.9710982658959537,0.9277541134218659
C,37,uniform_half_0,N_x_original_shape,65-511:compact,4,3,False,1.0,
C,37,uniform_half_0,history,none,1846,27,True,0.9279523293607801,0.9165253140951038
C,37,uniform_half_0,history,one_to_five,8062,27,True,0.9492681716695609,0.9380635974027703
C,37,uniform_half_0,history,six,70542,27,True,0.9817555498851748,0.980948719223524
C,37,uniform_half_0,current_points,1,0,0,False,,
C,37,uniform_half_0,current_points,2,0,0,False,,
C,37,uniform_half_0,current_points,ge3,80450,27,True,0.9772653822249845,0.9759772836433572
C,37,uniform_half_0,current_range,le20,26404,27,True,0.9796621723981215,0.978979300687737
C,37,uniform_half_0,current_range,20to40,36863,27,True,0.9815261915742072,0.9809093961014568
C,37,uniform_half_0,current_range,gt40,17183,27,True,0.9644415992550777,0.9567558487829512
C,37,uniform_half_1,retained_N,1-2,1615,27,True,0.9263157894736842,0.9175719661049371
C,37,uniform_half_1,retained_N,3-4,1566,27,True,0.9361430395913155,0.9275976091491471
C,37,uniform_half_1,retained_N,5-8,3392,27,True,0.9478183962264151,0.9414203675804025
C,37,uniform_half_1,retained_N,9-16,37944,27,True,0.9779938857263335,0.9779022830596333
C,37,uniform_half_1,retained_N,17-32,26522,27,True,0.981260840057311,0.979747027732182
C,37,uniform_half_1,retained_N,33-64,8842,23,True,0.9898213073965166,0.9795919121007359
C,37,uniform_half_1,retained_N,65-511,569,14,True,0.984182776801406,0.9040310339011638
C,37,uniform_half_1,original_shape,compact,4336,26,True,0.9665590405904059,0.9572542621488844
C,37,uniform_half_1,original_shape,elongated,45116,27,True,0.9835091763454207,0.9770369860136467
C,37,uniform_half_1,original_shape,intermediate,30998,27,True,0.9697399832247242,0.9693994516661075
C,37,uniform_half_1,N_x_original_shape,1-2:elongated,1081,26,True,0.9306197964847364,0.9254760296165565
C,37,uniform_half_1,N_x_original_shape,1-2:intermediate,484,27,True,0.9152892561983471,0.891935457520789
C,37,uniform_half_1,N_x_original_shape,1-2:compact,50,14,False,0.94,0.932157394843962
C,37,uniform_half_1,N_x_original_shape,3-4:elongated,932,27,True,0.9431330472103004,0.932697037203567
C,37,uniform_half_1,N_x_original_shape,3-4:intermediate,568,25,True,0.9313380281690141,0.9256581928014096
C,37,uniform_half_1,N_x_original_shape,3-4:compact,66,17,False,0.8787878787878788,0.8730769230769231
C,37,uniform_half_1,N_x_original_shape,5-8:elongated,2275,26,True,0.9551648351648352,0.9463306393418964
C,37,uniform_half_1,N_x_original_shape,5-8:intermediate,996,27,True,0.9377510040160643,0.9351355439404381
C,37,uniform_half_1,N_x_original_shape,5-8:compact,121,18,True,0.8925619834710744,0.8925326228052197
C,37,uniform_half_1,N_x_original_shape,9-16:elongated,19967,27,True,0.980067110732709,0.9770467763795533
C,37,uniform_half_1,N_x_original_shape,9-16:intermediate,15866,27,True,0.9751039959662171,0.9739211450732352
C,37,uniform_half_1,N_x_original_shape,9-16:compact,2111,22,True,0.980104216011369,0.9636195775272047
C,37,uniform_half_1,N_x_original_shape,17-32:elongated,14587,26,True,0.993281689175293,0.9880590190313806
C,37,uniform_half_1,N_x_original_shape,17-32:intermediate,10253,25,True,0.9682044279723008,0.9673347140310078
C,37,uniform_half_1,N_x_original_shape,17-32:compact,1682,21,True,0.9565992865636147,0.9467628051569658
C,37,uniform_half_1,N_x_original_shape,33-64:elongated,5882,20,True,0.9974498469908194,0.98966486542713
C,37,uniform_half_1,N_x_original_shape,33-64:intermediate,2658,22,True,0.9740406320541761,0.9690537798607097
C,37,uniform_half_1,N_x_original_shape,33-64:compact,302,14,True,0.9801324503311258,0.9782890007189073
C,37,uniform_half_1,N_x_original_shape,65-511:elongated,392,12,True,0.9923469387755102,0.8313978494623655
C,37,uniform_half_1,N_x_original_shape,65-511:intermediate,173,12,True,0.9653179190751445,0.9151960784313725
C,37,uniform_half_1,N_x_original_shape,65-511:compact,4,3,False,1.0,
C,37,uniform_half_1,history,none,1846,27,True,0.9274106175514626,0.9159366979859933
C,37,uniform_half_1,history,one_to_five,8062,27,True,0.9527412552716448,0.942139238826003
C,37,uniform_half_1,history,six,70542,27,True,0.9814011510872955,0.9805775823919725
C,37,uniform_half_1,current_points,1,0,0,False,,
C,37,uniform_half_1,current_points,2,0,0,False,,
C,37,uniform_half_1,current_points,ge3,80450,27,True,0.9772902423865755,0.9759991690549875
C,37,uniform_half_1,current_range,le20,26404,27,True,0.9790183305559763,0.9783141469035956
C,37,uniform_half_1,current_range,20to40,36863,27,True,0.982041613542034,0.9814380922233892
C,37,uniform_half_1,current_range,gt40,17183,27,True,0.9644415992550777,0.9567300094038793
C,37,uniform_half_2,retained_N,1-2,1615,27,True,0.9226006191950464,0.9134159307824969
C,37,uniform_half_2,retained_N,3-4,1566,27,True,0.934227330779055,0.9256097150397069
C,37,uniform_half_2,retained_N,5-8,3392,27,True,0.9439858490566038,0.9371590933467502
C,37,uniform_half_2,retained_N,9-16,37944,27,True,0.9779148218427156,0.9778223602714144
C,37,uniform_half_2,retained_N,17-32,26522,27,True,0.9818641128120051,0.9804155738770673
C,37,uniform_half_2,retained_N,33-64,8842,23,True,0.9923094322551459,0.9845607204819071
C,37,uniform_half_2,retained_N,65-511,569,14,True,0.984182776801406,0.9040310339011638
C,37,uniform_half_2,original_shape,compact,4336,26,True,0.9670202952029521,0.957633147172761
C,37,uniform_half_2,original_shape,elongated,45116,27,True,0.9829993793776044,0.9763325364380283
C,37,uniform_half_2,original_shape,intermediate,30998,27,True,0.9708368281824634,0.9705066068852672
C,37,uniform_half_2,N_x_original_shape,1-2:elongated,1081,26,True,0.9213691026827012,0.9157142844038633
C,37,uniform_half_2,N_x_original_shape,1-2:intermediate,484,27,True,0.9235537190082644,0.9015042763248357
C,37,uniform_half_2,N_x_original_shape,1-2:compact,50,14,False,0.94,0.932157394843962
C,37,uniform_half_2,N_x_original_shape,3-4:elongated,932,27,True,0.9377682403433476,0.9269967317613376
C,37,uniform_half_2,N_x_original_shape,3-4:intermediate,568,25,True,0.9330985915492958,0.9273324714501185
C,37,uniform_half_2,N_x_original_shape,3-4:compact,66,17,False,0.8939393939393939,0.888162672476398
C,37,uniform_half_2,N_x_original_shape,5-8:elongated,2275,26,True,0.9534065934065934,0.9443208412528653
C,37,uniform_half_2,N_x_original_shape,5-8:intermediate,996,27,True,0.9307228915662651,0.9276582620256403
C,37,uniform_half_2,N_x_original_shape,5-8:compact,121,18,True,0.8760330578512396,0.875727490585416
C,37,uniform_half_2,N_x_original_shape,9-16:elongated,19967,27,True,0.980067110732709,0.9770429331832071
C,37,uniform_half_2,N_x_original_shape,9-16:intermediate,15866,27,True,0.9753561073994705,0.9741852347433797
C,37,uniform_half_2,N_x_original_shape,9-16:compact,2111,22,True,0.9767882520132638,0.957703988024192
C,37,uniform_half_2,N_x_original_shape,17-32:elongated,14587,26,True,0.9929389182148488,0.9874437134699208
C,37,uniform_half_2,N_x_original_shape,17-32:intermediate,10253,25,True,0.9690822198380962,0.968210334415892
C,37,uniform_half_2,N_x_original_shape,17-32:compact,1682,21,True,0.9637336504161712,0.955058315735897
C,37,uniform_half_2,N_x_original_shape,33-64:elongated,5882,20,True,0.9976198571914315,0.9903191296762619
C,37,uniform_half_2,N_x_original_shape,33-64:intermediate,2658,22,True,0.9823175319789316,0.9789054850027937
C,37,uniform_half_2,N_x_original_shape,33-64:compact,302,14,True,0.9768211920529801,0.9747235009266455
C,37,uniform_half_2,N_x_original_shape,65-511:elongated,392,12,True,0.9923469387755102,0.8313978494623655
C,37,uniform_half_2,N_x_original_shape,65-511:intermediate,173,12,True,0.9710982658959537,0.9277541134218659
C,37,uniform_half_2,N_x_original_shape,65-511:compact,4,3,False,0.75,
C,37,uniform_half_2,history,none,1846,27,True,0.9219934994582882,0.9098300154136725
C,37,uniform_half_2,history,one_to_five,8062,27,True,0.9497643264698586,0.9386376956139458
C,37,uniform_half_2,history,six,70542,27,True,0.9820674208273086,0.9812748384217613
C,37,uniform_half_2,current_points,1,0,0,False,,
C,37,uniform_half_2,current_points,2,0,0,False,,
C,37,uniform_half_2,current_points,ge3,80450,27,True,0.9774518334369173,0.976175023325903
C,37,uniform_half_2,current_range,le20,26404,27,True,0.9794349341008938,0.9787516103107139
C,37,uniform_half_2,current_range,20to40,36863,27,True,0.9819602311260613,0.9813586783999209
C,37,uniform_half_2,current_range,gt40,17183,27,True,0.9647325845312227,0.9570506858841261
C,37,uniform_quarter_0,retained_N,1-2,3181,27,True,0.9135491983652939,0.904236013520755
C,37,uniform_quarter_0,retained_N,3-4,3392,27,True,0.9295400943396226,0.9215749325512186
C,37,uniform_quarter_0,retained_N,5-8,37944,27,True,0.9739089184060721,0.973810163562614
C,37,uniform_quarter_0,retained_N,9-16,26522,27,True,0.9751149988688635,0.9731658530048124
C,37,uniform_quarter_0,retained_N,17-32,8842,23,True,0.9836009952499435,0.9677488920874442
C,37,uniform_quarter_0,retained_N,33-64,538,14,True,0.983271375464684,0.9137743744991541
C,37,uniform_quarter_0,retained_N,65-511,31,3,False,1.0,
C,37,uniform_quarter_0,original_shape,compact,4336,26,True,0.9566420664206642,0.944002787330834
C,37,uniform_quarter_0,original_shape,elongated,45116,27,True,0.9793421402606614,0.97137848725977
C,37,uniform_quarter_0,original_shape,intermediate,30998,27,True,0.9613523453126008,0.9608607533857496
C,37,uniform_quarter_0,N_x_original_shape,1-2:elongated,2013,27,True,0.9190263288623944,0.9111310993619197
C,37,uniform_quarter_0,N_x_original_shape,1-2:intermediate,1052,27,True,0.9049429657794676,0.892014846932072
C,37,uniform_quarter_0,N_x_original_shape,1-2:compact,116,19,True,0.896551724137931,0.8901515151515151
C,37,uniform_quarter_0,N_x_original_shape,3-4:elongated,2275,26,True,0.9424175824175824,0.931563848443633
C,37,uniform_quarter_0,N_x_original_shape,3-4:intermediate,996,27,True,0.9076305220883534,0.9045118047218887
C,37,uniform_quarter_0,N_x_original_shape,3-4:compact,121,18,True,0.8677685950413223,0.8675424192665572
C,37,uniform_quarter_0,N_x_original_shape,5-8:elongated,19967,27,True,0.9764110782791606,0.9728988919444675
C,37,uniform_quarter_0,N_x_original_shape,5-8:intermediate,15866,27,True,0.9710702130341611,0.9696422946442315
C,37,uniform_quarter_0,N_x_original_shape,5-8:compact,2111,22,True,0.9715774514448129,0.948268932933404
C,37,uniform_quarter_0,N_x_original_shape,9-16:elongated,14587,26,True,0.9897854253787619,0.9818769455255068
C,37,uniform_quarter_0,N_x_original_shape,9-16:intermediate,10253,25,True,0.9591339120257486,0.957936352184328
C,37,uniform_quarter_0,N_x_original_shape,9-16:compact,1682,21,True,0.9453032104637337,0.9313639912000569
C,37,uniform_quarter_0,N_x_original_shape,17-32:elongated,5882,20,True,0.9969398163889833,0.9878445680801086
C,37,uniform_quarter_0,N_x_original_shape,17-32:intermediate,2658,22,True,0.95522949586155,0.9474444768448941
C,37,uniform_quarter_0,N_x_original_shape,17-32:compact,302,14,True,0.9735099337748344,0.971052000958543
C,37,uniform_quarter_0,N_x_original_shape,33-64:elongated,361,12,True,1.0,1.0
C,37,uniform_quarter_0,N_x_original_shape,33-64:intermediate,173,12,True,0.9479768786127167,0.8804973520607875
C,37,uniform_quarter_0,N_x_original_shape,33-64:compact,4,3,False,1.0,
C,37,uniform_quarter_0,N_x_original_shape,65-511:elongated,31,3,False,1.0,
C,37,uniform_quarter_0,N_x_original_shape,65-511:intermediate,0,0,False,,
C,37,uniform_quarter_0,N_x_original_shape,65-511:compact,0,0,False,,
C,37,uniform_quarter_0,history,none,1846,27,True,0.8981581798483207,0.8853968945863301
C,37,uniform_quarter_0,history,one_to_five,8062,27,True,0.9415777722649467,0.9291635764047527
C,37,uniform_quarter_0,history,six,70542,27,True,0.9764820957727312,0.9754782030972785
C,37,uniform_quarter_0,current_points,1,0,0,False,,
C,37,uniform_quarter_0,current_points,2,0,0,False,,
C,37,uniform_quarter_0,current_points,ge3,80450,27,True,0.9711870727159726,0.9696213753992609
C,37,uniform_quarter_0,current_range,le20,26404,27,True,0.972617785184063,0.9717679725104491
C,37,uniform_quarter_0,current_range,20to40,36863,27,True,0.9765076092558934,0.9757477526046954
C,37,uniform_quarter_0,current_range,gt40,17183,27,True,0.9575743467380551,0.9486661637676894
C,37,uniform_quarter_1,retained_N,1-2,3181,27,True,0.9119773656082992,0.9023458571434837
C,37,uniform_quarter_1,retained_N,3-4,3392,27,True,0.9321933962264151,0.9243852521777427
C,37,uniform_quarter_1,retained_N,5-8,37944,27,True,0.9746204933586338,0.9745246799718554
C,37,uniform_quarter_1,retained_N,9-16,26522,27,True,0.9745871352085062,0.9725761609495993
C,37,uniform_quarter_1,retained_N,17-32,8842,23,True,0.9858629269396064,0.9720927775704358
C,37,uniform_quarter_1,retained_N,33-64,538,14,True,0.9795539033457249,0.894613124387855
C,37,uniform_quarter_1,retained_N,65-511,31,3,False,1.0,
C,37,uniform_quarter_1,original_shape,compact,4336,26,True,0.9573339483394834,0.9450669217828871
C,37,uniform_quarter_1,original_shape,elongated,45116,27,True,0.9795416260306765,0.9716337278838831
C,37,uniform_quarter_1,original_shape,intermediate,30998,27,True,0.9620943286663656,0.9616191758176906
C,37,uniform_quarter_1,N_x_original_shape,1-2:elongated,2013,27,True,0.9180327868852459,0.9098640328060239
C,37,uniform_quarter_1,N_x_original_shape,1-2:intermediate,1052,27,True,0.8992395437262357,0.885706086136564
C,37,uniform_quarter_1,N_x_original_shape,1-2:compact,116,19,True,0.9224137931034483,0.9164465786314526
C,37,uniform_quarter_1,N_x_original_shape,3-4:elongated,2275,26,True,0.9424175824175824,0.9315067863496662
C,37,uniform_quarter_1,N_x_original_shape,3-4:intermediate,996,27,True,0.9166666666666666,0.9136888945500636
C,37,uniform_quarter_1,N_x_original_shape,3-4:compact,121,18,True,0.8677685950413223,0.8676872607982504
C,37,uniform_quarter_1,N_x_original_shape,5-8:elongated,19967,27,True,0.9768618220063104,0.9734024101397871
C,37,uniform_quarter_1,N_x_original_shape,5-8:intermediate,15866,27,True,0.9722677423421152,0.970889730664708
C,37,uniform_quarter_1,N_x_original_shape,5-8:compact,2111,22,True,0.9711037423022264,0.9471000564037109
C,37,uniform_quarter_1,N_x_original_shape,9-16:elongated,14587,26,True,0.9906766298759169,0.9834395163929281
C,37,uniform_quarter_1,N_x_original_shape,9-16:intermediate,10253,25,True,0.9565005364283624,0.955248449680134
C,37,uniform_quarter_1,N_x_original_shape,9-16:compact,1682,21,True,0.9453032104637337,0.9319090665878145
C,37,uniform_quarter_1,N_x_original_shape,17-32:elongated,5882,20,True,0.995239714382863,0.9812230937614009
C,37,uniform_quarter_1,N_x_original_shape,17-32:intermediate,2658,22,True,0.9661399548532731,0.9599913031843725
C,37,uniform_quarter_1,N_x_original_shape,17-32:compact,302,14,True,0.9768211920529801,0.9747235009266455
C,37,uniform_quarter_1,N_x_original_shape,33-64:elongated,361,12,True,0.997229916897507,0.9538422196650045
C,37,uniform_quarter_1,N_x_original_shape,33-64:intermediate,173,12,True,0.9421965317919075,0.8698073449729079
C,37,uniform_quarter_1,N_x_original_shape,33-64:compact,4,3,False,1.0,
C,37,uniform_quarter_1,N_x_original_shape,65-511:elongated,31,3,False,1.0,
C,37,uniform_quarter_1,N_x_original_shape,65-511:intermediate,0,0,False,,
C,37,uniform_quarter_1,N_x_original_shape,65-511:compact,0,0,False,,
C,37,uniform_quarter_1,history,none,1846,27,True,0.9062838569880823,0.8942378543820728
C,37,uniform_quarter_1,history,one_to_five,8062,27,True,0.9389729595633838,0.9259586133239194
C,37,uniform_quarter_1,history,six,70542,27,True,0.9770633098012531,0.9760774906951009
C,37,uniform_quarter_1,current_points,1,0,0,False,,
C,37,uniform_quarter_1,current_points,2,0,0,False,,
C,37,uniform_quarter_1,current_points,ge3,80450,27,True,0.971622125543816,0.9700695440730759
C,37,uniform_quarter_1,current_range,le20,26404,27,True,0.9732237539766702,0.9723852479936764
C,37,uniform_quarter_1,current_range,20to40,36863,27,True,0.9765889916718661,0.9758257641866881
C,37,uniform_quarter_1,current_range,gt40,17183,27,True,0.9585054996217192,0.9497515205046159
C,37,uniform_quarter_2,retained_N,1-2,3181,27,True,0.9060044011317195,0.8954660471469373
C,37,uniform_quarter_2,retained_N,3-4,3392,27,True,0.9295400943396226,0.9216076936413877
C,37,uniform_quarter_2,retained_N,5-8,37944,27,True,0.974225173940544,0.9741260971556698
C,37,uniform_quarter_2,retained_N,9-16,26522,27,True,0.9755297488877158,0.9736148231600349
C,37,uniform_quarter_2,retained_N,17-32,8842,23,True,0.9843926713413255,0.9694106887957319
C,37,uniform_quarter_2,retained_N,33-64,538,14,True,0.9795539033457249,0.8981113234509237
C,37,uniform_quarter_2,retained_N,65-511,31,3,False,1.0,
C,37,uniform_quarter_2,original_shape,compact,4336,26,True,0.9550276752767528,0.9418683916392292
C,37,uniform_quarter_2,original_shape,elongated,45116,27,True,0.9791426544906463,0.9710917946712617
C,37,uniform_quarter_2,original_shape,intermediate,30998,27,True,0.961997548228918,0.9615169771877254
C,37,uniform_quarter_2,N_x_original_shape,1-2:elongated,2013,27,True,0.9115747640337805,0.9024715673401663
C,37,uniform_quarter_2,N_x_original_shape,1-2:intermediate,1052,27,True,0.8973384030418251,0.8832009934741578
C,37,uniform_quarter_2,N_x_original_shape,1-2:compact,116,19,True,0.8879310344827587,0.8804597701149426
C,37,uniform_quarter_2,N_x_original_shape,3-4:elongated,2275,26,True,0.945054945054945,0.9348604151753758
C,37,uniform_quarter_2,N_x_original_shape,3-4:intermediate,996,27,True,0.9026104417670683,0.8991303948356165
C,37,uniform_quarter_2,N_x_original_shape,3-4:compact,121,18,True,0.859504132231405,0.8591578226634714
C,37,uniform_quarter_2,N_x_original_shape,5-8:elongated,19967,27,True,0.9764110782791606,0.9728899020608246
C,37,uniform_quarter_2,N_x_original_shape,5-8:intermediate,15866,27,True,0.9723937980587419,0.9710419886638972
C,37,uniform_quarter_2,N_x_original_shape,5-8:compact,2111,22,True,0.9673140691615348,0.9403017556715976
C,37,uniform_quarter_2,N_x_original_shape,9-16:elongated,14587,26,True,0.9899910879550284,0.9822503947964544
C,37,uniform_quarter_2,N_x_original_shape,9-16:intermediate,10253,25,True,0.9590363795962158,0.9578288079109869
C,37,uniform_quarter_2,N_x_original_shape,9-16:compact,1682,21,True,0.950653983353151,0.938285188860867
C,37,uniform_quarter_2,N_x_original_shape,17-32:elongated,5882,20,True,0.9965997959877593,0.9865254426765483
C,37,uniform_quarter_2,N_x_original_shape,17-32:intermediate,2658,22,True,0.9604966139954854,0.9536903293613335
C,37,uniform_quarter_2,N_x_original_shape,17-32:compact,302,14,True,0.956953642384106,0.9534365178200794
C,37,uniform_quarter_2,N_x_original_shape,33-64:elongated,361,12,True,0.997229916897507,0.9608332429206901
C,37,uniform_quarter_2,N_x_original_shape,33-64:intermediate,173,12,True,0.9421965317919075,0.8698073449729079
C,37,uniform_quarter_2,N_x_original_shape,33-64:compact,4,3,False,1.0,
C,37,uniform_quarter_2,N_x_original_shape,65-511:elongated,31,3,False,1.0,
C,37,uniform_quarter_2,N_x_original_shape,65-511:intermediate,0,0,False,,
C,37,uniform_quarter_2,N_x_original_shape,65-511:compact,0,0,False,,
C,37,uniform_quarter_2,history,none,1846,27,True,0.8921993499458288,0.8785427938986066
C,37,uniform_quarter_2,history,one_to_five,8062,27,True,0.9376085338625652,0.92429366192646
C,37,uniform_quarter_2,history,six,70542,27,True,0.9771483655127442,0.9761716302883512
C,37,uniform_quarter_2,current_points,1,0,0,False,,
C,37,uniform_quarter_2,current_points,2,0,0,False,,
C,37,uniform_quarter_2,current_points,ge3,80450,27,True,0.9712367930391548,0.9696705473636309
C,37,uniform_quarter_2,current_range,le20,26404,27,True,0.972617785184063,0.9717756043619388
C,37,uniform_quarter_2,current_range,20to40,36863,27,True,0.9762634620079754,0.975492059656033
C,37,uniform_quarter_2,current_range,gt40,17183,27,True,0.9583309084560321,0.9495133480281451
C,37,central_half,retained_N,1-2,1615,27,True,0.920123839009288,0.9117307235212295
C,37,central_half,retained_N,3-4,1566,27,True,0.9284802043422733,0.9199200807958317
C,37,central_half,retained_N,5-8,3392,27,True,0.9360259433962265,0.9291456877685382
C,37,central_half,retained_N,9-16,37944,27,True,0.9765707358212102,0.9765086293759888
C,37,central_half,retained_N,17-32,26522,27,True,0.9679134303597013,0.965787721557775
C,37,central_half,retained_N,33-64,8842,23,True,0.9616602578602126,0.9298726064803262
C,37,central_half,retained_N,65-511,569,14,True,0.9595782073813708,0.8225756158403492
C,37,central_half,original_shape,compact,4336,26,True,0.9626383763837638,0.9508135973480887
C,37,central_half,original_shape,elongated,45116,27,True,0.9752859296036883,0.9663334440577451
C,37,central_half,original_shape,intermediate,30998,27,True,0.9586102329182528,0.9578888940825706
C,37,central_half,N_x_original_shape,1-2:elongated,1081,26,True,0.9195189639222942,0.914737199972802
C,37,central_half,N_x_original_shape,1-2:intermediate,484,27,True,0.9214876033057852,0.899596025767005
C,37,central_half,N_x_original_shape,1-2:compact,50,14,False,0.92,0.910873440285205
C,37,central_half,N_x_original_shape,3-4:elongated,932,27,True,0.9377682403433476,0.9274143302180686
C,37,central_half,N_x_original_shape,3-4:intermediate,568,25,True,0.9190140845070423,0.913284745177692
C,37,central_half,N_x_original_shape,3-4:compact,66,17,False,0.8787878787878788,0.8730769230769231
C,37,central_half,N_x_original_shape,5-8:elongated,2275,26,True,0.9468131868131868,0.9374047940048675
C,37,central_half,N_x_original_shape,5-8:intermediate,996,27,True,0.9166666666666666,0.9138852574285788
C,37,central_half,N_x_original_shape,5-8:compact,121,18,True,0.8925619834710744,0.8924444444444444
C,37,central_half,N_x_original_shape,9-16:elongated,19967,27,True,0.9765112435518606,0.9732497462202845
C,37,central_half,N_x_original_shape,9-16:intermediate,15866,27,True,0.975923358124291,0.9746363354532173
C,37,central_half,N_x_original_shape,9-16:compact,2111,22,True,0.9819990525817148,0.9660454634727781
C,37,central_half,N_x_original_shape,17-32:elongated,14587,26,True,0.9815589223281004,0.9683764937570036
C,37,central_half,N_x_original_shape,17-32:intermediate,10253,25,True,0.9507461230859261,0.9487448110551275
C,37,central_half,N_x_original_shape,17-32:compact,1682,21,True,0.9542211652794292,0.9416383564433979
C,37,central_half,N_x_original_shape,33-64:elongated,5882,20,True,0.9816388983339001,0.933256425288878
C,37,central_half,N_x_original_shape,33-64:intermediate,2658,22,True,0.9206170052671181,0.9110673525602796
C,37,central_half,N_x_original_shape,33-64:compact,302,14,True,0.9337748344370861,0.9295446061963419
C,37,central_half,N_x_original_shape,65-511:elongated,392,12,True,0.9923469387755102,0.8980494148244473
C,37,central_half,N_x_original_shape,65-511:intermediate,173,12,True,0.8959537572254336,0.7963108320251178
C,37,central_half,N_x_original_shape,65-511:compact,4,3,False,0.5,
C,37,central_half,history,none,1846,27,True,0.9214517876489707,0.9102172302282187
C,37,central_half,history,one_to_five,8062,27,True,0.9392210369635327,0.9272178476065487
C,37,central_half,history,six,70542,27,True,0.9727112925632956,0.9717280939516465
C,37,central_half,current_points,1,0,0,False,,
C,37,central_half,current_points,2,0,0,False,,
C,37,central_half,current_points,ge3,80450,27,True,0.9681789931634556,0.9666766324384355
C,37,central_half,current_range,le20,26404,27,True,0.9668610816542949,0.9660734924176279
C,37,central_half,current_range,20to40,36863,27,True,0.9752326180723219,0.9745493495542268
C,37,central_half,current_range,gt40,17183,27,True,0.9550718733632079,0.9460737305430832
C,37,xy_fraction6,retained_N,1-2,0,0,False,,
C,37,xy_fraction6,retained_N,3-4,1615,27,True,0.9312693498452013,0.9231133465348573
C,37,xy_fraction6,retained_N,5-8,1566,27,True,0.9444444444444444,0.9369155081204348
C,37,xy_fraction6,retained_N,9-16,3392,27,True,0.9516509433962265,0.945710945292082
C,37,xy_fraction6,retained_N,17-32,37944,27,True,0.9821315623023403,0.9820627596582436
C,37,xy_fraction6,retained_N,33-64,26522,27,True,0.9868411130382324,0.9857660101975626
C,37,xy_fraction6,retained_N,65-511,9411,23,True,0.9902242057167144,0.9795249087927498
C,37,xy_fraction6,original_shape,compact,4336,26,True,0.9773985239852399,0.9708429396394616
C,37,xy_fraction6,original_shape,elongated,45116,27,True,0.984883411649969,0.9789450495617045
C,37,xy_fraction6,original_shape,intermediate,30998,27,True,0.9773856377830827,0.977130674276866
C,37,xy_fraction6,N_x_original_shape,1-2:elongated,0,0,False,,
C,37,xy_fraction6,N_x_original_shape,1-2:intermediate,0,0,False,,
C,37,xy_fraction6,N_x_original_shape,1-2:compact,0,0,False,,
C,37,xy_fraction6,N_x_original_shape,3-4:elongated,1081,26,True,0.9306197964847364,0.9257816612274976
C,37,xy_fraction6,N_x_original_shape,3-4:intermediate,484,27,True,0.9338842975206612,0.913715877437326
C,37,xy_fraction6,N_x_original_shape,3-4:compact,50,14,False,0.92,0.910873440285205
C,37,xy_fraction6,N_x_original_shape,5-8:elongated,932,27,True,0.9517167381974249,0.9428559749841607
C,37,xy_fraction6,N_x_original_shape,5-8:intermediate,568,25,True,0.9401408450704225,0.934981684981685
C,37,xy_fraction6,N_x_original_shape,5-8:compact,66,17,False,0.8787878787878788,0.8730769230769231
C,37,xy_fraction6,N_x_original_shape,9-16:elongated,2275,26,True,0.9578021978021978,0.9496588604093675
C,37,xy_fraction6,N_x_original_shape,9-16:intermediate,996,27,True,0.9427710843373494,0.940135078848719
C,37,xy_fraction6,N_x_original_shape,9-16:compact,121,18,True,0.9090909090909091,0.9090660654505704
C,37,xy_fraction6,N_x_original_shape,17-32:elongated,19967,27,True,0.9830219862773576,0.9804681561711962
C,37,xy_fraction6,N_x_original_shape,17-32:intermediate,15866,27,True,0.9803353082062272,0.9793664720560007
C,37,xy_fraction6,N_x_original_shape,17-32:compact,2111,22,True,0.9872098531501659,0.9763074900953861
C,37,xy_fraction6,N_x_original_shape,33-64:elongated,14587,26,True,0.9925961472544046,0.9867679172464081
C,37,xy_fraction6,N_x_original_shape,33-64:intermediate,10253,25,True,0.9806885789525017,0.9801783444595042
C,37,xy_fraction6,N_x_original_shape,33-64:compact,1682,21,True,0.974435196195006,0.9681539684252009
C,37,xy_fraction6,N_x_original_shape,65-511:elongated,6274,20,True,0.9969716289448518,0.9869034258671787
C,37,xy_fraction6,N_x_original_shape,65-511:intermediate,2831,22,True,0.9759802190038855,0.970644029502973
C,37,xy_fraction6,N_x_original_shape,65-511:compact,306,14,True,0.9836601307189542,0.9819172448026852
C,37,xy_fraction6,history,none,1846,27,True,0.9344528710725893,0.9239151057635415
C,37,xy_fraction6,history,one_to_five,8062,27,True,0.9558422227735053,0.9459989824732523
C,37,xy_fraction6,history,six,70542,27,True,0.9857673442771682,0.9851392860045642
C,37,xy_fraction6,current_points,1,0,0,False,,
C,37,xy_fraction6,current_points,2,0,0,False,,
C,37,xy_fraction6,current_points,ge3,80450,27,True,0.9815910503418273,0.9805477989204883
C,37,xy_fraction6,current_range,le20,26404,27,True,0.9842448113922133,0.9837219925056633
C,37,xy_fraction6,current_range,20to40,36863,27,True,0.9864362640045574,0.9859849562429827
C,37,xy_fraction6,current_range,gt40,17183,27,True,0.967118663795612,0.9599155995933308
C,37,xy_fraction4,retained_N,1-2,0,0,False,,
C,37,xy_fraction4,retained_N,3-4,1615,27,True,0.9325077399380804,0.924430367628972
C,37,xy_fraction4,retained_N,5-8,1566,27,True,0.9444444444444444,0.9368521168181609
C,37,xy_fraction4,retained_N,9-16,3392,27,True,0.9516509433962265,0.945710945292082
C,37,xy_fraction4,retained_N,17-32,37944,27,True,0.9822106261859582,0.982142069444879
C,37,xy_fraction4,retained_N,33-64,26522,27,True,0.9869542266797375,0.9858874160963955
C,37,xy_fraction4,retained_N,65-511,9411,23,True,0.9903304643502284,0.9797409450894855
C,37,xy_fraction4,original_shape,compact,4336,26,True,0.9773985239852399,0.9708429396394616
C,37,xy_fraction4,original_shape,elongated,45116,27,True,0.9849720719921979,0.9790644194862679
C,37,xy_fraction4,original_shape,intermediate,30998,27,True,0.9775469385121621,0.9772942626435084
C,37,xy_fraction4,N_x_original_shape,1-2:elongated,0,0,False,,
C,37,xy_fraction4,N_x_original_shape,1-2:intermediate,0,0,False,,
C,37,xy_fraction4,N_x_original_shape,1-2:compact,0,0,False,,
C,37,xy_fraction4,N_x_original_shape,3-4:elongated,1081,26,True,0.9324699352451434,0.9276874707338283
C,37,xy_fraction4,N_x_original_shape,3-4:intermediate,484,27,True,0.9338842975206612,0.913715877437326
C,37,xy_fraction4,N_x_original_shape,3-4:compact,50,14,False,0.92,0.910873440285205
C,37,xy_fraction4,N_x_original_shape,5-8:elongated,932,27,True,0.9527896995708155,0.9440698308783415
C,37,xy_fraction4,N_x_original_shape,5-8:intermediate,568,25,True,0.9383802816901409,0.9329969700340071
C,37,xy_fraction4,N_x_original_shape,5-8:compact,66,17,False,0.8787878787878788,0.8730769230769231
C,37,xy_fraction4,N_x_original_shape,9-16:elongated,2275,26,True,0.9578021978021978,0.9496588604093675
C,37,xy_fraction4,N_x_original_shape,9-16:intermediate,996,27,True,0.9427710843373494,0.940135078848719
C,37,xy_fraction4,N_x_original_shape,9-16:compact,121,18,True,0.9090909090909091,0.9090660654505704
C,37,xy_fraction4,N_x_original_shape,17-32:elongated,19967,27,True,0.9830720689137076,0.9805249606964019
C,37,xy_fraction4,N_x_original_shape,17-32:intermediate,15866,27,True,0.9804613639228539,0.9794987382607699
C,37,xy_fraction4,N_x_original_shape,17-32:compact,2111,22,True,0.9872098531501659,0.9763074900953861
C,37,xy_fraction4,N_x_original_shape,33-64:elongated,14587,26,True,0.9925961472544046,0.9867636116527565
C,37,xy_fraction4,N_x_original_shape,33-64:intermediate,10253,25,True,0.9809811762411002,0.9804792994517848
C,37,xy_fraction4,N_x_original_shape,33-64:compact,1682,21,True,0.974435196195006,0.9681539684252009
C,37,xy_fraction4,N_x_original_shape,65-511:elongated,6274,20,True,0.9969716289448518,0.9869034258671787
C,37,xy_fraction4,N_x_original_shape,65-511:intermediate,2831,22,True,0.9763334510773578,0.9710650791260869
C,37,xy_fraction4,N_x_original_shape,65-511:compact,306,14,True,0.9836601307189542,0.9819172448026852
C,37,xy_fraction4,history,none,1846,27,True,0.9355362946912242,0.925102497617623
C,37,xy_fraction4,history,one_to_five,8062,27,True,0.9559662614735798,0.9461157488788039
C,37,xy_fraction4,history,six,70542,27,True,0.9858523999886593,0.9852279152406969
C,37,xy_fraction4,current_points,1,0,0,False,,
C,37,xy_fraction4,current_points,2,0,0,False,,
C,37,xy_fraction4,current_points,ge3,80450,27,True,0.9817029210689869,0.9806649505811084
C,37,xy_fraction4,current_range,le20,26404,27,True,0.984509922738979,0.9839934289444509
C,37,xy_fraction4,current_range,20to40,36863,27,True,0.9864633914765483,0.9860134083458791
C,37,xy_fraction4,current_range,gt40,17183,27,True,0.967176860850841,0.9599841383583865
C,37,kept_single,retained_N,1-2,0,0,False,,
C,37,kept_single,retained_N,3-4,40406,27,True,0.9670345988219571,0.9668050586293602
C,37,kept_single,retained_N,5-8,26553,27,True,0.9706624486875306,0.9691202449933178
C,37,kept_single,retained_N,9-16,12049,26,True,0.9679641464021911,0.9483505955771745
C,37,kept_single,retained_N,17-32,1357,21,True,0.9624170965364776,0.8666400744581837
C,37,kept_single,retained_N,33-64,85,8,False,1.0,
C,37,kept_single,retained_N,65-511,0,0,False,,
C,37,kept_single,original_shape,compact,4336,26,True,0.9488007380073801,0.9335736644234538
C,37,kept_single,original_shape,elongated,45116,27,True,0.9773029523893962,0.9688084947263904
C,37,kept_single,original_shape,intermediate,30998,27,True,0.9579972901477515,0.9574504873134937
C,37,kept_single,N_x_original_shape,1-2:elongated,0,0,False,,
C,37,kept_single,N_x_original_shape,1-2:intermediate,0,0,False,,
C,37,kept_single,N_x_original_shape,1-2:compact,0,0,False,,
C,37,kept_single,N_x_original_shape,3-4:elongated,21829,27,True,0.9719639012323057,0.9683844480470263
C,37,kept_single,N_x_original_shape,3-4:intermediate,16401,27,True,0.9621364550942015,0.9610672188390145
C,37,kept_single,N_x_original_shape,3-4:compact,2176,24,True,0.9545036764705882,0.9311675576503338
C,37,kept_single,N_x_original_shape,5-8:elongated,14358,27,True,0.9811951525282073,0.970689307322975
C,37,kept_single,N_x_original_shape,5-8:intermediate,10581,27,True,0.9603062092429827,0.9590419245121367
C,37,kept_single,N_x_original_shape,5-8:compact,1614,24,True,0.9448574969021065,0.9267182161701919
C,37,kept_single,N_x_original_shape,9-16:elongated,8030,25,True,0.9846824408468244,0.9470734969929329
C,37,kept_single,N_x_original_shape,9-16:intermediate,3517,26,True,0.9337503554165482,0.9310013863529487
C,37,kept_single,N_x_original_shape,9-16:compact,502,19,True,0.9402390438247012,0.9397330003841722
C,37,kept_single,N_x_original_shape,17-32:elongated,816,17,True,0.9767156862745098,0.8477836139610231
C,37,kept_single,N_x_original_shape,17-32:intermediate,497,19,True,0.9436619718309859,0.8821955844507653
C,37,kept_single,N_x_original_shape,17-32:compact,44,9,False,0.9090909090909091,
C,37,kept_single,N_x_original_shape,33-64:elongated,83,8,False,1.0,
C,37,kept_single,N_x_original_shape,33-64:intermediate,2,1,False,1.0,
C,37,kept_single,N_x_original_shape,33-64:compact,0,0,False,,
C,37,kept_single,N_x_original_shape,65-511:elongated,0,0,False,,
C,37,kept_single,N_x_original_shape,65-511:intermediate,0,0,False,,
C,37,kept_single,N_x_original_shape,65-511:compact,0,0,False,,
C,37,kept_single,history,none,1846,27,True,0.9344528710725893,0.9239151057635415
C,37,kept_single,history,one_to_five,8062,27,True,0.9464152815678492,0.9352643919360192
C,37,kept_single,history,six,70542,27,True,0.9717189759292336,0.9705729565537035
C,37,kept_single,current_points,1,0,0,False,,
C,37,kept_single,current_points,2,0,0,False,,
C,37,kept_single,current_points,ge3,80450,27,True,0.9683281541330019,0.9666680671546557
C,37,kept_single,current_range,le20,26404,27,True,0.9635282532949553,0.962542669571306
C,37,kept_single,current_range,20to40,36863,27,True,0.9762905894799664,0.975532904171599
C,37,kept_single,current_range,gt40,17183,27,True,0.9586218937321771,0.9498570409427367
C,37,sparse_single,retained_N,1-2,97734,27,True,0.9451981910082469,0.9450700755153232
C,37,sparse_single,retained_N,3-4,0,0,False,,
C,37,sparse_single,retained_N,5-8,0,0,False,,
C,37,sparse_single,retained_N,9-16,0,0,False,,
C,37,sparse_single,retained_N,17-32,0,0,False,,
C,37,sparse_single,retained_N,33-64,0,0,False,,
C,37,sparse_single,retained_N,65-511,0,0,False,,
C,37,sparse_single,original_shape,undefined_low_support,97734,27,True,0.9451981910082469,0.9450700755153232
C,37,sparse_single,N_x_original_shape,1-2:elongated,0,0,False,,
C,37,sparse_single,N_x_original_shape,1-2:intermediate,0,0,False,,
C,37,sparse_single,N_x_original_shape,1-2:compact,0,0,False,,
C,37,sparse_single,N_x_original_shape,3-4:elongated,0,0,False,,
C,37,sparse_single,N_x_original_shape,3-4:intermediate,0,0,False,,
C,37,sparse_single,N_x_original_shape,3-4:compact,0,0,False,,
C,37,sparse_single,N_x_original_shape,5-8:elongated,0,0,False,,
C,37,sparse_single,N_x_original_shape,5-8:intermediate,0,0,False,,
C,37,sparse_single,N_x_original_shape,5-8:compact,0,0,False,,
C,37,sparse_single,N_x_original_shape,9-16:elongated,0,0,False,,
C,37,sparse_single,N_x_original_shape,9-16:intermediate,0,0,False,,
C,37,sparse_single,N_x_original_shape,9-16:compact,0,0,False,,
C,37,sparse_single,N_x_original_shape,17-32:elongated,0,0,False,,
C,37,sparse_single,N_x_original_shape,17-32:intermediate,0,0,False,,
C,37,sparse_single,N_x_original_shape,17-32:compact,0,0,False,,
C,37,sparse_single,N_x_original_shape,33-64:elongated,0,0,False,,
C,37,sparse_single,N_x_original_shape,33-64:intermediate,0,0,False,,
C,37,sparse_single,N_x_original_shape,33-64:compact,0,0,False,,
C,37,sparse_single,N_x_original_shape,65-511:elongated,0,0,False,,
C,37,sparse_single,N_x_original_shape,65-511:intermediate,0,0,False,,
C,37,sparse_single,N_x_original_shape,65-511:compact,0,0,False,,
C,37,sparse_single,history,none,97734,27,True,0.9451981910082469,0.9450700755153232
C,37,sparse_single,history,one_to_five,0,0,False,,
C,37,sparse_single,history,six,0,0,False,,
C,37,sparse_single,current_points,1,58612,27,True,0.9381696580904935,0.9376867026595612
C,37,sparse_single,current_points,2,39122,27,True,0.9557282347528245,0.9557226340177176
C,37,sparse_single,current_points,ge3,0,0,False,,
C,37,sparse_single,current_range,le20,11734,27,True,0.9406851883415716,0.9349793613556492
C,37,sparse_single,current_range,20to40,33802,26,True,0.9465120407076504,0.9388369635388414
C,37,sparse_single,current_range,gt40,52198,27,True,0.9453618912602015,0.9429512194846784
C,37,sparse_context,retained_N,1-2,29596,27,True,0.9419178267333423,0.9408736771342068
C,37,sparse_context,retained_N,3-4,4536,26,True,0.9614197530864198,0.9612974397071594
C,37,sparse_context,retained_N,5-8,7975,27,True,0.949717868338558,0.9495923227530134
C,37,sparse_context,retained_N,9-16,6694,26,True,0.9572751717956379,0.9567202241696362
C,37,sparse_context,retained_N,17-32,47667,27,True,0.9797134285774225,0.9789922169754937
C,37,sparse_context,retained_N,33-64,1126,25,True,0.9937833037300178,0.9899573294803727
C,37,sparse_context,retained_N,65-511,140,16,True,1.0,1.0
C,37,sparse_context,original_shape,compact,2856,24,True,0.9831932773109243,0.9709979114975951
C,37,sparse_context,original_shape,elongated,44205,27,True,0.9707951589186744,0.9706576630155279
C,37,sparse_context,original_shape,intermediate,21077,27,True,0.9764197940883428,0.9752767367820467
C,37,sparse_context,original_shape,undefined_low_support,29596,27,True,0.9419178267333423,0.9408736771342068
C,37,sparse_context,N_x_original_shape,1-2:elongated,0,0,False,,
C,37,sparse_context,N_x_original_shape,1-2:intermediate,0,0,False,,
C,37,sparse_context,N_x_original_shape,1-2:compact,0,0,False,,
C,37,sparse_context,N_x_original_shape,3-4:elongated,3285,25,True,0.9616438356164384,0.9615770071374624
C,37,sparse_context,N_x_original_shape,3-4:intermediate,1146,26,True,0.9616055846422339,0.9614928765181692
C,37,sparse_context,N_x_original_shape,3-4:compact,105,18,True,0.9523809523809523,0.9334516415261758
C,37,sparse_context,N_x_original_shape,5-8:elongated,5663,26,True,0.9489669786332333,0.9489623379153416
C,37,sparse_context,N_x_original_shape,5-8:intermediate,2084,27,True,0.9510556621880998,0.9493168910316019
C,37,sparse_context,N_x_original_shape,5-8:compact,228,20,True,0.956140350877193,0.9521289997480473
C,37,sparse_context,N_x_original_shape,9-16:elongated,4896,26,True,0.9599673202614379,0.9596733783009412
C,37,sparse_context,N_x_original_shape,9-16:intermediate,1577,26,True,0.953709575142676,0.951616516310161
C,37,sparse_context,N_x_original_shape,9-16:compact,221,19,True,0.9230769230769231,0.9228494568453909
C,37,sparse_context,N_x_original_shape,17-32:elongated,29532,27,True,0.9769741297575512,0.9766897298170194
C,37,sparse_context,N_x_original_shape,17-32:intermediate,15880,25,True,0.982808564231738,0.9817320030950636
C,37,sparse_context,N_x_original_shape,17-32:compact,2255,22,True,0.9937915742793791,0.9852738128556768
C,37,sparse_context,N_x_original_shape,33-64:elongated,725,21,True,1.0,1.0
C,37,sparse_context,N_x_original_shape,33-64:intermediate,355,22,True,0.9859154929577465,0.985411238688573
C,37,sparse_context,N_x_original_shape,33-64:compact,46,12,False,0.9565217391304348,0.9561904761904761
C,37,sparse_context,N_x_original_shape,65-511:elongated,104,10,False,1.0,
C,37,sparse_context,N_x_original_shape,65-511:intermediate,35,13,False,1.0,1.0
C,37,sparse_context,N_x_original_shape,65-511:compact,1,1,False,1.0,
C,37,sparse_context,history,none,29596,27,True,0.9419178267333423,0.9408736771342068
C,37,sparse_context,history,one_to_five,20891,27,True,0.9571107175338662,0.9568785189749724
C,37,sparse_context,history,six,47247,27,True,0.9801045569030838,0.9795357443555754
C,37,sparse_context,current_points,1,58612,27,True,0.959257489933802,0.9588829537765109
C,37,sparse_context,current_points,2,39122,27,True,0.9701702366954654,0.9701699698970059
C,37,sparse_context,current_points,ge3,0,0,False,,
C,37,sparse_context,current_range,le20,11734,27,True,0.9734958241009034,0.9708205020948371
C,37,sparse_context,current_range,20to40,33802,26,True,0.9670433702147802,0.9618399000996053
C,37,sparse_context,current_range,gt40,52198,27,True,0.9591938388444001,0.9574531422463618
